call_id,ticker,as_of,split
20150225_LMAT,LMAT,2015-02-25,train
20150226_ACIW,ACIW,2015-02-26,val
20150226_ADSK,ADSK,2015-02-26,train
20150226_AMWD,AMWD,2015-02-26,train
20150226_ANSS,ANSS,2015-02-26,train
20150226_CRI,CRI,2015-02-26,train
20150226_ECPG,ECPG,2015-02-26,train
20150226_IRDM,IRDM,2015-02-26,train
20150226_LYV,LYV,2015-02-26,test
20150226_ORN,ORN,2015-02-26,train
20150227_NWN,NWN,2015-02-27,train
20150302_TG,TG,2015-03-02,train
20150303_AZO,AZO,2015-03-03,train
20150303_NX,NX,2015-03-03,test
20150304_ANF,ANF,2015-03-04,train
20150310_KOPN,KOPN,2015-03-10,train
20150312_PLCE,PLCE,2015-03-12,train
20150312_ULTA,ULTA,2015-03-12,train
20150313_BKE,BKE,2015-03-13,train
20150313_RGEN,RGEN,2015-03-13,train
20150317_FDS,FDS,2015-03-17,train
20150324_GIII,GIII,2015-03-24,train
20150325_PAYX,PAYX,2015-03-25,train
20150325_REX,REX,2015-03-25,train
20150326_SCHL,SCHL,2015-03-26,train
20150327_CCL,CCL,2015-03-27,train
20150331_MOV,MOV,2015-03-31,val
20150401_MU,MU,2015-04-01,train
20150402_PERY,PERY,2015-04-02,test
20150414_WFC,WFC,2015-04-14,test
20150415_WSO,WSO,2015-04-15,train
20150420_CBU,CBU,2015-04-20,test
20150420_LII,LII,2015-04-20,train
20150420_LRCX,LRCX,2015-04-20,test
20150420_RMBS,RMBS,2015-04-20,val
20150420_SANM,SANM,2015-04-20,test
20150421_ABG,ABG,2015-04-21,train
20150421_AMGN,AMGN,2015-04-21,train
20150421_BMI,BMI,2015-04-21,test
20150421_CMG,CMG,2015-04-21,val
20150421_IBKR,IBKR,2015-04-21,train
20150421_KMB,KMB,2015-04-21,train
20150421_MAN,MAN,2015-04-21,train
20150421_NTRS,NTRS,2015-04-21,test
20150421_OMC,OMC,2015-04-21,train
20150421_RF,RF,2015-04-21,train
20150421_STBA,STBA,2015-04-21,train
20150421_SYK,SYK,2015-04-21,train
20150422_AN,AN,2015-04-22,train
20150422_AZZ,AZZ,2015-04-22,test
20150422_BA,BA,2015-04-22,test
20150422_CATY,CATY,2015-04-22,val
20150422_CLW,CLW,2015-04-22,train
20150422_EXPO,EXPO,2015-04-22,train
20150422_LAD,LAD,2015-04-22,train
20150422_MPWR,MPWR,2015-04-22,train
20150422_R,R,2015-04-22,val
20150422_SEIC,SEIC,2015-04-22,train
20150422_SNBR,SNBR,2015-04-22,val
20150422_TMO,TMO,2015-04-22,train
20150423_AVT,AVT,2015-04-23,train
20150423_BBT,BBT,2015-04-23,train
20150423_CMS,CMS,2015-04-23,train
20150423_COL,COL,2015-04-23,val
20150423_DAN,DAN,2015-04-23,val
20150423_FAF,FAF,2015-04-23,test
20150423_HAFC,HAFC,2015-04-23,train
20150423_HSY,HSY,2015-04-23,train
20150423_HZO,HZO,2015-04-23,test
20150423_LSTR,LSTR,2015-04-23,test
20150423_MSFT,MSFT,2015-04-23,train
20150423_MTH,MTH,2015-04-23,test
20150423_NTGR,NTGR,2015-04-23,train
20150423_NUE,NUE,2015-04-23,train
20150423_PII,PII,2015-04-23,test
20150423_POOL,POOL,2015-04-23,val
20150423_PTEN,PTEN,2015-04-23,train
20150423_RMD,RMD,2015-04-23,val
20150423_SFNC,SFNC,2015-04-23,train
20150423_TBI,TBI,2015-04-23,train
20150423_UAL,UAL,2015-04-23,test
20150423_UFI,UFI,2015-04-23,train
20150424_PFS,PFS,2015-04-24,train
20150424_SPG,SPG,2015-04-24,train
20150424_XRX,XRX,2015-04-24,train
20150427_OSIS,OSIS,2015-04-27,train
20150427_ROP,ROP,2015-04-27,val
20150427_WRB,WRB,2015-04-27,val
20150428_AET,AET,2015-04-28,train
20150428_AKAM,AKAM,2015-04-28,train
20150428_CNC,CNC,2015-04-28,train
20150428_CRUS,CRUS,2015-04-28,train
20150428_EPR,EPR,2015-04-28,train
20150428_HELE,HELE,2015-04-28,test
20150428_HLIT,HLIT,2015-04-28,train
20150428_IDXX,IDXX,2015-04-28,train
20150428_MAS,MAS,2015-04-28,train
20150428_MRCY,MRCY,2015-04-28,test
20150428_MSTR,MSTR,2015-04-28,test
20150428_NOV,NOV,2015-04-28,val
20150428_WDC,WDC,2015-04-28,test
20150428_WWW,WWW,2015-04-28,train
20150429_ASGN,ASGN,2015-04-29,test
20150429_BEN,BEN,2015-04-29,train
20150429_CFR,CFR,2015-04-29,train
20150429_EQIX,EQIX,2015-04-29,train
20150429_GPRE,GPRE,2015-04-29,train
20150429_NOC,NOC,2015-04-29,val
20150429_PKE,PKE,2015-04-29,test
20150430_APD,APD,2015-04-30,train
20150430_ARW,ARW,2015-04-30,val
20150430_COP,COP,2015-04-30,train
20150430_CYTK,CYTK,2015-04-30,train
20150430_FSS,FSS,2015-04-30,train
20150430_GEO,GEO,2015-04-30,test
20150430_HST,HST,2015-04-30,train
20150430_INCY,INCY,2015-04-30,train
20150430_LYV,LYV,2015-04-30,test
20150430_NI,NI,2015-04-30,train
20150430_ODFL,ODFL,2015-04-30,train
20150430_OIS,OIS,2015-04-30,train
20150430_PBI,PBI,2015-04-30,train
20150430_RGS,RGS,2015-04-30,test
20150430_SKYW,SKYW,2015-04-30,train
20150430_SWKS,SWKS,2015-04-30,val
20150430_TFX,TFX,2015-04-30,val
20150430_WRLD,WRLD,2015-04-30,train
20150430_WU,WU,2015-04-30,train
20150430_XOM,XOM,2015-04-30,train
20150430_XYL,XYL,2015-04-30,train
20150501_CBOE,CBOE,2015-05-01,train
20150501_FE,FE,2015-05-01,train
20150501_LPNT,LPNT,2015-05-01,val
20150501_MCO,MCO,2015-05-01,train
20150501_NSP,NSP,2015-05-01,test
20150501_PEG,PEG,2015-05-01,train
20150501_TDS,TDS,2015-05-01,val
20150501_VFC,VFC,2015-05-01,train
20150504_CEVA,CEVA,2015-05-04,train
20150504_CMCSA,CMCSA,2015-05-04,train
20150504_FN,FN,2015-05-04,train
20150504_L,L,2015-05-04,train
20150505_ACLS,ACLS,2015-05-05,val
20150505_CVLT,CVLT,2015-05-05,train
20150505_DIS,DIS,2015-05-05,test
20150505_ESE,ESE,2015-05-05,train
20150505_HCA,HCA,2015-05-05,val
20150505_ICUI,ICUI,2015-05-05,train
20150505_KLIC,KLIC,2015-05-05,val
20150505_KMT,KMT,2015-05-05,train
20150505_MYGN,MYGN,2015-05-05,test
20150505_NWN,NWN,2015-05-05,train
20150505_SMG,SMG,2015-05-05,train
20150506_ANDE,ANDE,2015-05-06,train
20150506_CLH,CLH,2015-05-06,train
20150506_DDD,DDD,2015-05-06,train
20150506_LAMR,LAMR,2015-05-06,train
20150506_MSI,MSI,2015-05-06,train
20150506_VECO,VECO,2015-05-06,train
20150506_WD,WD,2015-05-06,train
20150507_BKNG,BKNG,2015-05-07,train
20150507_CNK,CNK,2015-05-07,val
20150507_EBS,EBS,2015-05-07,train
20150507_GDOT,GDOT,2015-05-07,train
20150507_ILG,ILG,2015-05-07,train
20150507_MTD,MTD,2015-05-07,train
20150507_NVDA,NVDA,2015-05-07,train
20150507_ROCK,ROCK,2015-05-07,train
20150507_TAP,TAP,2015-05-07,test
20150508_CROX,CROX,2015-05-08,val
20150508_SSP,SSP,2015-05-08,train
20150508_TREX,TREX,2015-05-08,val
20150511_GTY,GTY,2015-05-11,train
20150511_RBC,RBC,2015-05-11,train
20150512_IFF,IFF,2015-05-12,train
20150512_MCK,MCK,2015-05-12,train
20150514_JACK,JACK,2015-05-14,train
20150514_JWN,JWN,2015-05-14,train
20150514_PERY,PERY,2015-05-14,test
20150519_HD,HD,2015-05-19,train
20150519_RRGB,RRGB,2015-05-19,train
20150519_VSAT,VSAT,2015-05-19,train
20150521_HPQ,HPQ,2015-05-21,test
20150521_MNRO,MNRO,2015-05-21,test
20150521_ROST,ROST,2015-05-21,train
20150521_TTC,TTC,2015-05-21,val
20150527_MOV,MOV,2015-05-27,val
20150602_CBRL,CBRL,2015-06-02,train
20150602_CRVL,CRVL,2015-06-02,train
20150602_DAKT,DAKT,2015-06-02,test
20150602_MDT,MDT,2015-06-02,test
20150604_COO,COO,2015-06-04,train
20150608_HRB,HRB,2015-06-08,train
20150608_UNFI,UNFI,2015-06-08,val
20150619_KMX,KMX,2015-06-19,train
20150623_CCL,CCL,2015-06-23,train
20150624_BBBY,BBBY,2015-06-24,train
20150701_AYI,AYI,2015-07-01,test
20150701_GIS,GIS,2015-07-01,test
20150701_STZ,STZ,2015-07-01,test
20150707_MSM,MSM,2015-07-07,train
20150709_HELE,HELE,2015-07-09,test
20150714_AIR,AIR,2015-07-14,train
20150714_FAST,FAST,2015-07-14,train
20150714_WFC,WFC,2015-07-14,test
20150715_PNC,PNC,2015-07-15,train
20150716_AMD,AMD,2015-07-16,train
20150716_ANGO,ANGO,2015-07-16,train
20150716_BBT,BBT,2015-07-16,train
20150716_GS,GS,2015-07-16,train
20150716_IIIN,IIIN,2015-07-16,train
20150716_PM,PM,2015-07-16,train
20150716_SHW,SHW,2015-07-16,train
20150716_UFPI,UFPI,2015-07-16,train
20150716_WBS,WBS,2015-07-16,train
20150717_GWW,GWW,2015-07-17,train
20150720_RMBS,RMBS,2015-07-20,val
20150721_AAPL,AAPL,2015-07-21,train
20150721_ABG,ABG,2015-07-21,train
20150721_ASTE,ASTE,2015-07-21,train
20150721_ATI,ATI,2015-07-21,train
20150721_CATY,CATY,2015-07-21,val
20150721_CMG,CMG,2015-07-21,val
20150721_EXPO,EXPO,2015-07-21,train
20150721_IBKR,IBKR,2015-07-21,train
20150721_MANH,MANH,2015-07-21,train
20150721_MSFT,MSFT,2015-07-21,train
20150721_SNV,SNV,2015-07-21,train
20150721_STBA,STBA,2015-07-21,train
20150721_TRV,TRV,2015-07-21,train
20150721_VZ,VZ,2015-07-21,test
20150721_WSO,WSO,2015-07-21,train
20150722_AXP,AXP,2015-07-22,train
20150722_CAKE,CAKE,2015-07-22,test
20150722_EGHT,EGHT,2015-07-22,train
20150722_FTNT,FTNT,2015-07-22,train
20150722_TSCO,TSCO,2015-07-22,train
20150723_ALK,ALK,2015-07-23,test
20150723_AMZN,AMZN,2015-07-23,train
20150723_AOS,AOS,2015-07-23,test
20150723_CMCSA,CMCSA,2015-07-23,train
20150723_COF,COF,2015-07-23,train
20150723_CSL,CSL,2015-07-23,train
20150723_DGII,DGII,2015-07-23,train
20150723_DGX,DGX,2015-07-23,train
20150723_DHR,DHR,2015-07-23,train
20150723_FIS,FIS,2015-07-23,train
20150723_FNB,FNB,2015-07-23,train
20150723_KMB,KMB,2015-07-23,train
20150723_MMM,MMM,2015-07-23,test
20150723_MSCC,MSCC,2015-07-23,train
20150723_NDAQ,NDAQ,2015-07-23,train
20150723_ORI,ORI,2015-07-23,train
20150723_PHM,PHM,2015-07-23,train
20150723_RSG,RSG,2015-07-23,train
20150723_SCHL,SCHL,2015-07-23,train
20150723_TYL,TYL,2015-07-23,train
20150723_UAL,UAL,2015-07-23,test
20150723_WRLD,WRLD,2015-07-23,train
20150724_B,B,2015-07-24,train
20150724_CPF,CPF,2015-07-24,test
20150724_OFG,OFG,2015-07-24,train
20150724_RGA,RGA,2015-07-24,train
20150724_SPG,SPG,2015-07-24,train
20150724_VFC,VFC,2015-07-24,train
20150727_HAE,HAE,2015-07-27,train
20150727_HLIT,HLIT,2015-07-27,train
20150727_ROP,ROP,2015-07-27,val
20150727_WRB,WRB,2015-07-27,val
20150728_AGCO,AGCO,2015-07-28,train
20150728_AKAM,AKAM,2015-07-28,train
20150728_CNC,CNC,2015-07-28,train
20150728_GILD,GILD,2015-07-28,train
20150728_LMAT,LMAT,2015-07-28,train
20150728_OSPN,OSPN,2015-07-28,train
20150728_PCAR,PCAR,2015-07-28,val
20150728_VICR,VICR,2015-07-28,val
20150729_ALGT,ALGT,2015-07-29,val
20150729_BEN,BEN,2015-07-29,train
20150729_CFR,CFR,2015-07-29,train
20150729_CYTK,CYTK,2015-07-29,train
20150729_FCF,FCF,2015-07-29,train
20150729_NOC,NOC,2015-07-29,val
20150729_SLAB,SLAB,2015-07-29,train
20150730_ACIW,ACIW,2015-07-30,val
20150730_ADP,ADP,2015-07-30,train
20150730_CEVA,CEVA,2015-07-30,train
20150730_CRL,CRL,2015-07-30,train
20150730_CROX,CROX,2015-07-30,val
20150730_CRS,CRS,2015-07-30,train
20150730_FLR,FLR,2015-07-30,train
20150730_HST,HST,2015-07-30,train
20150730_IART,IART,2015-07-30,train
20150730_IDXX,IDXX,2015-07-30,train
20150730_IT,IT,2015-07-30,train
20150730_MD,MD,2015-07-30,test
20150730_MDLZ,MDLZ,2015-07-30,train
20150730_MTD,MTD,2015-07-30,train
20150730_SAM,SAM,2015-07-30,test
20150730_SWK,SWK,2015-07-30,test
20150730_SYNA,SYNA,2015-07-30,train
20150730_WST,WST,2015-07-30,train
20150730_WU,WU,2015-07-30,train
20150730_XRAY,XRAY,2015-07-30,train
20150731_FE,FE,2015-07-31,train
20150731_LPNT,LPNT,2015-07-31,val
20150731_PFS,PFS,2015-07-31,train
20150731_VRTS,VRTS,2015-07-31,train
20150731_WY,WY,2015-07-31,train
20150731_XOM,XOM,2015-07-31,train
20150803_MCY,MCY,2015-08-03,train
20150803_NI,NI,2015-08-03,train
20150803_NSP,NSP,2015-08-03,test
20150803_QNST,QNST,2015-08-03,test
20150803_TXRH,TXRH,2015-08-03,test
20150803_VECO,VECO,2015-08-03,train
20150804_CBT,CBT,2015-08-04,test
20150804_CHD,CHD,2015-08-04,val
20150804_DIS,DIS,2015-08-04,test
20150804_INCY,INCY,2015-08-04,train
20150804_KLIC,KLIC,2015-08-04,val
20150804_MRCY,MRCY,2015-08-04,test
20150804_UFCS,UFCS,2015-08-04,train
20150805_ANSS,ANSS,2015-08-05,train
20150805_CTSH,CTSH,2015-08-05,train
20150805_ITRI,ITRI,2015-08-05,train
20150805_MED,MED,2015-08-05,train
20150805_MSI,MSI,2015-08-05,train
20150805_PLUS,PLUS,2015-08-05,test
20150806_ANDV,ANDV,2015-08-06,train
20150806_CNK,CNK,2015-08-06,val
20150806_DDD,DDD,2015-08-06,train
20150806_RGEN,RGEN,2015-08-06,train
20150806_TAP,TAP,2015-08-06,test
20150807_TTI,TTI,2015-08-07,train
20150810_ESE,ESE,2015-08-10,train
20150810_LYV,LYV,2015-08-10,test
20150810_PRAA,PRAA,2015-08-10,train
20150810_TTWO,TTWO,2015-08-10,test
20150811_ZBRA,ZBRA,2015-08-11,train
20150813_JWN,JWN,2015-08-13,train
20150813_KSS,KSS,2015-08-13,train
20150818_ADI,ADI,2015-08-18,train
20150819_NTAP,NTAP,2015-08-19,train
20150819_TGT,TGT,2015-08-19,train
20150820_HPQ,HPQ,2015-08-20,test
20150820_PERY,PERY,2015-08-20,test
20150826_WSM,WSM,2015-08-26,train
20150827_GME,GME,2015-08-27,test
20150827_MOV,MOV,2015-08-27,val
20150827_ULTA,ULTA,2015-08-27,train
20150828_RGS,RGS,2015-08-28,test
20150901_HRB,HRB,2015-09-01,train
20150901_SCVL,SCVL,2015-09-01,train
20150908_KFY,KFY,2015-09-08,train
20150911_BRC,BRC,2015-09-11,train
20150922_CCL,CCL,2015-09-22,train
20150922_GIS,GIS,2015-09-22,test
20150924_ACN,ACN,2015-09-24,train
20150924_AIR,AIR,2015-09-24,train
20150924_BBBY,BBBY,2015-09-24,train
20150924_SCHL,SCHL,2015-09-24,train
20150929_AZZ,AZZ,2015-09-29,test
20151001_MU,MU,2015-10-01,train
20151001_PRGS,PRGS,2015-10-01,train
20151007_PKE,PKE,2015-10-07,test
20151007_STZ,STZ,2015-10-07,test
20151014_CSX,CSX,2015-10-14,train
20151014_WFC,WFC,2015-10-14,test
20151015_KEY,KEY,2015-10-15,val
20151015_LNN,LNN,2015-10-15,test
20151015_PPG,PPG,2015-10-15,train
20151015_UFPI,UFPI,2015-10-15,train
20151015_USB,USB,2015-10-15,train
20151015_WYNN,WYNN,2015-10-15,test
20151020_DOV,DOV,2015-10-20,test
20151020_FITB,FITB,2015-10-20,train
20151020_IBKR,IBKR,2015-10-20,train
20151020_PNR,PNR,2015-10-20,train
20151020_RLI,RLI,2015-10-20,train
20151020_STBA,STBA,2015-10-20,train
20151020_VZ,VZ,2015-10-20,test
20151020_WWW,WWW,2015-10-20,train
20151021_AXP,AXP,2015-10-21,train
20151021_EXPO,EXPO,2015-10-21,train
20151021_SEIC,SEIC,2015-10-21,train
20151021_SVU,SVU,2015-10-21,train
20151022_ALK,ALK,2015-10-22,test
20151022_AMZN,AMZN,2015-10-22,train
20151022_BEN,BEN,2015-10-22,train
20151022_BJRI,BJRI,2015-10-22,train
20151022_BMS,BMS,2015-10-22,test
20151022_CBU,CBU,2015-10-22,test
20151022_CRS,CRS,2015-10-22,train
20151022_DGX,DGX,2015-10-22,train
20151022_DHR,DHR,2015-10-22,train
20151022_EGHT,EGHT,2015-10-22,train
20151022_FAF,FAF,2015-10-22,test
20151022_HBAN,HBAN,2015-10-22,train
20151022_LLY,LLY,2015-10-22,train
20151022_MHO,MHO,2015-10-22,train
20151022_MMM,MMM,2015-10-22,test
20151022_MSFT,MSFT,2015-10-22,train
20151022_NDAQ,NDAQ,2015-10-22,train
20151022_NTGR,NTGR,2015-10-22,train
20151022_NUE,NUE,2015-10-22,train
20151022_ORI,ORI,2015-10-22,train
20151022_POOL,POOL,2015-10-22,val
20151022_PRLB,PRLB,2015-10-22,train
20151022_R,R,2015-10-22,val
20151022_RMD,RMD,2015-10-22,val
20151022_SFNC,SFNC,2015-10-22,train
20151022_SPSC,SPSC,2015-10-22,val
20151022_SXT,SXT,2015-10-22,train
20151022_SYK,SYK,2015-10-22,train
20151022_SYNA,SYNA,2015-10-22,train
20151022_UNP,UNP,2015-10-22,train
20151022_VRSN,VRSN,2015-10-22,train
20151023_B,B,2015-10-23,train
20151023_OFG,OFG,2015-10-23,train
20151023_RCL,RCL,2015-10-23,train
20151023_SSD,SSD,2015-10-23,train
20151023_STT,STT,2015-10-23,test
20151026_BOH,BOH,2015-10-26,val
20151026_MPWR,MPWR,2015-10-26,train
20151026_MSTR,MSTR,2015-10-26,test
20151026_ROP,ROP,2015-10-26,val
20151026_WRB,WRB,2015-10-26,val
20151027_ABAX,ABAX,2015-10-27,train
20151027_AKAM,AKAM,2015-10-27,train
20151027_CMCSA,CMCSA,2015-10-27,train
20151027_FELE,FELE,2015-10-27,train
20151027_FISV,FISV,2015-10-27,test
20151027_GILD,GILD,2015-10-27,train
20151027_HCA,HCA,2015-10-27,val
20151027_HLIT,HLIT,2015-10-27,train
20151027_MAS,MAS,2015-10-27,train
20151027_SKYW,SKYW,2015-10-27,train
20151027_SPG,SPG,2015-10-27,train
20151027_TPR,TPR,2015-10-27,train
20151027_TREX,TREX,2015-10-27,val
20151027_VICR,VICR,2015-10-27,val
20151028_ADP,ADP,2015-10-28,train
20151028_AIT,AIT,2015-10-28,train
20151028_ASGN,ASGN,2015-10-28,test
20151028_CMC,CMC,2015-10-28,train
20151028_CRUS,CRUS,2015-10-28,train
20151028_DHX,DHX,2015-10-28,train
20151028_GRMN,GRMN,2015-10-28,train
20151028_HSY,HSY,2015-10-28,train
20151028_NSIT,NSIT,2015-10-28,train
20151028_SAH,SAH,2015-10-28,train
20151028_SLAB,SLAB,2015-10-28,train
20151028_VLO,VLO,2015-10-28,train
20151028_VRTX,VRTX,2015-10-28,train
20151028_WDC,WDC,2015-10-28,test
20151028_XRAY,XRAY,2015-10-28,train
20151029_AVY,AVY,2015-10-29,train
20151029_BC,BC,2015-10-29,train
20151029_CENX,CENX,2015-10-29,train
20151029_CMS,CMS,2015-10-29,train
20151029_COLB,COLB,2015-10-29,train
20151029_CRI,CRI,2015-10-29,train
20151029_DIN,DIN,2015-10-29,train
20151029_DLR,DLR,2015-10-29,train
20151029_EHTH,EHTH,2015-10-29,train
20151029_FLR,FLR,2015-10-29,train
20151029_GT,GT,2015-10-29,val
20151029_GTLS,GTLS,2015-10-29,train
20151029_HST,HST,2015-10-29,train
20151029_LKQ,LKQ,2015-10-29,test
20151029_LYV,LYV,2015-10-29,test
20151029_MGM,MGM,2015-10-29,train
20151029_MOH,MOH,2015-10-29,train
20151029_OMCL,OMCL,2015-10-29,test
20151029_PBI,PBI,2015-10-29,train
20151029_PDFS,PDFS,2015-10-29,train
20151029_SCSC,SCSC,2015-10-29,train
20151029_SHW,SHW,2015-10-29,train
20151029_TFX,TFX,2015-10-29,val
20151029_UVE,UVE,2015-10-29,test
20151029_WMB,WMB,2015-10-29,test
20151030_AON,AON,2015-10-30,val
20151030_BCO,BCO,2015-10-30,train
20151030_CL,CL,2015-10-30,train
20151030_COL,COL,2015-10-30,val
20151030_EXC,EXC,2015-10-30,test
20151030_IDCC,IDCC,2015-10-30,test
20151030_IRM,IRM,2015-10-30,train
20151030_LPNT,LPNT,2015-10-30,val
20151030_NWL,NWL,2015-10-30,train
20151030_PFS,PFS,2015-10-30,train
20151030_SBSI,SBSI,2015-10-30,train
20151030_STX,STX,2015-10-30,train
20151030_TDS,TDS,2015-10-30,val
20151030_WY,WY,2015-10-30,train
20151102_CEVA,CEVA,2015-11-02,train
20151102_ETR,ETR,2015-11-02,train
20151102_EVR,EVR,2015-11-02,val
20151103_CRVL,CRVL,2015-11-03,train
20151103_FIS,FIS,2015-11-03,train
20151103_FSS,FSS,2015-11-03,train
20151103_IART,IART,2015-11-03,train
20151103_INCY,INCY,2015-11-03,train
20151103_NI,NI,2015-11-03,train
20151103_NWN,NWN,2015-11-03,train
20151103_OCLR,OCLR,2015-11-03,val
20151103_SRE,SRE,2015-11-03,train
20151103_VMC,VMC,2015-11-03,train
20151103_VSH,VSH,2015-11-03,train
20151104_AGYS,AGYS,2015-11-04,train
20151104_AVA,AVA,2015-11-04,train
20151104_DVN,DVN,2015-11-04,train
20151104_OSUR,OSUR,2015-11-04,val
20151104_PLUS,PLUS,2015-11-04,test
20151104_PZZA,PZZA,2015-11-04,train
20151105_ACIW,ACIW,2015-11-05,val
20151105_AES,AES,2015-11-05,train
20151105_CLDT,CLDT,2015-11-05,val
20151105_CNK,CNK,2015-11-05,val
20151105_CNP,CNP,2015-11-05,train
20151105_CORT,CORT,2015-11-05,val
20151105_DIS,DIS,2015-11-05,test
20151105_EBS,EBS,2015-11-05,train
20151105_HII,HII,2015-11-05,train
20151105_ICUI,ICUI,2015-11-05,train
20151105_IPCC,IPCC,2015-11-05,train
20151105_LAMR,LAMR,2015-11-05,train
20151105_MASI,MASI,2015-11-05,train
20151105_MTD,MTD,2015-11-05,train
20151105_OGE,OGE,2015-11-05,train
20151105_SSTK,SSTK,2015-11-05,train
20151105_TRIP,TRIP,2015-11-05,test
20151105_TTWO,TTWO,2015-11-05,test
20151105_UEIC,UEIC,2015-11-05,train
20151106_LXU,LXU,2015-11-06,train
20151106_MHK,MHK,2015-11-06,train
20151106_TTI,TTI,2015-11-06,train
20151109_AMG,AMG,2015-11-09,train
20151109_APEI,APEI,2015-11-09,train
20151109_ILG,ILG,2015-11-09,train
20151109_LGND,LGND,2015-11-09,val
20151109_QNST,QNST,2015-11-09,test
20151110_ZBRA,ZBRA,2015-11-10,train
20151112_JWN,JWN,2015-11-12,train
20151117_HD,HD,2015-11-17,train
20151118_LOW,LOW,2015-11-18,train
20151119_BKE,BKE,2015-11-19,train
20151119_BRC,BRC,2015-11-19,train
20151119_WSM,WSM,2015-11-19,train
20151120_ANF,ANF,2015-11-20,train
20151123_GME,GME,2015-11-23,test
20151123_TSN,TSN,2015-11-23,test
20151124_CPB,CPB,2015-11-24,train
20151124_DLTR,DLTR,2015-11-24,test
20151124_MOV,MOV,2015-11-24,val
20151125_DCI,DCI,2015-11-25,test
20151125_DE,DE,2015-11-25,train
20151203_MDT,MDT,2015-12-03,test
20151208_ALOG,ALOG,2015-12-08,train
20151208_AZO,AZO,2015-12-08,train
20151208_TOL,TOL,2015-12-08,test
20151209_VRA,VRA,2015-12-09,test
20151210_ADBE,ADBE,2015-12-10,test
20151214_NX,NX,2015-12-14,test
20151216_JBL,JBL,2015-12-16,train
20151216_ORCL,ORCL,2015-12-16,train
20151217_ACN,ACN,2015-12-17,train
20151217_APOG,APOG,2015-12-17,train
20151217_GIS,GIS,2015-12-17,test
20160105_CMC,CMC,2016-01-05,train
20160106_MSM,MSM,2016-01-06,train
20160107_BBBY,BBBY,2016-01-07,train
20160107_FINL,FINL,2016-01-07,train
20160107_PKE,PKE,2016-01-07,test
20160107_SNX,SNX,2016-01-07,train
20160114_INTC,INTC,2016-01-14,train
20160115_PNC,PNC,2016-01-15,train
20160115_RF,RF,2016-01-15,train
20160115_WFC,WFC,2016-01-15,test
20160119_FHN,FHN,2016-01-19,train
20160119_MS,MS,2016-01-19,test
20160119_WWD,WWD,2016-01-19,train
20160120_CATY,CATY,2016-01-20,val
20160120_EAT,EAT,2016-01-20,train
20160120_KMI,KMI,2016-01-20,test
20160120_TEL,TEL,2016-01-20,test
20160121_AXP,AXP,2016-01-21,train
20160121_EGHT,EGHT,2016-01-21,train
20160121_HBAN,HBAN,2016-01-21,train
20160121_IIIN,IIIN,2016-01-21,train
20160121_ISRG,ISRG,2016-01-21,train
20160121_SLM,SLM,2016-01-21,test
20160121_VZ,VZ,2016-01-21,test
20160121_WBS,WBS,2016-01-21,train
20160122_ABCB,ABCB,2016-01-22,train
20160122_COL,COL,2016-01-22,val
20160125_DHI,DHI,2016-01-25,train
20160125_KMB,KMB,2016-01-25,train
20160126_DHR,DHR,2016-01-26,train
20160126_DOV,DOV,2016-01-26,test
20160126_GWW,GWW,2016-01-26,train
20160126_HAFC,HAFC,2016-01-26,train
20160126_MMM,MMM,2016-01-26,test
20160126_MRCY,MRCY,2016-01-26,test
20160126_PG,PG,2016-01-26,test
20160126_PII,PII,2016-01-26,test
20160127_ALGT,ALGT,2016-01-27,val
20160127_CNMD,CNMD,2016-01-27,train
20160127_CRUS,CRUS,2016-01-27,train
20160127_DFS,DFS,2016-01-27,train
20160127_GD,GD,2016-01-27,train
20160127_HOLX,HOLX,2016-01-27,train
20160127_MCK,MCK,2016-01-27,train
20160127_PYPL,PYPL,2016-01-27,train
20160127_SEIC,SEIC,2016-01-27,train
20160127_TXN,TXN,2016-01-27,test
20160127_TXT,TXT,2016-01-27,train
20160127_VLY,VLY,2016-01-27,train
20160128_AN,AN,2016-01-28,train
20160128_AVT,AVT,2016-01-28,train
20160128_CPF,CPF,2016-01-28,test
20160128_DGX,DGX,2016-01-28,train
20160128_EA,EA,2016-01-28,test
20160128_FICO,FICO,2016-01-28,train
20160128_FTNT,FTNT,2016-01-28,train
20160128_HCA,HCA,2016-01-28,val
20160128_HSY,HSY,2016-01-28,train
20160128_IVZ,IVZ,2016-01-28,train
20160128_MTH,MTH,2016-01-28,test
20160128_NDAQ,NDAQ,2016-01-28,train
20160128_NEE,NEE,2016-01-28,train
20160128_NOC,NOC,2016-01-28,val
20160128_SWKS,SWKS,2016-01-28,val
20160128_SYNA,SYNA,2016-01-28,train
20160128_WDC,WDC,2016-01-28,test
20160129_CVX,CVX,2016-01-29,train
20160129_HON,HON,2016-01-29,train
20160129_NWL,NWL,2016-01-29,train
20160129_SBSI,SBSI,2016-01-29,train
20160129_STX,STX,2016-01-29,train
20160201_AET,AET,2016-02-01,train
20160201_MAT,MAT,2016-02-01,train
20160201_ONB,ONB,2016-02-01,test
20160201_ROP,ROP,2016-02-01,val
20160202_ACLS,ACLS,2016-02-02,val
20160202_AGCO,AGCO,2016-02-02,train
20160202_FISV,FISV,2016-02-02,test
20160202_PFE,PFE,2016-02-02,train
20160202_PNR,PNR,2016-02-02,train
20160202_RHI,RHI,2016-02-02,train
20160202_SXI,SXI,2016-02-02,train
20160202_WRB,WRB,2016-02-02,val
20160203_AVY,AVY,2016-02-03,train
20160203_ENR,ENR,2016-02-03,train
20160203_ETN,ETN,2016-02-03,train
20160203_EXPO,EXPO,2016-02-03,train
20160203_JLL,JLL,2016-02-03,train
20160203_KLIC,KLIC,2016-02-03,val
20160203_OSUR,OSUR,2016-02-03,val
20160203_POWL,POWL,2016-02-03,train
20160203_TTWO,TTWO,2016-02-03,test
20160204_ABG,ABG,2016-02-04,train
20160204_CSL,CSL,2016-02-04,train
20160204_HZO,HZO,2016-02-04,test
20160204_LQDT,LQDT,2016-02-04,train
20160204_MD,MD,2016-02-04,test
20160204_MHO,MHO,2016-02-04,train
20160204_MPWR,MPWR,2016-02-04,train
20160204_MTD,MTD,2016-02-04,train
20160204_ODFL,ODFL,2016-02-04,train
20160204_OMCL,OMCL,2016-02-04,test
20160204_PLUS,PLUS,2016-02-04,test
20160204_POWI,POWI,2016-02-04,val
20160204_PTEN,PTEN,2016-02-04,train
20160204_RL,RL,2016-02-04,test
20160204_TDC,TDC,2016-02-04,train
20160204_XYL,XYL,2016-02-04,train
20160205_CME,CME,2016-02-05,train
20160205_TSN,TSN,2016-02-05,test
20160205_WY,WY,2016-02-05,train
20160208_HAS,HAS,2016-02-08,val
20160208_MOH,MOH,2016-02-08,train
20160209_AKAM,AKAM,2016-02-09,train
20160209_BHE,BHE,2016-02-09,test
20160209_CNC,CNC,2016-02-09,train
20160209_CVS,CVS,2016-02-09,train
20160209_DIS,DIS,2016-02-09,test
20160209_ESE,ESE,2016-02-09,train
20160209_MPAA,MPAA,2016-02-09,train
20160209_QNST,QNST,2016-02-09,test
20160209_SCSC,SCSC,2016-02-09,train
20160209_STE,STE,2016-02-09,train
20160209_TDG,TDG,2016-02-09,train
20160210_DTE,DTE,2016-02-10,train
20160210_LGND,LGND,2016-02-10,val
20160210_LPSN,LPSN,2016-02-10,train
20160210_NSIT,NSIT,2016-02-10,train
20160211_AAP,AAP,2016-02-11,train
20160211_BWA,BWA,2016-02-11,train
20160211_FAF,FAF,2016-02-11,test
20160211_FLO,FLO,2016-02-11,train
20160211_LPX,LPX,2016-02-11,train
20160211_NNN,NNN,2016-02-11,test
20160211_NUS,NUS,2016-02-11,train
20160211_PDFS,PDFS,2016-02-11,train
20160211_SON,SON,2016-02-11,val
20160211_TRIP,TRIP,2016-02-11,test
20160211_VRSN,VRSN,2016-02-11,train
20160212_IPG,IPG,2016-02-12,val
20160212_NSP,NSP,2016-02-12,test
20160216_BYD,BYD,2016-02-16,test
20160216_CYTK,CYTK,2016-02-16,train
20160217_EIG,EIG,2016-02-17,train
20160217_GEO,GEO,2016-02-17,test
20160217_HST,HST,2016-02-17,train
20160217_SNPS,SNPS,2016-02-17,train
20160218_DAN,DAN,2016-02-18,val
20160218_IDCC,IDCC,2016-02-18,test
20160218_LH,LH,2016-02-18,train
20160218_NI,NI,2016-02-18,train
20160218_PCG,PCG,2016-02-18,train
20160218_POOL,POOL,2016-02-18,val
20160218_SAM,SAM,2016-02-18,test
20160218_UFCS,UFCS,2016-02-18,train
20160219_DE,DE,2016-02-19,train
20160219_PNW,PNW,2016-02-19,train
20160219_VFC,VFC,2016-02-19,train
20160222_MSI,MSI,2016-02-22,train
20160223_DAKT,DAKT,2016-02-23,test
20160223_DRH,DRH,2016-02-23,test
20160223_FSLR,FSLR,2016-02-23,val
20160223_LAMR,LAMR,2016-02-23,train
20160223_LXP,LXP,2016-02-23,test
20160223_M,M,2016-02-23,test
20160223_SF,SF,2016-02-23,test
20160223_TOL,TOL,2016-02-23,test
20160223_TREX,TREX,2016-02-23,val
20160224_CLDT,CLDT,2016-02-24,val
20160224_CNK,CNK,2016-02-24,val
20160224_CRM,CRM,2016-02-24,train
20160224_DIN,DIN,2016-02-24,train
20160224_SSTK,SSTK,2016-02-24,train
20160224_UVE,UVE,2016-02-24,test
20160225_AMWD,AMWD,2016-02-25,train
20160225_ANSS,ANSS,2016-02-25,train
20160225_AWK,AWK,2016-02-25,train
20160225_BGS,BGS,2016-02-25,train
20160225_CRI,CRI,2016-02-25,train
20160225_DPZ,DPZ,2016-02-25,test
20160225_EBS,EBS,2016-02-25,train
20160225_EME,EME,2016-02-25,train
20160225_FCN,FCN,2016-02-25,test
20160225_GVA,GVA,2016-02-25,train
20160225_ILG,ILG,2016-02-25,train
20160225_KSS,KSS,2016-02-25,train
20160225_LYV,LYV,2016-02-25,test
20160225_NPO,NPO,2016-02-25,train
20160225_PRAA,PRAA,2016-02-25,train
20160225_PWR,PWR,2016-02-25,train
20160225_RGEN,RGEN,2016-02-25,train
20160225_TWI,TWI,2016-02-25,train
20160225_UTHR,UTHR,2016-02-25,train
20160225_ZBRA,ZBRA,2016-02-25,train
20160226_NWN,NWN,2016-02-26,train
20160226_SSP,SSP,2016-02-26,train
20160229_FSS,FSS,2016-02-29,train
20160229_OFIX,OFIX,2016-02-29,train
20160301_NKTR,NKTR,2016-03-01,train
20160301_ROST,ROST,2016-03-01,train
20160302_AEO,AEO,2016-03-02,train
20160302_ALOG,ALOG,2016-03-02,train
20160302_ANF,ANF,2016-03-02,train
20160303_CIEN,CIEN,2016-03-03,train
20160307_UNFI,UNFI,2016-03-07,val
20160308_DKS,DKS,2016-03-08,train
20160309_ABM,ABM,2016-03-09,train
20160310_ULTA,ULTA,2016-03-10,train
20160311_BKE,BKE,2016-03-11,train
20160316_JBL,JBL,2016-03-16,train
20160322_GIII,GIII,2016-03-22,train
20160323_GIS,GIS,2016-03-23,test
20160323_KBH,KBH,2016-03-23,train
20160323_OXM,OXM,2016-03-23,test
20160323_REX,REX,2016-03-23,train
20160324_CMC,CMC,2016-03-24,train
20160328_SNX,SNX,2016-03-28,train
20160405_GBX,GBX,2016-04-05,test
20160406_BBBY,BBBY,2016-04-06,train
20160406_GPN,GPN,2016-04-06,train
20160407_APOG,APOG,2016-04-07,train
20160412_FAST,FAST,2016-04-12,train
20160413_HCSG,HCSG,2016-04-13,test
20160413_JPM,JPM,2016-04-13,train
20160414_CUBI,CUBI,2016-04-14,train
20160418_GWW,GWW,2016-04-18,train
20160418_SFBS,SFBS,2016-04-18,train
20160419_BRO,BRO,2016-04-19,train
20160419_GPC,GPC,2016-04-19,train
20160419_GS,GS,2016-04-19,train
20160419_HAFC,HAFC,2016-04-19,train
20160419_OMC,OMC,2016-04-19,train
20160420_ABT,ABT,2016-04-20,train
20160420_AXP,AXP,2016-04-20,train
20160420_CATY,CATY,2016-04-20,val
20160420_HBAN,HBAN,2016-04-20,train
20160420_ITW,ITW,2016-04-20,test
20160420_KO,KO,2016-04-20,train
20160420_NWE,NWE,2016-04-20,test
20160420_SXT,SXT,2016-04-20,train
20160420_TEL,TEL,2016-04-20,test
20160421_BANC,BANC,2016-04-21,train
20160421_BBT,BBT,2016-04-21,train
20160421_BJRI,BJRI,2016-04-21,train
20160421_COL,COL,2016-04-21,val
20160421_DAN,DAN,2016-04-21,val
20160421_GM,GM,2016-04-21,test
20160421_IIIN,IIIN,2016-04-21,train
20160421_KALU,KALU,2016-04-21,train
20160421_KEY,KEY,2016-04-21,val
20160421_LAD,LAD,2016-04-21,train
20160421_NEM,NEM,2016-04-21,train
20160421_PKG,PKG,2016-04-21,train
20160421_PLXS,PLXS,2016-04-21,train
20160421_RJF,RJF,2016-04-21,test
20160421_RLI,RLI,2016-04-21,train
20160421_SAM,SAM,2016-04-21,test
20160421_SBUX,SBUX,2016-04-21,test
20160421_SLM,SLM,2016-04-21,test
20160421_SON,SON,2016-04-21,val
20160421_TRV,TRV,2016-04-21,train
20160421_UFI,UFI,2016-04-21,train
20160421_UNP,UNP,2016-04-21,train
20160421_VZ,VZ,2016-04-21,test
20160422_ABCB,ABCB,2016-04-22,train
20160422_AN,AN,2016-04-22,train
20160422_FFBC,FFBC,2016-04-22,train
20160422_HNI,HNI,2016-04-22,train
20160422_INDB,INDB,2016-04-22,test
20160422_NBHC,NBHC,2016-04-22,test
20160422_SYF,SYF,2016-04-22,train
20160422_TRST,TRST,2016-04-22,test
20160425_KN,KN,2016-04-25,test
20160425_XRX,XRX,2016-04-25,train
20160426_ADC,ADC,2016-04-26,train
20160426_AKAM,AKAM,2016-04-26,train
20160426_BAX,BAX,2016-04-26,train
20160426_CMG,CMG,2016-04-26,val
20160426_CMP,CMP,2016-04-26,train
20160426_CPLA,CPLA,2016-04-26,test
20160426_CRS,CRS,2016-04-26,train
20160426_CRUS,CRUS,2016-04-26,train
20160426_ESRX,ESRX,2016-04-26,train
20160426_ETR,ETR,2016-04-26,train
20160426_FTNT,FTNT,2016-04-26,train
20160426_HZO,HZO,2016-04-26,test
20160426_MKSI,MKSI,2016-04-26,train
20160426_NBR,NBR,2016-04-26,train
20160426_RHI,RHI,2016-04-26,train
20160426_RMD,RMD,2016-04-26,val
20160426_SVU,SVU,2016-04-26,train
20160426_TPR,TPR,2016-04-26,train
20160427_ALGT,ALGT,2016-04-27,val
20160427_AVY,AVY,2016-04-27,train
20160427_BA,BA,2016-04-27,test
20160427_CINF,CINF,2016-04-27,val
20160427_EVR,EVR,2016-04-27,val
20160427_FCF,FCF,2016-04-27,train
20160427_GPI,GPI,2016-04-27,train
20160427_GRMN,GRMN,2016-04-27,train
20160427_HIW,HIW,2016-04-27,train
20160427_HLT,HLT,2016-04-27,train
20160427_IP,IP,2016-04-27,train
20160427_LDOS,LDOS,2016-04-27,train
20160427_NTGR,NTGR,2016-04-27,train
20160427_O,O,2016-04-27,train
20160427_PSA,PSA,2016-04-27,val
20160427_SXC,SXC,2016-04-27,train
20160427_TEX,TEX,2016-04-27,train
20160427_TKR,TKR,2016-04-27,val
20160427_WEX,WEX,2016-04-27,test
20160428_ABBV,ABBV,2016-04-28,train
20160428_ATNI,ATNI,2016-04-28,val
20160428_ENVA,ENVA,2016-04-28,train
20160428_GEO,GEO,2016-04-28,test
20160428_GILD,GILD,2016-04-28,train
20160428_GTLS,GTLS,2016-04-28,train
20160428_IDCC,IDCC,2016-04-28,test
20160428_INGR,INGR,2016-04-28,train
20160428_INVA,INVA,2016-04-28,test
20160428_KS,KS,2016-04-28,train
20160428_MO,MO,2016-04-28,train
20160428_ORLY,ORLY,2016-04-28,val
20160428_SPOK,SPOK,2016-04-28,train
20160428_TFX,TFX,2016-04-28,val
20160428_TYL,TYL,2016-04-28,train
20160428_ZBH,ZBH,2016-04-28,train
20160429_ACHC,ACHC,2016-04-29,train
20160429_AJG,AJG,2016-04-29,train
20160429_CHE,CHE,2016-04-29,train
20160429_CVX,CVX,2016-04-29,train
20160429_FLS,FLS,2016-04-29,train
20160429_HIG,HIG,2016-04-29,val
20160429_HST,HST,2016-04-29,train
20160429_IDXX,IDXX,2016-04-29,train
20160429_LEG,LEG,2016-04-29,train
20160429_MATW,MATW,2016-04-29,train
20160429_NFG,NFG,2016-04-29,val
20160429_NWL,NWL,2016-04-29,train
20160429_PEG,PEG,2016-04-29,train
20160429_PFG,PFG,2016-04-29,train
20160429_PFS,PFS,2016-04-29,train
20160429_RGA,RGA,2016-04-29,train
20160429_SBSI,SBSI,2016-04-29,train
20160429_STX,STX,2016-04-29,train
20160429_VFC,VFC,2016-04-29,train
20160429_VTR,VTR,2016-04-29,train
20160502_ACLS,ACLS,2016-05-02,val
20160502_FN,FN,2016-05-02,train
20160502_NSP,NSP,2016-05-02,test
20160502_QLYS,QLYS,2016-05-02,train
20160502_TXRH,TXRH,2016-05-02,test
20160503_AEIS,AEIS,2016-05-03,val
20160503_AIN,AIN,2016-05-03,train
20160503_ARE,ARE,2016-05-03,train
20160503_AROC,AROC,2016-05-03,val
20160503_ARW,ARW,2016-05-03,val
20160503_CC,CC,2016-05-03,train
20160503_COTY,COTY,2016-05-03,test
20160503_CVS,CVS,2016-05-03,train
20160503_CYH,CYH,2016-05-03,train
20160503_DUK,DUK,2016-05-03,train
20160503_ESE,ESE,2016-05-03,train
20160503_FMC,FMC,2016-05-03,train
20160503_GMED,GMED,2016-05-03,train
20160503_HCI,HCI,2016-05-03,train
20160503_ILMN,ILMN,2016-05-03,train
20160503_KMT,KMT,2016-05-03,train
20160503_LNTH,LNTH,2016-05-03,val
20160503_LTC,LTC,2016-05-03,train
20160503_LYV,LYV,2016-05-03,test
20160503_MYGN,MYGN,2016-05-03,test
20160503_OGS,OGS,2016-05-03,train
20160503_OLN,OLN,2016-05-03,train
20160503_PFE,PFE,2016-05-03,train
20160503_SMG,SMG,2016-05-03,train
20160503_SXI,SXI,2016-05-03,train
20160503_VLO,VLO,2016-05-03,train
20160503_VMC,VMC,2016-05-03,train
20160504_AVA,AVA,2016-05-04,train
20160504_BKNG,BKNG,2016-05-04,train
20160504_CLH,CLH,2016-05-04,train
20160504_CSGS,CSGS,2016-05-04,val
20160504_CTLT,CTLT,2016-05-04,test
20160504_D,D,2016-05-04,test
20160504_DVN,DVN,2016-05-04,train
20160504_FTK,FTK,2016-05-04,train
20160504_ICE,ICE,2016-05-04,val
20160504_INN,INN,2016-05-04,train
20160504_IOSP,IOSP,2016-05-04,train
20160504_JKHY,JKHY,2016-05-04,test
20160504_LITE,LITE,2016-05-04,val
20160504_LPSN,LPSN,2016-05-04,train
20160504_MASI,MASI,2016-05-04,train
20160504_MATX,MATX,2016-05-04,val
20160504_MDU,MDU,2016-05-04,train
20160504_MTDR,MTDR,2016-05-04,train
20160504_POWL,POWL,2016-05-04,train
20160504_PZZA,PZZA,2016-05-04,train
20160504_REG,REG,2016-05-04,train
20160504_SSTK,SSTK,2016-05-04,train
20160504_STRA,STRA,2016-05-04,val
20160504_SUPN,SUPN,2016-05-04,test
20160504_UFCS,UFCS,2016-05-04,train
20160504_VECO,VECO,2016-05-04,train
20160504_VRSK,VRSK,2016-05-04,test
20160504_XOXO,XOXO,2016-05-04,train
20160504_ZTS,ZTS,2016-05-04,test
20160505_ANDE,ANDE,2016-05-05,train
20160505_ANDV,ANDV,2016-05-05,train
20160505_ANSS,ANSS,2016-05-05,train
20160505_AWR,AWR,2016-05-05,train
20160505_BDX,BDX,2016-05-05,train
20160505_CB,CB,2016-05-05,train
20160505_CLDT,CLDT,2016-05-05,val
20160505_CUZ,CUZ,2016-05-05,train
20160505_DIN,DIN,2016-05-05,train
20160505_EGL,EGL,2016-05-05,train
20160505_ES,ES,2016-05-05,test
20160505_FLR,FLR,2016-05-05,train
20160505_GTY,GTY,2016-05-05,train
20160505_IPCC,IPCC,2016-05-05,train
20160505_LAMR,LAMR,2016-05-05,train
20160505_LFUS,LFUS,2016-05-05,train
20160505_LNC,LNC,2016-05-05,test
20160505_MMS,MMS,2016-05-05,train
20160505_MSI,MSI,2016-05-05,train
20160505_MTRX,MTRX,2016-05-05,val
20160505_NPO,NPO,2016-05-05,train
20160505_NRG,NRG,2016-05-05,train
20160505_OA,OA,2016-05-05,test
20160505_OHI,OHI,2016-05-05,test
20160505_OXY,OXY,2016-05-05,test
20160505_PRI,PRI,2016-05-05,test
20160505_RGEN,RGEN,2016-05-05,train
20160505_RIG,RIG,2016-05-05,train
20160505_SBH,SBH,2016-05-05,val
20160505_SFM,SFM,2016-05-05,train
20160505_SPXC,SPXC,2016-05-05,train
20160505_THG,THG,2016-05-05,train
20160505_TRIP,TRIP,2016-05-05,test
20160505_UEIC,UEIC,2016-05-05,train
20160505_WGL,WGL,2016-05-05,train
20160505_WING,WING,2016-05-05,val
20160505_WMB,WMB,2016-05-05,test
20160505_WYNN,WYNN,2016-05-05,test
20160506_DRH,DRH,2016-05-06,test
20160506_EOG,EOG,2016-05-06,test
20160506_MHK,MHK,2016-05-06,train
20160506_PGR,PGR,2016-05-06,train
20160506_POST,POST,2016-05-06,train
20160506_ROCK,ROCK,2016-05-06,train
20160506_SEM,SEM,2016-05-06,train
20160506_TDS,TDS,2016-05-06,val
20160506_XRAY,XRAY,2016-05-06,train
20160509_AMPH,AMPH,2016-05-09,train
20160509_DEA,DEA,2016-05-09,train
20160509_EGRX,EGRX,2016-05-09,train
20160509_ENTA,ENTA,2016-05-09,train
20160509_FCPT,FCPT,2016-05-09,test
20160509_ILG,ILG,2016-05-09,train
20160509_INCY,INCY,2016-05-09,train
20160509_LPX,LPX,2016-05-09,train
20160509_MXL,MXL,2016-05-09,train
20160509_SEDG,SEDG,2016-05-09,train
20160509_TSN,TSN,2016-05-09,test
20160510_ACM,ACM,2016-05-10,test
20160510_CNK,CNK,2016-05-10,val
20160510_CNP,CNP,2016-05-10,train
20160510_CVG,CVG,2016-05-10,val
20160510_EA,EA,2016-05-10,test
20160510_EZPW,EZPW,2016-05-10,train
20160510_IVR,IVR,2016-05-10,test
20160510_LGIH,LGIH,2016-05-10,train
20160510_NCLH,NCLH,2016-05-10,train
20160510_NSA,NSA,2016-05-10,train
20160510_PAHC,PAHC,2016-05-10,test
20160510_QNST,QNST,2016-05-10,test
20160510_RBC,RBC,2016-05-10,train
20160510_SCSC,SCSC,2016-05-10,train
20160510_TDG,TDG,2016-05-10,train
20160510_TREX,TREX,2016-05-10,val
20160511_AEE,AEE,2016-05-11,val
20160511_ALB,ALB,2016-05-11,val
20160511_BLD,BLD,2016-05-11,train
20160511_IPAR,IPAR,2016-05-11,train
20160511_KELYA,KELYA,2016-05-11,test
20160511_M,M,2016-05-11,test
20160512_CTRE,CTRE,2016-05-12,test
20160516_A,A,2016-05-16,train
20160517_RRGB,RRGB,2016-05-17,train
20160517_TJX,TJX,2016-05-17,val
20160518_ADI,ADI,2016-05-18,train
20160518_AEO,AEO,2016-05-18,train
20160518_LOW,LOW,2016-05-18,train
20160518_PLAB,PLAB,2016-05-18,train
20160518_STE,STE,2016-05-18,train
20160518_TGT,TGT,2016-05-18,train
20160518_TTWO,TTWO,2016-05-18,test
20160519_AAP,AAP,2016-05-19,train
20160519_DKS,DKS,2016-05-19,train
20160519_EGHT,EGHT,2016-05-19,train
20160519_EXP,EXP,2016-05-19,train
20160519_FLO,FLO,2016-05-19,train
20160519_KEYS,KEYS,2016-05-19,train
20160519_MNRO,MNRO,2016-05-19,test
20160519_ROST,ROST,2016-05-19,train
20160519_TTC,TTC,2016-05-19,val
20160519_WMT,WMT,2016-05-19,train
20160524_AZO,AZO,2016-05-24,train
20160524_BBY,BBY,2016-05-24,test
20160524_HPE,HPE,2016-05-24,val
20160524_TOL,TOL,2016-05-24,test
20160525_DY,DY,2016-05-25,train
20160525_HPQ,HPQ,2016-05-25,test
20160526_ANF,ANF,2016-05-26,train
20160526_CAL,CAL,2016-05-26,train
20160526_COST,COST,2016-05-26,train
20160526_CPRT,CPRT,2016-05-26,test
20160526_DECK,DECK,2016-05-26,train
20160526_MOV,MOV,2016-05-26,val
20160526_PVH,PVH,2016-05-26,train
20160526_ULTA,ULTA,2016-05-26,train
20160531_MDT,MDT,2016-05-31,test
20160601_ALOG,ALOG,2016-06-01,train
20160601_DAKT,DAKT,2016-06-01,test
20160601_NX,NX,2016-06-01,test
20160601_OLLI,OLLI,2016-06-01,train
20160601_VRA,VRA,2016-06-01,test
20160602_AMWD,AMWD,2016-06-02,train
20160602_AVGO,AVGO,2016-06-02,train
20160602_CIEN,CIEN,2016-06-02,train
20160602_DCI,DCI,2016-06-02,test
20160602_FIVE,FIVE,2016-06-02,test
20160602_ZUMZ,ZUMZ,2016-06-02,train
20160606_UNFI,UNFI,2016-06-06,val
20160607_CASY,CASY,2016-06-07,train
20160607_HQY,HQY,2016-06-07,train
20160607_OXM,OXM,2016-06-07,test
20160607_PLAY,PLAY,2016-06-07,train
20160721_BBT,BBT,2016-07-21,train
20160721_BHE,BHE,2016-07-21,test
20160721_CBU,CBU,2016-07-21,test
20160721_GM,GM,2016-07-21,test
20160721_HBAN,HBAN,2016-07-21,train
20160721_IPG,IPG,2016-07-21,val
20160721_PLXS,PLXS,2016-07-21,train
20160721_POOL,POOL,2016-07-21,val
20160721_PPG,PPG,2016-07-21,train
20160721_RJF,RJF,2016-07-21,test
20160721_SCHL,SCHL,2016-07-21,train
20160721_UFPI,UFPI,2016-07-21,train
20160721_VMI,VMI,2016-07-21,test
20160722_FFBC,FFBC,2016-07-22,train
20160722_FWRD,FWRD,2016-07-22,test
20160722_HNI,HNI,2016-07-22,train
20160722_INDB,INDB,2016-07-22,test
20160722_OFG,OFG,2016-07-22,train
20160722_SLB,SLB,2016-07-22,test
20160722_TRST,TRST,2016-07-22,test
20160722_VFC,VFC,2016-07-22,train
20160726_AKAM,AKAM,2016-07-26,train
20160726_AVB,AVB,2016-07-26,test
20160726_BJRI,BJRI,2016-07-26,train
20160726_CAT,CAT,2016-07-26,train
20160726_CMP,CMP,2016-07-26,train
20160726_CNC,CNC,2016-07-26,train
20160726_GMED,GMED,2016-07-26,train
20160726_HSTM,HSTM,2016-07-26,train
20160726_HZO,HZO,2016-07-26,test
20160726_ILMN,ILMN,2016-07-26,train
20160726_KN,KN,2016-07-26,test
20160726_MDXG,MDXG,2016-07-26,train
20160726_MMM,MMM,2016-07-26,test
20160726_PCAR,PCAR,2016-07-26,val
20160726_SAH,SAH,2016-07-26,train
20160726_ZION,ZION,2016-07-26,train
20160727_BA,BA,2016-07-27,test
20160727_BANR,BANR,2016-07-27,test
20160727_BXP,BXP,2016-07-27,val
20160727_CINF,CINF,2016-07-27,val
20160727_CMCSA,CMCSA,2016-07-27,train
20160727_CUZ,CUZ,2016-07-27,train
20160727_EVR,EVR,2016-07-27,val
20160727_GRMN,GRMN,2016-07-27,train
20160727_NOC,NOC,2016-07-27,val
20160727_RNR,RNR,2016-07-27,val
20160727_VLY,VLY,2016-07-27,train
20160728_AMT,AMT,2016-07-28,train
20160728_AMZN,AMZN,2016-07-28,train
20160728_ANIK,ANIK,2016-07-28,val
20160728_BCC,BCC,2016-07-28,test
20160728_BCO,BCO,2016-07-28,train
20160728_BGS,BGS,2016-07-28,train
20160728_BWA,BWA,2016-07-28,train
20160728_CL,CL,2016-07-28,train
20160728_CME,CME,2016-07-28,train
20160728_COLB,COLB,2016-07-28,train
20160728_CPF,CPF,2016-07-28,test
20160728_CWT,CWT,2016-07-28,test
20160728_CYTK,CYTK,2016-07-28,train
20160728_DLR,DLR,2016-07-28,train
20160728_EHTH,EHTH,2016-07-28,train
20160728_EIG,EIG,2016-07-28,train
20160728_EXPE,EXPE,2016-07-28,train
20160728_EXR,EXR,2016-07-28,train
20160728_FSS,FSS,2016-07-28,train
20160728_FTNT,FTNT,2016-07-28,train
20160728_GPN,GPN,2016-07-28,train
20160728_HOG,HOG,2016-07-28,train
20160728_IDA,IDA,2016-07-28,train
20160728_INVA,INVA,2016-07-28,test
20160728_ITGR,ITGR,2016-07-28,train
20160728_LKQ,LKQ,2016-07-28,test
20160728_LYV,LYV,2016-07-28,test
20160728_MA,MA,2016-07-28,train
20160728_MAR,MAR,2016-07-28,train
20160728_MD,MD,2016-07-28,test
20160728_MSTR,MSTR,2016-07-28,test
20160728_MTD,MTD,2016-07-28,train
20160728_NEU,NEU,2016-07-28,test
20160728_ODFL,ODFL,2016-07-28,train
20160728_ORI,ORI,2016-07-28,train
20160728_PDFS,PDFS,2016-07-28,train
20160728_PNR,PNR,2016-07-28,train
20160728_POWI,POWI,2016-07-28,val
20160728_PSA,PSA,2016-07-28,val
20160728_PTEN,PTEN,2016-07-28,train
20160728_RMD,RMD,2016-07-28,val
20160728_ROCK,ROCK,2016-07-28,train
20160728_SBAC,SBAC,2016-07-28,train
20160728_SKYW,SKYW,2016-07-28,train
20160728_SPGI,SPGI,2016-07-28,train
20160728_SPOK,SPOK,2016-07-28,train
20160728_TFX,TFX,2016-07-28,val
20160728_THRM,THRM,2016-07-28,val
20160728_TILE,TILE,2016-07-28,test
20160728_UNM,UNM,2016-07-28,train
20160728_UTHR,UTHR,2016-07-28,train
20160728_UVE,UVE,2016-07-28,test
20160728_VRSN,VRSN,2016-07-28,train
20160729_ABBV,ABBV,2016-07-29,train
20160729_ACHC,ACHC,2016-07-29,train
20160729_AJG,AJG,2016-07-29,train
20160729_AMSF,AMSF,2016-07-29,train
20160729_ATR,ATR,2016-07-29,test
20160729_B,B,2016-07-29,train
20160729_CI,CI,2016-07-29,train
20160729_CTS,CTS,2016-07-29,train
20160729_CVX,CVX,2016-07-29,train
20160729_FE,FE,2016-07-29,train
20160729_FLS,FLS,2016-07-29,train
20160729_FR,FR,2016-07-29,test
20160729_HST,HST,2016-07-29,train
20160729_JCI,JCI,2016-07-29,val
20160729_KBR,KBR,2016-07-29,train
20160729_KRG,KRG,2016-07-29,train
20160729_LEG,LEG,2016-07-29,train
20160729_LPNT,LPNT,2016-07-29,val
20160729_LYB,LYB,2016-07-29,train
20160729_MATW,MATW,2016-07-29,train
20160729_PBF,PBF,2016-07-29,train
20160729_PFG,PFG,2016-07-29,train
20160729_PSX,PSX,2016-07-29,test
20160729_SBSI,SBSI,2016-07-29,train
20160729_SSD,SSD,2016-07-29,train
20160729_VRTS,VRTS,2016-07-29,train
20160801_AMG,AMG,2016-08-01,train
20160801_HAE,HAE,2016-08-01,train
20160801_MCY,MCY,2016-08-01,train
20160801_NSP,NSP,2016-08-01,test
20160801_ONB,ONB,2016-08-01,test
20160801_TXRH,TXRH,2016-08-01,test
20160801_VMC,VMC,2016-08-01,train
20160801_XOXO,XOXO,2016-08-01,train
20160802_ACLS,ACLS,2016-08-02,val
20160802_ADM,ADM,2016-08-02,train
20160802_ARE,ARE,2016-08-02,train
20160802_ARW,ARW,2016-08-02,val
20160802_CENTA,CENTA,2016-08-02,test
20160802_CMI,CMI,2016-08-02,test
20160802_CORT,CORT,2016-08-02,val
20160802_CRVL,CRVL,2016-08-02,train
20160802_CVS,CVS,2016-08-02,train
20160802_ESE,ESE,2016-08-02,train
20160802_ETN,ETN,2016-08-02,train
20160802_ETR,ETR,2016-08-02,train
20160802_FISV,FISV,2016-08-02,test
20160802_GEO,GEO,2016-08-02,test
20160802_HCI,HCI,2016-08-02,train
20160802_HVT,HVT,2016-08-02,train
20160802_KMT,KMT,2016-08-02,train
20160802_NI,NI,2016-08-02,train
20160802_NJR,NJR,2016-08-02,train
20160802_NWN,NWN,2016-08-02,train
20160802_OGS,OGS,2016-08-02,train
20160802_PG,PG,2016-08-02,test
20160802_RCL,RCL,2016-08-02,train
20160802_RYAM,RYAM,2016-08-02,test
20160802_SABR,SABR,2016-08-02,train
20160802_SHOO,SHOO,2016-08-02,train
20160802_TEX,TEX,2016-08-02,train
20160802_TREX,TREX,2016-08-02,val
20160802_VSH,VSH,2016-08-02,train
20160802_WMB,WMB,2016-08-02,test
20160803_ARR,ARR,2016-08-03,train
20160803_AVA,AVA,2016-08-03,train
20160803_CLDT,CLDT,2016-08-03,val
20160803_CRL,CRL,2016-08-03,train
20160803_DEI,DEI,2016-08-03,train
20160803_DIN,DIN,2016-08-03,train
20160803_DNOW,DNOW,2016-08-03,train
20160803_FCPT,FCPT,2016-08-03,test
20160803_FMC,FMC,2016-08-03,train
20160803_IOSP,IOSP,2016-08-03,train
20160803_KLIC,KLIC,2016-08-03,val
20160803_LIVN,LIVN,2016-08-03,val
20160803_MASI,MASI,2016-08-03,train
20160803_MDU,MDU,2016-08-03,train
20160803_MED,MED,2016-08-03,train
20160803_NSIT,NSIT,2016-08-03,train
20160803_OHI,OHI,2016-08-03,test
20160803_OXY,OXY,2016-08-03,test
20160803_POWL,POWL,2016-08-03,train
20160803_REG,REG,2016-08-03,train
20160803_SM,SM,2016-08-03,train
20160803_UFCS,UFCS,2016-08-03,train
20160804_AAOI,AAOI,2016-08-04,test
20160804_AGCO,AGCO,2016-08-04,train
20160804_ALB,ALB,2016-08-04,val
20160804_AME,AME,2016-08-04,test
20160804_ANDV,ANDV,2016-08-04,train
20160804_ANSS,ANSS,2016-08-04,train
20160804_ATO,ATO,2016-08-04,train
20160804_AWK,AWK,2016-08-04,train
20160804_BDX,BDX,2016-08-04,train
20160804_BGC,BGC,2016-08-04,train
20160804_BKNG,BKNG,2016-08-04,train
20160804_CABO,CABO,2016-08-04,train
20160804_CCRN,CCRN,2016-08-04,train
20160804_CF,CF,2016-08-04,test
20160804_CHD,CHD,2016-08-04,val
20160804_DUK,DUK,2016-08-04,train
20160804_EBS,EBS,2016-08-04,train
20160804_FLR,FLR,2016-08-04,train
20160804_GDOT,GDOT,2016-08-04,train
20160804_HE,HE,2016-08-04,train
20160804_HR,HR,2016-08-04,train
20160804_HSIC,HSIC,2016-08-04,train
20160804_ILG,ILG,2016-08-04,train
20160804_INGN,INGN,2016-08-04,train
20160804_IPCC,IPCC,2016-08-04,train
20160804_IT,IT,2016-08-04,train
20160804_ITT,ITT,2016-08-04,train
20160804_KOP,KOP,2016-08-04,test
20160804_LNC,LNC,2016-08-04,test
20160804_LNTH,LNTH,2016-08-04,val
20160804_LOCO,LOCO,2016-08-04,train
20160804_LQDT,LQDT,2016-08-04,train
20160804_MDRX,MDRX,2016-08-04,train
20160804_MET,MET,2016-08-04,train
20160804_MNST,MNST,2016-08-04,train
20160804_MSI,MSI,2016-08-04,train
20160804_MUSA,MUSA,2016-08-04,test
20160804_NGVT,NGVT,2016-08-04,train
20160804_OGE,OGE,2016-08-04,train
20160804_ORN,ORN,2016-08-04,train
20160804_PBH,PBH,2016-08-04,test
20160804_PRU,PRU,2016-08-04,train
20160804_PWR,PWR,2016-08-04,train
20160804_RGEN,RGEN,2016-08-04,train
20160804_RIG,RIG,2016-08-04,train
20160804_SBH,SBH,2016-08-04,val
20160804_SSTK,SSTK,2016-08-04,train
20160804_TDY,TDY,2016-08-04,train
20160804_TRIP,TRIP,2016-08-04,test
20160804_TWI,TWI,2016-08-04,train
20160804_UEIC,UEIC,2016-08-04,train
20160804_WING,WING,2016-08-04,val
20160805_EOG,EOG,2016-08-05,test
20160805_GTY,GTY,2016-08-05,train
20160805_KND,KND,2016-08-05,train
20160805_POST,POST,2016-08-05,train
20160805_RMAX,RMAX,2016-08-05,train
20160805_SSP,SSP,2016-08-05,train
20160805_WTS,WTS,2016-08-05,train
20160805_WY,WY,2016-08-05,train
20160805_XRAY,XRAY,2016-08-05,train
20160808_AMPH,AMPH,2016-08-08,train
20160808_DEA,DEA,2016-08-08,train
20160808_ENTA,ENTA,2016-08-08,train
20160808_TSN,TSN,2016-08-08,test
20160808_TTI,TTI,2016-08-08,train
20160809_DIOD,DIOD,2016-08-09,train
20160809_DIS,DIS,2016-08-09,test
20160809_HLIT,HLIT,2016-08-09,train
20160809_IFF,IFF,2016-08-09,train
20160809_INCY,INCY,2016-08-09,train
20160809_LAMR,LAMR,2016-08-09,train
20160809_LGIH,LGIH,2016-08-09,train
20160809_LXP,LXP,2016-08-09,test
20160809_MPAA,MPAA,2016-08-09,train
20160809_PRI,PRI,2016-08-09,test
20160809_QNST,QNST,2016-08-09,test
20160809_RRGB,RRGB,2016-08-09,train
20160809_STE,STE,2016-08-09,train
20160809_ZBRA,ZBRA,2016-08-09,train
20160810_AVT,AVT,2016-08-10,train
20160810_CVCO,CVCO,2016-08-10,train
20160810_OA,OA,2016-08-10,test
20160810_RL,RL,2016-08-10,test
20160810_WEN,WEN,2016-08-10,train
20160811_EAT,EAT,2016-08-11,train
20160811_KSS,KSS,2016-08-11,train
20160811_M,M,2016-08-11,test
20160811_RGLD,RGLD,2016-08-11,train
20160811_VIAV,VIAV,2016-08-11,test
20160812_CHCT,CHCT,2016-08-12,train
20160816_COTY,COTY,2016-08-16,test
20160816_DKS,DKS,2016-08-16,train
20160816_TJX,TJX,2016-08-16,val
20160817_A,A,2016-08-17,train
20160817_AEO,AEO,2016-08-17,train
20160817_CSCO,CSCO,2016-08-17,train
20160817_JKHY,JKHY,2016-08-17,test
20160817_KEYS,KEYS,2016-08-17,train
20160817_SNPS,SNPS,2016-08-17,train
20160818_CACI,CACI,2016-08-18,train
20160818_HRL,HRL,2016-08-18,train
20160818_ROST,ROST,2016-08-18,train
20160818_WMT,WMT,2016-08-18,train
20160819_BKE,BKE,2016-08-19,train
20160823_DAKT,DAKT,2016-08-23,test
20160824_DY,DY,2016-08-24,train
20160824_KLXI,KLXI,2016-08-24,test
20160824_WSM,WSM,2016-08-24,train
20160825_PVH,PVH,2016-08-25,train
20160825_REX,REX,2016-08-25,train
20160825_ULTA,ULTA,2016-08-25,train
20160829_CTLT,CTLT,2016-08-29,test
20160830_ANF,ANF,2016-08-30,train
20160830_GIII,GIII,2016-08-30,train
20160830_HRB,HRB,2016-08-30,train
20160831_FIVE,FIVE,2016-08-31,test
20160831_OLLI,OLLI,2016-08-31,train
20160831_OXM,OXM,2016-08-31,test
20160901_CPB,CPB,2016-09-01,train
20160901_GEF,GEF,2016-09-01,test
20160901_VRA,VRA,2016-09-01,test
20160906_HQY,HQY,2016-09-06,train
20160907_HPE,HPE,2016-09-07,val
20160908_ABM,ABM,2016-09-08,train
20160908_BNED,BNED,2016-09-08,train
20160908_DCI,DCI,2016-09-08,test
20160908_SAIC,SAIC,2016-09-08,train
20160909_BRC,BRC,2016-09-09,train
20160909_KR,KR,2016-09-09,train
20160915_ORCL,ORCL,2016-09-15,train
20160920_ADBE,ADBE,2016-09-20,test
20160921_BBBY,BBBY,2016-09-21,train
20160921_CPRT,CPRT,2016-09-21,test
20160921_JBL,JBL,2016-09-21,train
20160922_AIR,AIR,2016-09-22,train
20160922_SCHL,SCHL,2016-09-22,train
20160926_SNX,SNX,2016-09-26,train
20160927_NEOG,NEOG,2016-09-27,train
20160927_NKE,NKE,2016-09-27,train
20160928_WOR,WOR,2016-09-28,train
20160929_ACN,ACN,2016-09-29,train
20161004_MU,MU,2016-10-04,train
20161013_CSX,CSX,2016-10-13,train
20161013_DAL,DAL,2016-10-13,test
20161013_VAC,VAC,2016-10-13,train
20161014_FHN,FHN,2016-10-14,train
20161014_PNC,PNC,2016-10-14,train
20161017_ABCB,ABCB,2016-10-17,train
20161018_BMI,BMI,2016-10-18,test
20161018_GS,GS,2016-10-18,train
20161018_IEX,IEX,2016-10-18,train
20161018_ISRG,ISRG,2016-10-18,train
20161018_JNJ,JNJ,2016-10-18,train
20161018_OMC,OMC,2016-10-18,train
20161018_WTFC,WTFC,2016-10-18,train
20161019_ABT,ABT,2016-10-19,train
20161019_APH,APH,2016-10-19,train
20161019_BBT,BBT,2016-10-19,train
20161019_EBAY,EBAY,2016-10-19,train
20161019_EXPO,EXPO,2016-10-19,train
20161019_FULT,FULT,2016-10-19,test
20161019_HOPE,HOPE,2016-10-19,train
20161019_HWC,HWC,2016-10-19,train
20161019_LRCX,LRCX,2016-10-19,test
20161019_STX,STX,2016-10-19,train
20161019_TSCO,TSCO,2016-10-19,train
20161019_UFPI,UFPI,2016-10-19,train
20161020_AMD,AMD,2016-10-20,train
20161020_ASB,ASB,2016-10-20,train
20161020_CLB,CLB,2016-10-20,train
20161020_DGX,DGX,2016-10-20,train
20161020_GNTX,GNTX,2016-10-20,test
20161020_GPI,GPI,2016-10-20,train
20161020_HLX,HLX,2016-10-20,train
20161020_IIIN,IIIN,2016-10-20,train
20161020_ITW,ITW,2016-10-20,test
20161020_KLAC,KLAC,2016-10-20,train
20161020_LSTR,LSTR,2016-10-20,test
20161020_MSFT,MSFT,2016-10-20,train
20161020_NWE,NWE,2016-10-20,test
20161020_PHM,PHM,2016-10-20,train
20161020_POOL,POOL,2016-10-20,val
20161020_PPG,PPG,2016-10-20,train
20161020_SAM,SAM,2016-10-20,test
20161020_SEIC,SEIC,2016-10-20,train
20161020_SFNC,SFNC,2016-10-20,train
20161020_SLM,SLM,2016-10-20,test
20161020_STC,STC,2016-10-20,train
20161020_STLD,STLD,2016-10-20,train
20161020_SXC,SXC,2016-10-20,train
20161020_VMI,VMI,2016-10-20,test
20161020_VZ,VZ,2016-10-20,test
20161020_WBA,WBA,2016-10-20,test
20161021_FFBC,FFBC,2016-10-21,train
20161021_FWRD,FWRD,2016-10-21,test
20161021_GBCI,GBCI,2016-10-21,train
20161021_GE,GE,2016-10-21,train
20161021_HON,HON,2016-10-21,train
20161021_INDB,INDB,2016-10-21,test
20161021_IPG,IPG,2016-10-21,val
20161021_MAN,MAN,2016-10-21,train
20161021_NBHC,NBHC,2016-10-21,test
20161021_SLB,SLB,2016-10-21,test
20161021_SXT,SXT,2016-10-21,train
20161021_SYF,SYF,2016-10-21,train
20161021_WBS,WBS,2016-10-21,train
20161024_CDNS,CDNS,2016-10-24,train
20161024_EXP,EXP,2016-10-24,train
20161024_KMB,KMB,2016-10-24,train
20161024_RMBS,RMBS,2016-10-24,val
20161024_TRST,TRST,2016-10-24,test
20161024_VFC,VFC,2016-10-24,train
20161025_AAPL,AAPL,2016-10-25,train
20161025_ABG,ABG,2016-10-25,train
20161025_ATI,ATI,2016-10-25,train
20161025_BAX,BAX,2016-10-25,train
20161025_CSL,CSL,2016-10-25,train
20161025_CVLT,CVLT,2016-10-25,train
20161025_DFS,DFS,2016-10-25,train
20161025_EAT,EAT,2016-10-25,train
20161025_FELE,FELE,2016-10-25,train
20161025_HUBB,HUBB,2016-10-25,train
20161025_JBLU,JBLU,2016-10-25,train
20161025_KEY,KEY,2016-10-25,val
20161025_MRCY,MRCY,2016-10-25,test
20161025_PCAR,PCAR,2016-10-25,val
20161025_PII,PII,2016-10-25,test
20161025_R,R,2016-10-25,val
20161025_RMD,RMD,2016-10-25,val
20161025_SHW,SHW,2016-10-25,train
20161025_VICR,VICR,2016-10-25,val
20161025_VLO,VLO,2016-10-25,train
20161025_WAB,WAB,2016-10-25,train
20161025_WAT,WAT,2016-10-25,train
20161025_WNC,WNC,2016-10-25,test
20161025_WSO,WSO,2016-10-25,train
20161026_AGCO,AGCO,2016-10-26,train
20161026_AKR,AKR,2016-10-26,train
20161026_AOS,AOS,2016-10-26,test
20161026_AVY,AVY,2016-10-26,train
20161026_BCO,BCO,2016-10-26,train
20161026_BXP,BXP,2016-10-26,val
20161026_CAKE,CAKE,2016-10-26,test
20161026_CB,CB,2016-10-26,train
20161026_CINF,CINF,2016-10-26,val
20161026_CMCSA,CMCSA,2016-10-26,train
20161026_CUBI,CUBI,2016-10-26,train
20161026_EQR,EQR,2016-10-26,train
20161026_FCF,FCF,2016-10-26,train
20161026_FSP,FSP,2016-10-26,train
20161026_GRMN,GRMN,2016-10-26,train
20161026_HIW,HIW,2016-10-26,train
20161026_HLT,HLT,2016-10-26,train
20161026_HUBG,HUBG,2016-10-26,train
20161026_KO,KO,2016-10-26,train
20161026_LUV,LUV,2016-10-26,train
20161026_MMSI,MMSI,2016-10-26,train
20161026_NBR,NBR,2016-10-26,train
20161026_NOC,NOC,2016-10-26,val
20161026_PTC,PTC,2016-10-26,train
20161026_RHI,RHI,2016-10-26,train
20161026_RRC,RRC,2016-10-26,train
20161026_SLGN,SLGN,2016-10-26,train
20161026_STRA,STRA,2016-10-26,val
20161026_UDR,UDR,2016-10-26,test
20161026_WDC,WDC,2016-10-26,test
20161026_WEC,WEC,2016-10-26,train
20161026_WM,WM,2016-10-26,train
20161027_ALLE,ALLE,2016-10-27,train
20161027_AMT,AMT,2016-10-27,train
20161027_ANIK,ANIK,2016-10-27,val
20161027_APD,APD,2016-10-27,train
20161027_BANR,BANR,2016-10-27,test
20161027_CACI,CACI,2016-10-27,train
20161027_CME,CME,2016-10-27,train
20161027_CMS,CMS,2016-10-27,train
20161027_FCN,FCN,2016-10-27,test
20161027_GTY,GTY,2016-10-27,train
20161027_IART,IART,2016-10-27,train
20161027_KWR,KWR,2016-10-27,val
20161027_NEM,NEM,2016-10-27,train
20161027_NTCT,NTCT,2016-10-27,train
20161027_RGS,RGS,2016-10-27,test
20161027_SYK,SYK,2016-10-27,train
20161027_TDC,TDC,2016-10-27,train
20161027_TER,TER,2016-10-27,train
20161027_TMO,TMO,2016-10-27,train
20161027_TRN,TRN,2016-10-27,test
20161027_UFI,UFI,2016-10-27,train
20161027_UNM,UNM,2016-10-27,train
20161027_VRSN,VRSN,2016-10-27,train
20161027_WEX,WEX,2016-10-27,test
20161027_XEL,XEL,2016-10-27,train
20161103_CF,CF,2016-11-03,test
20161103_GEO,GEO,2016-11-03,test
20161103_HR,HR,2016-11-03,train
20161103_LAMR,LAMR,2016-11-03,train
20161103_MS,MS,2016-11-03,test
20161103_OGE,OGE,2016-11-03,train
20161111_CHCT,CHCT,2016-11-11,train
20161114_AAP,AAP,2016-11-14,train
20161114_TDG,TDG,2016-11-14,train
20161114_WWD,WWD,2016-11-14,train
20161115_A,A,2016-11-15,train
20161115_KLIC,KLIC,2016-11-15,val
20161115_SBH,SBH,2016-11-15,val
20170117_CMA,CMA,2017-01-17,train
20170118_C,C,2017-01-18,train
20170119_SWKS,SWKS,2017-01-19,val
20170123_RMD,RMD,2017-01-23,val
20170124_DHI,DHI,2017-01-24,train
20170124_FITB,FITB,2017-01-24,train
20170124_GLW,GLW,2017-01-24,train
20170124_LMT,LMT,2017-01-24,train
20170124_STX,STX,2017-01-24,train
20170124_VZ,VZ,2017-01-24,test
20170125_GWW,GWW,2017-01-25,train
20170125_HES,HES,2017-01-25,test
20170125_LRCX,LRCX,2017-01-25,test
20170127_BEN,BEN,2017-01-27,train
20170127_GD,GD,2017-01-27,train
20170131_AET,AET,2017-01-31,train
20170131_ALGN,ALGN,2017-01-31,test
20170131_ILMN,ILMN,2017-01-31,train
20170131_LLY,LLY,2017-01-31,train
20170131_TPR,TPR,2017-01-31,train
20170131_VLO,VLO,2017-01-31,train
20170201_ADP,ADP,2017-02-01,train
20170201_AVY,AVY,2017-02-01,train
20170201_JCI,JCI,2017-02-01,val
20170201_TSCO,TSCO,2017-02-01,train
20170202_AFG,AFG,2017-02-02,test
20170202_CBT,CBT,2017-02-02,test
20170202_CI,CI,2017-02-02,train
20170202_CMG,CMG,2017-02-02,val
20170202_EQT,EQT,2017-02-02,test
20170202_GPI,GPI,2017-02-02,train
20170202_LNC,LNC,2017-02-02,test
20170202_MAA,MAA,2017-02-02,train
20170202_PH,PH,2017-02-02,train
20170202_RGLD,RGLD,2017-02-02,train
20170202_SKYW,SKYW,2017-02-02,train
20170202_V,V,2017-02-02,train
20170202_XEL,XEL,2017-02-02,train
20170203_AIV,AIV,2017-02-03,test
20170203_AN,AN,2017-02-03,train
20170203_CLX,CLX,2017-02-03,train
20170203_EZPW,EZPW,2017-02-03,train
20170203_HSY,HSY,2017-02-03,train
20170203_KIM,KIM,2017-02-03,train
20170203_LYB,LYB,2017-02-03,train
20170203_MTX,MTX,2017-02-03,train
20170203_PSX,PSX,2017-02-03,test
20170203_RGS,RGS,2017-02-03,test
20170203_SSD,SSD,2017-02-03,train
20170203_THG,THG,2017-02-03,train
20170203_WY,WY,2017-02-03,train
20170206_MCY,MCY,2017-02-06,train
20170207_ABG,ABG,2017-02-07,train
20170207_ADM,ADM,2017-02-07,train
20170207_AKAM,AKAM,2017-02-07,train
20170207_AME,AME,2017-02-07,test
20170207_ARW,ARW,2017-02-07,val
20170207_CAH,CAH,2017-02-07,train
20170207_CNC,CNC,2017-02-07,train
20170207_COHR,COHR,2017-02-07,train
20170207_DHX,DHX,2017-02-07,train
20170207_ESE,ESE,2017-02-07,train
20170207_FIS,FIS,2017-02-07,train
20170207_GM,GM,2017-02-07,test
20170207_MDLZ,MDLZ,2017-02-07,train
20170207_MYGN,MYGN,2017-02-07,test
20170207_NOV,NOV,2017-02-07,val
20170207_NTGR,NTGR,2017-02-07,train
20170207_OMC,OMC,2017-02-07,train
20170207_PAHC,PAHC,2017-02-07,test
20170207_SPGI,SPGI,2017-02-07,train
20170207_TDG,TDG,2017-02-07,train
20170207_VSH,VSH,2017-02-07,train
20170208_MXL,MXL,2017-02-08,train
20170209_AGYS,AGYS,2017-02-09,train
20170209_ALLE,ALLE,2017-02-09,train
20170209_BWA,BWA,2017-02-09,train
20170209_COR,COR,2017-02-09,test
20170209_CSL,CSL,2017-02-09,train
20170209_CUZ,CUZ,2017-02-09,train
20170209_CVS,CVS,2017-02-09,train
20170209_EFX,EFX,2017-02-09,train
20170209_ENS,ENS,2017-02-09,train
20170209_ENSG,ENSG,2017-02-09,train
20170209_FTK,FTK,2017-02-09,train
20170209_HNI,HNI,2017-02-09,train
20170209_INVA,INVA,2017-02-09,test
20170209_KO,KO,2017-02-09,train
20170209_KS,KS,2017-02-09,train
20170209_LQDT,LQDT,2017-02-09,train
20170209_MAS,MAS,2017-02-09,train
20170209_MPWR,MPWR,2017-02-09,train
20170209_NWSA,NWSA,2017-02-09,train
20170209_OXY,OXY,2017-02-09,test
20170209_PTEN,PTEN,2017-02-09,train
20170209_REG,REG,2017-02-09,train
20170209_ROP,ROP,2017-02-09,val
20170209_RYN,RYN,2017-02-09,test
20170209_SEE,SEE,2017-02-09,train
20170209_STC,STC,2017-02-09,train
20170209_TYL,TYL,2017-02-09,train
20170209_VRSN,VRSN,2017-02-09,train
20170209_YUM,YUM,2017-02-09,train
20170210_EGN,EGN,2017-02-10,test
20170210_IPG,IPG,2017-02-10,val
20170213_NNN,NNN,2017-02-13,test
20170213_WEX,WEX,2017-02-13,test
20170214_A,A,2017-02-14,train
20170214_ASGN,ASGN,2017-02-14,test
20170214_BYD,BYD,2017-02-14,test
20170214_HE,HE,2017-02-14,train
20170214_INCY,INCY,2017-02-14,train
20170214_LECO,LECO,2017-02-14,train
20170214_MLM,MLM,2017-02-14,test
20170214_WSO,WSO,2017-02-14,train
20170215_CSCO,CSCO,2017-02-15,train
20170215_DVN,DVN,2017-02-15,train
20170215_ESRX,ESRX,2017-02-15,train
20170215_FSP,FSP,2017-02-15,train
20170215_IOSP,IOSP,2017-02-15,train
20170215_KHC,KHC,2017-02-15,train
20170215_NMIH,NMIH,2017-02-15,train
20170215_NTAP,NTAP,2017-02-15,train
20170215_PEP,PEP,2017-02-15,train
20170215_SNPS,SNPS,2017-02-15,train
20170216_AEE,AEE,2017-02-16,val
20170216_ARR,ARR,2017-02-16,train
20170216_CHE,CHE,2017-02-16,train
20170216_CHTR,CHTR,2017-02-16,train
20170216_DVA,DVA,2017-02-16,train
20170216_HR,HR,2017-02-16,train
20170216_MDRX,MDRX,2017-02-16,train
20170216_MGM,MGM,2017-02-16,train
20170216_PBF,PBF,2017-02-16,train
20170216_POOL,POOL,2017-02-16,val
20170216_RS,RS,2017-02-16,test
20170216_RSG,RSG,2017-02-16,train
20170216_UFCS,UFCS,2017-02-16,train
20170216_VECO,VECO,2017-02-16,train
20170217_B,B,2017-02-17,train
20170217_CPB,CPB,2017-02-17,train
20170217_DE,DE,2017-02-17,train
20170217_FLS,FLS,2017-02-17,train
20170217_NWE,NWE,2017-02-17,test
20170217_ROCK,ROCK,2017-02-17,train
20170221_AAP,AAP,2017-02-21,train
20170221_ASTE,ASTE,2017-02-21,train
20170221_DAKT,DAKT,2017-02-21,test
20170221_ECL,ECL,2017-02-21,train
20170221_GPC,GPC,2017-02-21,train
20170221_HCI,HCI,2017-02-21,train
20170221_HLX,HLX,2017-02-21,train
20170221_HSIC,HSIC,2017-02-21,train
20170221_LNTH,LNTH,2017-02-21,val
20170221_M,M,2017-02-21,test
20170221_NDSN,NDSN,2017-02-21,train
20170221_PWR,PWR,2017-02-21,train
20170221_ROG,ROG,2017-02-21,val
20170221_SAH,SAH,2017-02-21,train
20170221_THRM,THRM,2017-02-21,val
20170221_TXRH,TXRH,2017-02-21,test
20170221_WAB,WAB,2017-02-21,train
20170222_AVA,AVA,2017-02-22,train
20170222_AWK,AWK,2017-02-22,train
20170222_CPRT,CPRT,2017-02-22,test
20170222_EXR,EXR,2017-02-22,train
20170222_FE,FE,2017-02-22,train
20170222_GEO,GEO,2017-02-22,test
20170222_GRMN,GRMN,2017-02-22,train
20170222_HPQ,HPQ,2017-02-22,test
20170222_HVT,HVT,2017-02-22,train
20170222_IVR,IVR,2017-02-22,test
20170222_LAMR,LAMR,2017-02-22,train
20170222_NI,NI,2017-02-22,train
20170222_TJX,TJX,2017-02-22,val
20170222_TOL,TOL,2017-02-22,test
20170222_UVE,UVE,2017-02-22,test
20170222_VMI,VMI,2017-02-22,test
20170222_VRSK,VRSK,2017-02-22,test
20170223_AAOI,AAOI,2017-02-23,test
20170223_AMCX,AMCX,2017-02-23,train
20170223_AMSF,AMSF,2017-02-23,train
20170223_ANSS,ANSS,2017-02-23,train
20170223_BIO,BIO,2017-02-23,train
20170223_CECO,CECO,2017-02-23,test
20170223_CLDT,CLDT,2017-02-23,val
20170223_CNK,CNK,2017-02-23,val
20170223_CVG,CVG,2017-02-23,val
20170223_EIG,EIG,2017-02-23,train
20170223_FCPT,FCPT,2017-02-23,test
20170223_HPE,HPE,2017-02-23,val
20170223_HRL,HRL,2017-02-23,train
20170223_IDA,IDA,2017-02-23,train
20170223_IDCC,IDCC,2017-02-23,test
20170223_INTU,INTU,2017-02-23,train
20170223_LDOS,LDOS,2017-02-23,train
20170223_LTC,LTC,2017-02-23,train
20170223_LYV,LYV,2017-02-23,test
20170223_O,O,2017-02-23,train
20170223_OGS,OGS,2017-02-23,train
20170223_PRA,PRA,2017-02-23,train
20170223_RGR,RGR,2017-02-23,test
20170223_RRC,RRC,2017-02-23,train
20170223_SFM,SFM,2017-02-23,train
20170223_SPXC,SPXC,2017-02-23,train
20170223_TFX,TFX,2017-02-23,val
20170223_TNC,TNC,2017-02-23,val
20170223_TREE,TREE,2017-02-23,train
20170223_VAC,VAC,2017-02-23,train
20170223_ZBRA,ZBRA,2017-02-23,train
20170224_ACHC,ACHC,2017-02-24,train
20170224_CHCT,CHCT,2017-02-24,train
20170224_PNW,PNW,2017-02-24,train
20170224_SEM,SEM,2017-02-24,train
20170224_TDS,TDS,2017-02-24,val
20170227_AES,AES,2017-02-27,train
20170227_AMT,AMT,2017-02-27,train
20170227_AMWD,AMWD,2017-02-27,train
20170227_BKNG,BKNG,2017-02-27,train
20170227_PRGO,PRGO,2017-02-27,train
20170227_SSTK,SSTK,2017-02-27,train
20170228_AZO,AZO,2017-02-28,train
20170228_BLD,BLD,2017-02-28,train
20170228_CABO,CABO,2017-02-28,train
20170228_DDD,DDD,2017-02-28,train
20170228_ILG,ILG,2017-02-28,train
20170228_INGN,INGN,2017-02-28,train
20170228_ITRI,ITRI,2017-02-28,train
20170228_KND,KND,2017-02-28,train
20170228_NSA,NSA,2017-02-28,train
20170228_PRAA,PRAA,2017-02-28,train
20170228_ROST,ROST,2017-02-28,train
20170228_TGT,TGT,2017-02-28,train
20170228_XOXO,XOXO,2017-02-28,train
20170301_AEO,AEO,2017-03-01,train
20170301_AVGO,AVGO,2017-03-01,train
20170301_DIN,DIN,2017-03-01,train
20170301_DLTR,DLTR,2017-03-01,test
20170301_DY,DY,2017-03-01,train
20170301_ICUI,ICUI,2017-03-01,train
20170301_LOW,LOW,2017-03-01,train
20170301_LXP,LXP,2017-03-01,test
20170301_NKTR,NKTR,2017-03-01,train
20170301_SHAK,SHAK,2017-03-01,val
20170301_SUPN,SUPN,2017-03-01,test
20170301_SWX,SWX,2017-03-01,train
20170301_UHS,UHS,2017-03-01,train
20170302_ADSK,ADSK,2017-03-02,train
20170302_DEA,DEA,2017-03-02,train
20170302_GEF,GEF,2017-03-02,test
20170302_KR,KR,2017-03-02,train
20170302_SPOK,SPOK,2017-03-02,train
20170302_WING,WING,2017-03-02,val
20170303_PGR,PGR,2017-03-03,train
20170306_ALOG,ALOG,2017-03-06,train
20170306_KFY,KFY,2017-03-06,train
20170307_DKS,DKS,2017-03-07,train
20170307_KLXI,KLXI,2017-03-07,test
20170307_LGIH,LGIH,2017-03-07,train
20170308_ABM,ABM,2017-03-08,train
20170308_CIEN,CIEN,2017-03-08,train
20170308_OA,OA,2017-03-08,test
20170308_VRA,VRA,2017-03-08,test
20170309_CMTL,CMTL,2017-03-09,train
20170309_SIG,SIG,2017-03-09,train
20170309_TTEC,TTEC,2017-03-09,train
20170309_ULTA,ULTA,2017-03-09,train
20170313_AMPH,AMPH,2017-03-13,train
20170314_IPAR,IPAR,2017-03-14,train
20170315_JBL,JBL,2017-03-15,train
20170315_ORCL,ORCL,2017-03-15,train
20170315_WSM,WSM,2017-03-15,train
20170316_ADBE,ADBE,2017-03-16,test
20170320_MOV,MOV,2017-03-20,val
20170321_AIR,AIR,2017-03-21,train
20170321_LEN,LEN,2017-03-21,train
20170321_NKE,NKE,2017-03-21,train
20170322_CTAS,CTAS,2017-03-22,train
20170323_ACN,ACN,2017-03-23,train
20170323_CAG,CAG,2017-03-23,train
20170323_GME,GME,2017-03-23,test
20170323_PVH,PVH,2017-03-23,train
20170323_SCHL,SCHL,2017-03-23,train
20170405_WBA,WBA,2017-04-05,test
20170412_HCSG,HCSG,2017-04-12,test
20170417_SFBS,SFBS,2017-04-17,train
20170418_GWW,GWW,2017-04-18,train
20170418_LRCX,LRCX,2017-04-18,test
20170419_ABT,ABT,2017-04-19,train
20170419_AXP,AXP,2017-04-19,train
20170419_EXPO,EXPO,2017-04-19,train
20170419_FULT,FULT,2017-04-19,test
20170419_KMI,KMI,2017-04-19,test
20170419_UFPI,UFPI,2017-04-19,train
20170419_USB,USB,2017-04-19,train
20170420_AZZ,AZZ,2017-04-20,test
20170420_DGX,DGX,2017-04-20,train
20170420_DOV,DOV,2017-04-20,test
20170420_HNI,HNI,2017-04-20,train
20170420_HOMB,HOMB,2017-04-20,train
20170420_IIIN,IIIN,2017-04-20,train
20170420_NUE,NUE,2017-04-20,train
20170420_POOL,POOL,2017-04-20,val
20170420_STBA,STBA,2017-04-20,train
20170420_VZ,VZ,2017-04-20,test
20170421_ABCB,ABCB,2017-04-21,train
20170421_IPG,IPG,2017-04-21,val
20170421_NBHC,NBHC,2017-04-21,test
20170424_HAS,HAS,2017-04-24,val
20170424_KMB,KMB,2017-04-24,train
20170424_TRST,TRST,2017-04-24,test
20170425_CAT,CAT,2017-04-25,train
20170425_CBU,CBU,2017-04-25,test
20170425_FCX,FCX,2017-04-25,train
20170425_LMT,LMT,2017-04-25,train
20170425_MMM,MMM,2017-04-25,test
20170425_TXN,TXN,2017-04-25,test
20170425_VLO,VLO,2017-04-25,train
20170426_AVY,AVY,2017-04-26,train
20170426_CPF,CPF,2017-04-26,test
20170426_CUBI,CUBI,2017-04-26,train
20170426_FCF,FCF,2017-04-26,train
20170426_GD,GD,2017-04-26,train
20170426_HES,HES,2017-04-26,test
20170426_HSY,HSY,2017-04-26,train
20170426_LMAT,LMAT,2017-04-26,train
20170426_MHO,MHO,2017-04-26,train
20170426_MKTX,MKTX,2017-04-26,train
20170426_NSC,NSC,2017-04-26,test
20170426_O,O,2017-04-26,train
20170426_ROK,ROK,2017-04-26,train
20170426_SAH,SAH,2017-04-26,train
20170426_STX,STX,2017-04-26,train
20170426_SXT,SXT,2017-04-26,train
20170426_UTHR,UTHR,2017-04-26,train
20170427_ABBV,ABBV,2017-04-27,train
20170427_ALLE,ALLE,2017-04-27,train
20170427_AMZN,AMZN,2017-04-27,train
20170427_ATNI,ATNI,2017-04-27,val
20170427_CMCSA,CMCSA,2017-04-27,train
20170427_CYTK,CYTK,2017-04-27,train
20170427_EHTH,EHTH,2017-04-27,train
20170427_EIG,EIG,2017-04-27,train
20170427_EQT,EQT,2017-04-27,test
20170427_FWRD,FWRD,2017-04-27,test
20170427_INVA,INVA,2017-04-27,test
20170427_IRM,IRM,2017-04-27,train
20170427_JCI,JCI,2017-04-27,val
20170427_KIM,KIM,2017-04-27,train
20170427_LKQ,LKQ,2017-04-27,test
20170427_LSTR,LSTR,2017-04-27,test
20170427_MGM,MGM,2017-04-27,train
20170427_NEU,NEU,2017-04-27,test
20170427_OIS,OIS,2017-04-27,train
20170427_PATK,PATK,2017-04-27,train
20170427_PDFS,PDFS,2017-04-27,train
20170427_PH,PH,2017-04-27,train
20170427_POWI,POWI,2017-04-27,val
20170427_SKYW,SKYW,2017-04-27,train
20170427_SPOK,SPOK,2017-04-27,train
20170427_SPSC,SPSC,2017-04-27,val
20170427_TYL,TYL,2017-04-27,train
20170427_VRSN,VRSN,2017-04-27,train
20170428_CVX,CVX,2017-04-28,train
20170428_GM,GM,2017-04-28,test
20170428_MATW,MATW,2017-04-28,train
20170428_PEG,PEG,2017-04-28,train
20170428_PFS,PFS,2017-04-28,train
20170428_SBSI,SBSI,2017-04-28,train
20170428_WY,WY,2017-04-28,train
20170501_AMD,AMD,2017-05-01,train
20170501_CAH,CAH,2017-05-01,train
20170501_CGNX,CGNX,2017-05-01,train
20170501_ENSG,ENSG,2017-05-01,train
20170501_L,L,2017-05-01,train
20170501_MCY,MCY,2017-05-01,train
20170502_AAPL,AAPL,2017-05-02,train
20170502_ADM,ADM,2017-05-02,train
20170502_AET,AET,2017-05-02,train
20170502_DVA,DVA,2017-05-02,train
20170502_ECL,ECL,2017-05-02,train
20170502_HCA,HCA,2017-05-02,val
20170502_HVT,HVT,2017-05-02,train
20170502_LNTH,LNTH,2017-05-02,val
20170502_MO,MO,2017-05-02,train
20170502_MRK,MRK,2017-05-02,train
20170502_OGS,OGS,2017-05-02,train
20170502_PNW,PNW,2017-05-02,train
20170502_SXI,SXI,2017-05-02,train
20170503_ADP,ADP,2017-05-03,train
20170503_ARI,ARI,2017-05-03,test
20170503_AVA,AVA,2017-05-03,train
20170503_CLX,CLX,2017-05-03,train
20170503_CSGS,CSGS,2017-05-03,val
20170503_DDD,DDD,2017-05-03,train
20170503_EL,EL,2017-05-03,train
20170503_GRMN,GRMN,2017-05-03,train
20170503_HUM,HUM,2017-05-03,train
20170503_KHC,KHC,2017-05-03,train
20170503_LFUS,LFUS,2017-05-03,train
20170503_NUS,NUS,2017-05-03,train
20170503_POWL,POWL,2017-05-03,train
20170503_SMP,SMP,2017-05-03,train
20170503_SSTK,SSTK,2017-05-03,train
20170503_STRA,STRA,2017-05-03,val
20170503_UFCS,UFCS,2017-05-03,train
20170503_WD,WD,2017-05-03,train
20170504_AAON,AAON,2017-05-04,train
20170504_ACIW,ACIW,2017-05-04,val
20170504_ANDE,ANDE,2017-05-04,train
20170504_ANIP,ANIP,2017-05-04,train
20170504_ATO,ATO,2017-05-04,train
20170504_CABO,CABO,2017-05-04,train
20170504_D,D,2017-05-04,test
20170504_EBS,EBS,2017-05-04,train
20170504_ES,ES,2017-05-04,test
20170504_ESE,ESE,2017-05-04,train
20170504_FCPT,FCPT,2017-05-04,test
20170504_FTK,FTK,2017-05-04,train
20170504_GFF,GFF,2017-05-04,train
20170504_HCI,HCI,2017-05-04,train
20170504_ILG,ILG,2017-05-04,train
20170504_INCY,INCY,2017-05-04,train
20170504_IT,IT,2017-05-04,train
20170504_LAMR,LAMR,2017-05-04,train
20170504_LQDT,LQDT,2017-05-04,train
20170504_LYV,LYV,2017-05-04,test
20170504_MDU,MDU,2017-05-04,train
20170504_MED,MED,2017-05-04,train
20170504_MSCI,MSCI,2017-05-04,train
20170504_MUR,MUR,2017-05-04,test
20170504_OGE,OGE,2017-05-04,train
20170504_ORN,ORN,2017-05-04,train
20170504_PPL,PPL,2017-05-04,train
20170504_PWR,PWR,2017-05-04,train
20170504_REGN,REGN,2017-05-04,train
20170504_RGS,RGS,2017-05-04,test
20170504_UEIC,UEIC,2017-05-04,train
20170504_VAC,VAC,2017-05-04,train
20170505_GEOS,GEOS,2017-05-05,train
20170505_HE,HE,2017-05-05,train
20170505_IVR,IVR,2017-05-05,test
20170505_PRA,PRA,2017-05-05,train
20170505_TREX,TREX,2017-05-05,val
20170508_AES,AES,2017-05-08,train
20170508_AMPH,AMPH,2017-05-08,train
20170508_NWN,NWN,2017-05-08,train
20170508_SYY,SYY,2017-05-08,train
20170509_APEI,APEI,2017-05-09,train
20170509_BKNG,BKNG,2017-05-09,train
20170509_CLDT,CLDT,2017-05-09,val
20170509_DEA,DEA,2017-05-09,train
20170509_DIOD,DIOD,2017-05-09,train
20170509_INGN,INGN,2017-05-09,train
20170509_LGIH,LGIH,2017-05-09,train
20170509_LGND,LGND,2017-05-09,val
20170509_NVDA,NVDA,2017-05-09,train
20170509_NWSA,NWSA,2017-05-09,train
20170509_PAHC,PAHC,2017-05-09,test
20170509_QNST,QNST,2017-05-09,test
20170509_SCSC,SCSC,2017-05-09,train
20170509_SEDG,SEDG,2017-05-09,train
20170509_SEE,SEE,2017-05-09,train
20170509_SRE,SRE,2017-05-09,train
20170509_WRLD,WRLD,2017-05-09,train
20170509_XOXO,XOXO,2017-05-09,train
20170509_ZBRA,ZBRA,2017-05-09,train
20170510_MTRX,MTRX,2017-05-10,val
20170510_SWX,SWX,2017-05-10,train
20170510_TISI,TISI,2017-05-10,test
20170511_RGLD,RGLD,2017-05-11,train
20170518_BKE,BKE,2017-05-18,train
20170518_ROST,ROST,2017-05-18,train
20170518_WMT,WMT,2017-05-18,train
20170519_DE,DE,2017-05-19,train
20170523_AZO,AZO,2017-05-23,train
20170524_AAP,AAP,2017-05-24,train
20170524_HPQ,HPQ,2017-05-24,test
20170524_LOW,LOW,2017-05-24,train
20170524_PLUS,PLUS,2017-05-24,test
20170524_REX,REX,2017-05-24,train
20170531_ADI,ADI,2017-05-31,train
20170531_DAKT,DAKT,2017-05-31,test
20170531_NX,NX,2017-05-31,test
20170531_OLLI,OLLI,2017-05-31,train
20170601_ZUMZ,ZUMZ,2017-06-01,train
20170606_ALOG,ALOG,2017-06-06,train
20170613_CVCO,CVCO,2017-06-13,train
20170615_KR,KR,2017-06-15,train
20170620_LEN,LEN,2017-06-20,train
20170622_ACN,ACN,2017-06-22,train
20170628_GIS,GIS,2017-06-28,test
20170628_PKE,PKE,2017-06-28,test
20170629_MU,MU,2017-06-29,train
20170629_WBA,WBA,2017-06-29,test
20170629_WOR,WOR,2017-06-29,train
20170711_AIR,AIR,2017-07-11,train
20170711_PEP,PEP,2017-07-11,train
20170718_EXPO,EXPO,2017-07-18,train
20170718_PLD,PLD,2017-07-18,test
20170719_AXP,AXP,2017-07-19,train
20170719_BHE,BHE,2017-07-19,test
20170719_CCI,CCI,2017-07-19,test
20170719_HWC,HWC,2017-07-19,train
20170719_USB,USB,2017-07-19,train
20170720_ABT,ABT,2017-07-20,train
20170720_EBAY,EBAY,2017-07-20,train
20170720_GATX,GATX,2017-07-20,train
20170720_HOMB,HOMB,2017-07-20,train
20170720_HZO,HZO,2017-07-20,test
20170720_IIIN,IIIN,2017-07-20,train
20170720_MSFT,MSFT,2017-07-20,train
20170720_SCHL,SCHL,2017-07-20,train
20170720_SHW,SHW,2017-07-20,train
20170720_SNA,SNA,2017-07-20,train
20170720_STC,STC,2017-07-20,train
20170721_ABCB,ABCB,2017-07-21,train
20170721_CL,CL,2017-07-21,train
20170721_NBHC,NBHC,2017-07-21,test
20170721_SLB,SLB,2017-07-21,test
20170721_SXT,SXT,2017-07-21,train
20170724_CDNS,CDNS,2017-07-24,train
20170724_HAL,HAL,2017-07-24,train
20170724_HAS,HAS,2017-07-24,val
20170724_TRST,TRST,2017-07-24,test
20170725_AVY,AVY,2017-07-25,train
20170725_CAT,CAT,2017-07-25,train
20170725_DGX,DGX,2017-07-25,train
20170725_FELE,FELE,2017-07-25,train
20170725_GM,GM,2017-07-25,test
20170725_HSTM,HSTM,2017-07-25,train
20170725_KMB,KMB,2017-07-25,train
20170725_MMM,MMM,2017-07-25,test
20170725_NEM,NEM,2017-07-25,train
20170725_PNR,PNR,2017-07-25,train
20170725_STX,STX,2017-07-25,train
20170725_WRB,WRB,2017-07-25,val
20170726_CHE,CHE,2017-07-26,train
20170726_CPF,CPF,2017-07-26,test
20170726_EGP,EGP,2017-07-26,test
20170726_FCF,FCF,2017-07-26,train
20170726_HOPE,HOPE,2017-07-26,train
20170726_INVA,INVA,2017-07-26,test
20170726_LPSN,LPSN,2017-07-26,train
20170726_MKTX,MKTX,2017-07-26,train
20170726_MMSI,MMSI,2017-07-26,train
20170726_PB,PB,2017-07-26,train
20170726_PYPL,PYPL,2017-07-26,train
20170726_STRA,STRA,2017-07-26,val
20170726_TRMK,TRMK,2017-07-26,test
20170727_ACIW,ACIW,2017-07-27,val
20170727_ALGN,ALGN,2017-07-27,test
20170727_AMZN,AMZN,2017-07-27,train
20170727_BMY,BMY,2017-07-27,val
20170727_COLB,COLB,2017-07-27,train
20170727_CUBI,CUBI,2017-07-27,train
20170727_CW,CW,2017-07-27,train
20170727_DHX,DHX,2017-07-27,train
20170727_EIG,EIG,2017-07-27,train
20170727_EQT,EQT,2017-07-27,test
20170727_GTY,GTY,2017-07-27,train
20170727_ITGR,ITGR,2017-07-27,train
20170727_IVZ,IVZ,2017-07-27,train
20170727_JCI,JCI,2017-07-27,val
20170727_KEX,KEX,2017-07-27,train
20170727_KLAC,KLAC,2017-07-27,train
20170727_KRC,KRC,2017-07-27,train
20170727_LKQ,LKQ,2017-07-27,test
20170727_LMAT,LMAT,2017-07-27,train
20170727_MAT,MAT,2017-07-27,train
20170727_MO,MO,2017-07-27,train
20170727_O,O,2017-07-27,train
20170727_ORI,ORI,2017-07-27,train
20170727_PCG,PCG,2017-07-27,train
20170727_POWI,POWI,2017-07-27,val
20170727_RS,RS,2017-07-27,test
20170727_RSG,RSG,2017-07-27,train
20170727_SKYW,SKYW,2017-07-27,train
20170727_SPOK,SPOK,2017-07-27,train
20170727_SPSC,SPSC,2017-07-27,val
20170727_SYK,SYK,2017-07-27,train
20170727_TREE,TREE,2017-07-27,train
20170727_UTHR,UTHR,2017-07-27,train
20170727_VLO,VLO,2017-07-27,train
20170727_VRSN,VRSN,2017-07-27,train
20170727_XEL,XEL,2017-07-27,train
20170728_AMSF,AMSF,2017-07-28,train
20170728_CVX,CVX,2017-07-28,train
20170728_MRK,MRK,2017-07-28,train
20170728_PFS,PFS,2017-07-28,train
20170731_DAN,DAN,2017-07-31,val
20170731_MCY,MCY,2017-07-31,train
20170731_XOXO,XOXO,2017-07-31,train
20170801_AAPL,AAPL,2017-08-01,train
20170801_ADM,ADM,2017-08-01,train
20170801_CMI,CMI,2017-08-01,test
20170801_DVA,DVA,2017-08-01,train
20170801_ECL,ECL,2017-08-01,train
20170801_EZPW,EZPW,2017-08-01,train
20170801_HVT,HVT,2017-08-01,train
20170801_INCY,INCY,2017-08-01,train
20170801_OLN,OLN,2017-08-01,train
20170801_UVE,UVE,2017-08-01,test
20170802_D,D,2017-08-02,test
20170802_FIS,FIS,2017-08-02,train
20170802_UFCS,UFCS,2017-08-02,train
20170803_BDX,BDX,2017-08-03,train
20170803_CLX,CLX,2017-08-03,train
20170803_PNW,PNW,2017-08-03,train
20170803_PWR,PWR,2017-08-03,train
20170803_REGN,REGN,2017-08-03,train
20170803_SCG,SCG,2017-08-03,train
20170804_CBOE,CBOE,2017-08-04,train
20170808_DIS,DIS,2017-08-08,test
20170814_SYY,SYY,2017-08-14,train
20170817_ROST,ROST,2017-08-17,train
20170822_COTY,COTY,2017-08-22,test
20170823_HPQ,HPQ,2017-08-23,test
20170823_LOW,LOW,2017-08-23,train
20170831_COO,COO,2017-08-31,train
20170831_CPB,CPB,2017-08-31,train
20170905_HPE,HPE,2017-09-05,val
20170908_KR,KR,2017-09-08,train
20170926_MU,MU,2017-09-26,train
20171004_PEP,PEP,2017-10-04,train
20171012_C,C,2017-10-12,train
20171012_JPM,JPM,2017-10-12,train
20171017_UNH,UNH,2017-10-17,train
20171019_NUE,NUE,2017-10-19,train
20171023_ITW,ITW,2017-10-23,test
20171023_STX,STX,2017-10-23,train
20171024_AMD,AMD,2017-10-24,train
20171024_CAT,CAT,2017-10-24,train
20171024_GM,GM,2017-10-24,test
20171024_ILMN,ILMN,2017-10-24,train
20171024_LMT,LMT,2017-10-24,train
20171024_MCD,MCD,2017-10-24,test
20171024_RF,RF,2017-10-24,train
20171024_TXN,TXN,2017-10-24,test
20171025_AMGN,AMGN,2017-10-25,train
20171025_AVY,AVY,2017-10-25,train
20171025_GD,GD,2017-10-25,train
20171025_HES,HES,2017-10-25,test
20171025_NSC,NSC,2017-10-25,test
20171026_CME,CME,2017-10-26,train
20171026_CMS,CMS,2017-10-26,train
20171026_HSY,HSY,2017-10-26,train
20171026_INTC,INTC,2017-10-26,train
20171026_IVZ,IVZ,2017-10-26,train
20171026_MAT,MAT,2017-10-26,train
20171026_VRSN,VRSN,2017-10-26,train
20171026_WDC,WDC,2017-10-26,test
20171027_ABBV,ABBV,2017-10-27,train
20171027_MRK,MRK,2017-10-27,train
20171027_VTR,VTR,2017-10-27,train
20171030_D,D,2017-10-30,test
20171031_ADM,ADM,2017-10-31,train
20171031_ECL,ECL,2017-10-31,train
20171031_MOS,MOS,2017-10-31,train
20171101_CTSH,CTSH,2017-11-01,train
20171101_EQIX,EQIX,2017-11-01,train
20171101_KHC,KHC,2017-11-01,train
20171102_AAON,AAON,2017-11-02,train
20171102_ADP,ADP,2017-11-02,train
20171102_ANIP,ANIP,2017-11-02,train
20171102_APA,APA,2017-11-02,test
20171102_ARI,ARI,2017-11-02,test
20171102_CECO,CECO,2017-11-02,test
20171102_DHX,DHX,2017-11-02,train
20171102_ECPG,ECPG,2017-11-02,train
20171102_LNTH,LNTH,2017-11-02,val
20171102_LOCO,LOCO,2017-11-02,train
20171102_PLUS,PLUS,2017-11-02,test
20171102_RL,RL,2017-11-02,test
20171103_BELFB,BELFB,2017-11-03,train
20171103_DUK,DUK,2017-11-03,train
20171103_FCPT,FCPT,2017-11-03,test
20171103_NWN,NWN,2017-11-03,train
20171103_PNW,PNW,2017-11-03,train
20171103_SM,SM,2017-11-03,train
20171106_BKNG,BKNG,2017-11-06,train
20171106_FN,FN,2017-11-06,train
20171106_STC,STC,2017-11-06,train
20171107_APEI,APEI,2017-11-07,train
20171107_AWR,AWR,2017-11-07,train
20171107_BCPC,BCPC,2017-11-07,train
20171107_DEA,DEA,2017-11-07,train
20171107_IPCC,IPCC,2017-11-07,train
20171107_IVR,IVR,2017-11-07,test
20171107_KOPN,KOPN,2017-11-07,train
20171107_MED,MED,2017-11-07,train
20171107_MTDR,MTDR,2017-11-07,train
20171107_MTRX,MTRX,2017-11-07,val
20171107_NKTR,NKTR,2017-11-07,train
20171107_NSA,NSA,2017-11-07,train
20171107_PAHC,PAHC,2017-11-07,test
20171107_PRA,PRA,2017-11-07,train
20171107_TRIP,TRIP,2017-11-07,test
20171108_AMPH,AMPH,2017-11-08,train
20171108_CABO,CABO,2017-11-08,train
20171108_CVCO,CVCO,2017-11-08,train
20171108_FTK,FTK,2017-11-08,train
20171108_GMED,GMED,2017-11-08,train
20171108_KELYA,KELYA,2017-11-08,test
20171108_ORN,ORN,2017-11-08,train
20171108_PRAA,PRAA,2017-11-08,train
20171108_REGN,REGN,2017-11-08,train
20171108_SEE,SEE,2017-11-08,train
20171108_SWX,SWX,2017-11-08,train
20171108_UFCS,UFCS,2017-11-08,train
20171109_ATO,ATO,2017-11-09,train
20171109_COTY,COTY,2017-11-09,test
20171109_CTRE,CTRE,2017-11-09,test
20171109_DIS,DIS,2017-11-09,test
20171109_JCI,JCI,2017-11-09,val
20171109_KSS,KSS,2017-11-09,train
20171109_PRGO,PRGO,2017-11-09,train
20171109_UVE,UVE,2017-11-09,test
20171114_ESE,ESE,2017-11-14,train
20171115_TGT,TGT,2017-11-15,train
20171116_BRC,BRC,2017-11-16,train
20171116_GFF,GFF,2017-11-16,train
20171116_WMT,WMT,2017-11-16,train
20171117_MATW,MATW,2017-11-17,train
20171120_ENTA,ENTA,2017-11-20,train
20171121_DAKT,DAKT,2017-11-21,test
20171121_HPE,HPE,2017-11-21,val
20171121_HPQ,HPQ,2017-11-21,test
20171121_NJR,NJR,2017-11-21,train
20171129_SNPS,SNPS,2017-11-29,train
20171130_KR,KR,2017-11-30,train
20171130_ZUMZ,ZUMZ,2017-11-30,train
20171201_AMWD,AMWD,2017-12-01,train
20171205_BNED,BNED,2017-12-05,train
20171205_LQDT,LQDT,2017-12-05,train
20171205_OXM,OXM,2017-12-05,test
20171206_KFY,KFY,2017-12-06,train
20171206_OLLI,OLLI,2017-12-06,train
20171206_POWL,POWL,2017-12-06,train
20171206_VRA,VRA,2017-12-06,test
20171207_GEF,GEF,2017-12-07,test
20171212_NX,NX,2017-12-12,test
20171214_ORCL,ORCL,2017-12-14,train
20171219_DRI,DRI,2017-12-19,train
20171220_GIS,GIS,2017-12-20,test
20171221_ACN,ACN,2017-12-21,train
20171221_CAG,CAG,2017-12-21,train
20171221_KMX,KMX,2017-12-21,train
20180118_IIIN,IIIN,2018-01-18,train
20180122_PETS,PETS,2018-01-22,train
20180122_SFBS,SFBS,2018-01-22,train
20180123_HAFC,HAFC,2018-01-23,train
20180123_TRST,TRST,2018-01-23,test
20180123_VZ,VZ,2018-01-23,test
20180124_FCF,FCF,2018-01-24,train
20180125_CCI,CCI,2018-01-25,test
20180125_COLB,COLB,2018-01-25,train
20180125_MSCC,MSCC,2018-01-25,train
20180125_ORI,ORI,2018-01-25,train
20180125_STBA,STBA,2018-01-25,train
20180126_MATW,MATW,2018-01-26,train
20180126_WRLD,WRLD,2018-01-26,train
20180129_SANM,SANM,2018-01-29,test
20180129_STX,STX,2018-01-29,train
20180130_ASH,ASH,2018-01-30,train
20180130_CASH,CASH,2018-01-30,val
20180130_CATY,CATY,2018-01-30,val
20180130_CRVL,CRVL,2018-01-30,train
20180130_SXI,SXI,2018-01-30,train
20180130_WRB,WRB,2018-01-30,val
20180131_GFF,GFF,2018-01-31,train
20180131_IR,IR,2018-01-31,train
20180131_KLIC,KLIC,2018-01-31,val
20180131_QNST,QNST,2018-01-31,test
20180201_AMZN,AMZN,2018-02-01,train
20180201_KELYA,KELYA,2018-02-01,test
20180201_LQDT,LQDT,2018-02-01,train
20180201_MA,MA,2018-02-01,train
20180201_RGS,RGS,2018-02-01,test
20180201_TDY,TDY,2018-02-01,train
20180205_CRUS,CRUS,2018-02-05,train
20180205_FN,FN,2018-02-05,train
20180206_ESE,ESE,2018-02-06,train
20180206_SBSI,SBSI,2018-02-06,train
20180206_SCSC,SCSC,2018-02-06,train
20180206_SPSC,SPSC,2018-02-06,val
20180207_CVCO,CVCO,2018-02-07,train
20180207_ENTA,ENTA,2018-02-07,train
20180207_PLUS,PLUS,2018-02-07,test
20180207_STE,STE,2018-02-07,train
20180208_INVA,INVA,2018-02-08,test
20180208_NJR,NJR,2018-02-08,train
20180208_VRSN,VRSN,2018-02-08,train
20180209_HNI,HNI,2018-02-09,train
20180212_NSP,NSP,2018-02-12,test
20180213_MLM,MLM,2018-02-13,test
20180214_EQIX,EQIX,2018-02-14,train
20180214_FSP,FSP,2018-02-14,train
20180214_OHI,OHI,2018-02-14,test
20180214_UFCS,UFCS,2018-02-14,train
20180215_ARI,ARI,2018-02-15,test
20180215_CHE,CHE,2018-02-15,train
20180215_INCY,INCY,2018-02-15,train
20180215_NMIH,NMIH,2018-02-15,train
20180215_RS,RS,2018-02-15,test
20180215_TRIP,TRIP,2018-02-15,test
20180216_NWL,NWL,2018-02-16,train
20180220_DAKT,DAKT,2018-02-20,test
20180221_AVA,AVA,2018-02-21,train
20180221_CECO,CECO,2018-02-21,test
20180221_FCPT,FCPT,2018-02-21,test
20180221_FTK,FTK,2018-02-21,train
20180221_HVT,HVT,2018-02-21,train
20180221_IVR,IVR,2018-02-21,test
20180221_LMAT,LMAT,2018-02-21,train
20180221_OSPN,OSPN,2018-02-21,train
20180221_TREX,TREX,2018-02-21,val
20180221_UTHR,UTHR,2018-02-21,train
20180221_VVC,VVC,2018-02-21,train
20180222_EIG,EIG,2018-02-22,train
20180222_IDCC,IDCC,2018-02-22,test
20180222_INN,INN,2018-02-22,train
20180222_OGS,OGS,2018-02-22,train
20180222_SM,SM,2018-02-22,train
20180223_CHCT,CHCT,2018-02-23,train
20180223_LNT,LNT,2018-02-23,train
20180226_CLDT,CLDT,2018-02-26,val
20180226_EGRX,EGRX,2018-02-26,train
20180226_LNTH,LNTH,2018-02-26,val
20180227_AAON,AAON,2018-02-27,train
20180227_AMSF,AMSF,2018-02-27,train
20180227_ANIP,ANIP,2018-02-27,train
20180227_INGN,INGN,2018-02-27,train
20180228_GTY,GTY,2018-02-28,train
20180228_SUPN,SUPN,2018-02-28,test
20180301_BNED,BNED,2018-03-01,train
20180301_CWT,CWT,2018-03-01,test
20180301_SPOK,SPOK,2018-03-01,train
20180301_SWX,SWX,2018-03-01,train
20180302_ALG,ALG,2018-03-02,train
20180302_EFX,EFX,2018-03-02,train
20180305_ALOG,ALOG,2018-03-05,train
20180306_NX,NX,2018-03-06,test
20180306_PARR,PARR,2018-03-06,train
20180307_COST,COST,2018-03-07,train
20180312_AMPH,AMPH,2018-03-12,train
20180314_VRA,VRA,2018-03-14,test
20180316_BKE,BKE,2018-03-16,train
20180321_SCHL,SCHL,2018-03-21,train
20180322_REX,REX,2018-03-22,train
20180329_MOV,MOV,2018-03-29,val
20180329_WOR,WOR,2018-03-29,train
20180419_EXPO,EXPO,2018-04-19,train
20180420_ABCB,ABCB,2018-04-20,train
20180420_CHE,CHE,2018-04-20,train
20180423_IIIN,IIIN,2018-04-23,train
20180424_ABG,ABG,2018-04-24,train
20180424_HAFC,HAFC,2018-04-24,train
20180424_OI,OI,2018-04-24,val
20180424_SFNC,SFNC,2018-04-24,train
20180425_CBU,CBU,2018-04-25,test
20180425_CPF,CPF,2018-04-25,test
20180425_FCF,FCF,2018-04-25,train
20180425_IRT,IRT,2018-04-25,train
20180425_LAD,LAD,2018-04-25,train
20180425_LMAT,LMAT,2018-04-25,train
20180425_MKSI,MKSI,2018-04-25,train
20180425_MKTX,MKTX,2018-04-25,train
20180425_ROL,ROL,2018-04-25,train
20180425_UMBF,UMBF,2018-04-25,train
20180425_UVE,UVE,2018-04-25,test
20180425_V,V,2018-04-25,train
20180426_AIT,AIT,2018-04-26,train
20180426_AMZN,AMZN,2018-04-26,train
20180426_CME,CME,2018-04-26,train
20180426_DGII,DGII,2018-04-26,train
20180426_DLX,DLX,2018-04-26,val
20180426_EQT,EQT,2018-04-26,test
20180426_FCPT,FCPT,2018-04-26,test
20180426_GEO,GEO,2018-04-26,test
20180426_GPI,GPI,2018-04-26,train
20180426_LSTR,LSTR,2018-04-26,test
20180426_MAT,MAT,2018-04-26,train
20180426_MDXG,MDXG,2018-04-26,train
20180426_POWI,POWI,2018-04-26,val
20180426_SKYW,SKYW,2018-04-26,train
20180426_SPSC,SPSC,2018-04-26,val
20180427_CHTR,CHTR,2018-04-27,train
20180427_CL,CL,2018-04-27,train
20180427_PFS,PFS,2018-04-27,train
20180427_SAIA,SAIA,2018-04-27,test
20180430_CASH,CASH,2018-04-30,val
20180430_DAN,DAN,2018-04-30,val
20180430_INGN,INGN,2018-04-30,train
20180430_NSP,NSP,2018-04-30,test
20180430_TBI,TBI,2018-04-30,train
20180501_CLDT,CLDT,2018-05-01,val
20180501_INCY,INCY,2018-05-01,train
20180501_OGS,OGS,2018-05-01,train
20180501_SBSI,SBSI,2018-05-01,train
20180501_UAA,UAA,2018-05-01,val
20180502_ASH,ASH,2018-05-02,train
20180502_AVA,AVA,2018-05-02,train
20180502_CRUS,CRUS,2018-05-02,train
20180502_FSP,FSP,2018-05-02,train
20180502_JKHY,JKHY,2018-05-02,test
20180502_KHC,KHC,2018-05-02,train
20180502_LAMR,LAMR,2018-05-02,train
20180502_LNTH,LNTH,2018-05-02,val
20180502_MASI,MASI,2018-05-02,train
20180502_NSIT,NSIT,2018-05-02,train
20180502_SKT,SKT,2018-05-02,train
20180502_STRA,STRA,2018-05-02,val
20180502_UTHR,UTHR,2018-05-02,train
20180503_AAON,AAON,2018-05-03,train
20180503_AFG,AFG,2018-05-03,test
20180503_BELFB,BELFB,2018-05-03,train
20180503_EBS,EBS,2018-05-03,train
20180503_ENSG,ENSG,2018-05-03,train
20180503_ILG,ILG,2018-05-03,train
20180503_LNT,LNT,2018-05-03,train
20180503_LQDT,LQDT,2018-05-03,train
20180503_MDU,MDU,2018-05-03,train
20180503_SEE,SEE,2018-05-03,train
20180503_STC,STC,2018-05-03,train
20180504_ALG,ALG,2018-05-04,train
20180504_ASIX,ASIX,2018-05-04,train
20180504_BKH,BKH,2018-05-04,train
20180504_CBOE,CBOE,2018-05-04,train
20180504_GEOS,GEOS,2018-05-04,train
20180504_NJR,NJR,2018-05-04,train
20180504_ROCK,ROCK,2018-05-04,train
20180504_SM,SM,2018-05-04,train
20180507_FN,FN,2018-05-07,train
20180507_MYE,MYE,2018-05-07,train
20180507_PETS,PETS,2018-05-07,train
20180507_TREX,TREX,2018-05-07,val
20180507_WSR,WSR,2018-05-07,train
20180508_AIV,AIV,2018-05-08,test
20180508_ANIP,ANIP,2018-05-08,train
20180508_APEI,APEI,2018-05-08,train
20180508_AWR,AWR,2018-05-08,train
20180508_CORT,CORT,2018-05-08,val
20180508_DIOD,DIOD,2018-05-08,train
20180508_ENTA,ENTA,2018-05-08,train
20180508_ESE,ESE,2018-05-08,train
20180508_KOPN,KOPN,2018-05-08,train
20180508_LGIH,LGIH,2018-05-08,train
20180508_MNST,MNST,2018-05-08,train
20180508_NWN,NWN,2018-05-08,train
20180508_PDFS,PDFS,2018-05-08,train
20180508_SCSC,SCSC,2018-05-08,train
20180508_SWX,SWX,2018-05-08,train
20180509_CHCT,CHCT,2018-05-09,train
20180509_COTY,COTY,2018-05-09,test
20180509_CTRE,CTRE,2018-05-09,test
20180509_PARR,PARR,2018-05-09,train
20180509_POWL,POWL,2018-05-09,train
20180509_PRAA,PRAA,2018-05-09,train
20180509_PRI,PRI,2018-05-09,test
20180509_TRIP,TRIP,2018-05-09,test
20180510_EGRX,EGRX,2018-05-10,train
20180510_FTK,FTK,2018-05-10,train
20180510_KELYA,KELYA,2018-05-10,test
20180510_KLIC,KLIC,2018-05-10,val
20180510_WRLD,WRLD,2018-05-10,train
20180514_ITRI,ITRI,2018-05-14,train
20180525_BKE,BKE,2018-05-25,train
20180530_ADI,ADI,2018-05-30,train
20180530_CVCO,CVCO,2018-05-30,train
20180530_DAKT,DAKT,2018-05-30,test
20180530_MOV,MOV,2018-05-30,val
20180531_CRVL,CRVL,2018-05-31,train
20180605_GCO,GCO,2018-06-05,train
