dataset,condition,year,quarter,horizon,model,n_test,mse,published_mse,reason
dec,published_rolling,2021,first,3,stpev_mean,90,0.36757944887830923,,
dec,published_rolling,2021,first,3,pev_mean,90,0.43299520718620205,,
dec,published_rolling,2021,first,7,stpev_mean,90,0.14944115688215068,,
dec,published_rolling,2021,first,7,pev_mean,90,0.20916566779467663,,
dec,published_rolling,2021,first,15,stpev_mean,90,0.06682074281219984,,
dec,published_rolling,2021,first,15,pev_mean,90,0.1151274054501723,,
dec,published_rolling,2021,first,30,stpev_mean,90,0.04084374970541943,,
dec,published_rolling,2021,first,30,pev_mean,90,0.10487116093747754,,
dec,published_rolling,2021,first,0,stpev_mean,90,0.1561712745695198,,
dec,published_rolling,2021,first,0,pev_mean,90,0.21553986034213213,,
dec,published_rolling,2021,second,3,stpev_mean,90,0.4634260360860312,,
dec,published_rolling,2021,second,3,pev_mean,90,0.4522084226496176,,
dec,published_rolling,2021,second,7,stpev_mean,90,0.2091197539235867,,
dec,published_rolling,2021,second,7,pev_mean,90,0.2427674878109859,,
dec,published_rolling,2021,second,15,stpev_mean,90,0.15006324824961842,,
dec,published_rolling,2021,second,15,pev_mean,90,0.18795128869955932,,
dec,published_rolling,2021,second,30,stpev_mean,90,0.17310297138532232,,
dec,published_rolling,2021,second,30,pev_mean,90,0.21872642112768964,,
dec,published_rolling,2021,second,0,stpev_mean,90,0.24892800241113966,,
dec,published_rolling,2021,second,0,pev_mean,90,0.2754134050719631,,
dec,published_rolling,2021,third,3,stpev_mean,90,0.525057285796382,,
dec,published_rolling,2021,third,3,pev_mean,90,0.5887071140857694,,
dec,published_rolling,2021,third,7,stpev_mean,90,0.3531296582768762,,
dec,published_rolling,2021,third,7,pev_mean,90,0.44015721195952,,
dec,published_rolling,2021,third,15,stpev_mean,90,0.25959279749616176,,
dec,published_rolling,2021,third,15,pev_mean,90,0.3540263036401619,,
dec,published_rolling,2021,third,30,stpev_mean,90,0.19628828160166212,,
dec,published_rolling,2021,third,30,pev_mean,90,0.2809755822621712,,
dec,published_rolling,2021,third,0,stpev_mean,90,0.33351700579277055,,
dec,published_rolling,2021,third,0,pev_mean,90,0.4159665529869056,,
dec,published_rolling,2021,fourth,3,stpev_mean,90,0.5361721528643494,,
dec,published_rolling,2021,fourth,3,pev_mean,90,0.5676179138796577,,
dec,published_rolling,2021,fourth,7,stpev_mean,90,0.17693238760817862,,
dec,published_rolling,2021,fourth,7,pev_mean,90,0.25996749684027964,,
dec,published_rolling,2021,fourth,15,stpev_mean,90,0.11370110056673592,,
dec,published_rolling,2021,fourth,15,pev_mean,90,0.19936074828923295,,
dec,published_rolling,2021,fourth,30,stpev_mean,90,0.06205872696362749,,
dec,published_rolling,2021,fourth,30,pev_mean,90,0.12703927595936307,,
dec,published_rolling,2021,fourth,0,stpev_mean,90,0.22221609200072284,,
dec,published_rolling,2021,fourth,0,pev_mean,90,0.2884963587421333,,
dec,published_rolling,2022,first,3,stpev_mean,90,0.5839199637167145,,
dec,published_rolling,2022,first,3,pev_mean,90,0.620799459690034,,
dec,published_rolling,2022,first,7,stpev_mean,90,0.24534255823654144,,
dec,published_rolling,2022,first,7,pev_mean,90,0.32833428542406873,,
dec,published_rolling,2022,first,15,stpev_mean,90,0.1520738071167864,,
dec,published_rolling,2022,first,15,pev_mean,90,0.21690046997532586,,
dec,published_rolling,2022,first,30,stpev_mean,90,0.09874587947860253,,
dec,published_rolling,2022,first,30,pev_mean,90,0.14898680650481275,,
dec,published_rolling,2022,first,0,stpev_mean,90,0.2700205521371612,,
dec,published_rolling,2022,first,0,pev_mean,90,0.3287552553985604,,
dec,published_rolling,2022,second,3,stpev_mean,90,0.6401194499419541,,
dec,published_rolling,2022,second,3,pev_mean,90,0.7280385822672202,,
dec,published_rolling,2022,second,7,stpev_mean,90,0.2703894216452716,,
dec,published_rolling,2022,second,7,pev_mean,90,0.35406579863262194,,
dec,published_rolling,2022,second,15,stpev_mean,90,0.20073107046057312,,
dec,published_rolling,2022,second,15,pev_mean,90,0.28082126008642305,,
dec,published_rolling,2022,second,30,stpev_mean,90,0.12933434712365346,,
dec,published_rolling,2022,second,30,pev_mean,90,0.19104247782704584,,
dec,published_rolling,2022,second,0,stpev_mean,90,0.31014357229286305,,
dec,published_rolling,2022,second,0,pev_mean,90,0.38849202970332775,,
dec,published_rolling,2022,third,3,stpev_mean,90,0.5921146634545065,,
dec,published_rolling,2022,third,3,pev_mean,90,0.6467974053794283,,
dec,published_rolling,2022,third,7,stpev_mean,90,0.21854458555695935,,
dec,published_rolling,2022,third,7,pev_mean,90,0.2846286739001827,,
dec,published_rolling,2022,third,15,stpev_mean,90,0.10362289478767948,,
dec,published_rolling,2022,third,15,pev_mean,90,0.1848045267371565,,
dec,published_rolling,2022,third,30,stpev_mean,90,0.056778805798098984,,
dec,published_rolling,2022,third,30,pev_mean,90,0.12079798246082302,,
dec,published_rolling,2022,third,0,stpev_mean,90,0.24276523739931108,,
dec,published_rolling,2022,third,0,pev_mean,90,0.3092571471193976,,
dec,published_rolling,2022,fourth,3,stpev_mean,90,0.5987172473687934,,
dec,published_rolling,2022,fourth,3,pev_mean,90,0.622030627614955,,
dec,published_rolling,2022,fourth,7,stpev_mean,90,0.23585114332989632,,
dec,published_rolling,2022,fourth,7,pev_mean,90,0.28677393343615754,,
dec,published_rolling,2022,fourth,15,stpev_mean,90,0.18327470608493732,,
dec,published_rolling,2022,fourth,15,pev_mean,90,0.22328535984342174,,
dec,published_rolling,2022,fourth,30,stpev_mean,90,0.09471021962461154,,
dec,published_rolling,2022,fourth,30,pev_mean,90,0.14402809816828005,,
dec,published_rolling,2022,fourth,0,stpev_mean,90,0.2781383291020596,,
dec,published_rolling,2022,fourth,0,pev_mean,90,0.3190295047657036,,
dec,published_rolling,2023,first,3,stpev_mean,90,0.6114587852442328,,
dec,published_rolling,2023,first,3,pev_mean,90,0.724624710179583,,
dec,published_rolling,2023,first,7,stpev_mean,90,0.1800656897058285,,
dec,published_rolling,2023,first,7,pev_mean,90,0.23580166580687628,,
dec,published_rolling,2023,first,15,stpev_mean,90,0.09291467925121345,,
dec,published_rolling,2023,first,15,pev_mean,90,0.15042437212212403,,
dec,published_rolling,2023,first,30,stpev_mean,90,0.07380265783459608,,
dec,published_rolling,2023,first,30,pev_mean,90,0.12431278844422455,,
dec,published_rolling,2023,first,0,stpev_mean,90,0.2395604530089677,0.239,
dec,published_rolling,2023,first,0,pev_mean,90,0.308790884138202,0.309,
dec,published_rolling,2023,second,3,stpev_mean,90,0.6012247893230527,,
dec,published_rolling,2023,second,3,pev_mean,90,0.7231722632467213,,
dec,published_rolling,2023,second,7,stpev_mean,90,0.20908002557718702,,
dec,published_rolling,2023,second,7,pev_mean,90,0.2795889911701588,,
dec,published_rolling,2023,second,15,stpev_mean,90,0.12184250122447815,,
dec,published_rolling,2023,second,15,pev_mean,90,0.1869440999159133,,
dec,published_rolling,2023,second,30,stpev_mean,90,0.0808280734981024,,
dec,published_rolling,2023,second,30,pev_mean,90,0.1345804035481961,,
dec,published_rolling,2023,second,0,stpev_mean,90,0.25324384740570505,0.253,
dec,published_rolling,2023,second,0,pev_mean,90,0.33107143947024736,0.33,
dec,published_rolling,2023,third,3,stpev_mean,90,0.4320802097577383,,
dec,published_rolling,2023,third,3,pev_mean,90,0.46406114637691925,,
dec,published_rolling,2023,third,7,stpev_mean,90,0.2147386171034015,,
dec,published_rolling,2023,third,7,pev_mean,90,0.24926357084456824,,
dec,published_rolling,2023,third,15,stpev_mean,90,0.13224927605710096,,
dec,published_rolling,2023,third,15,pev_mean,90,0.17313891844139687,,
dec,published_rolling,2023,third,30,stpev_mean,90,0.13044838835021388,,
dec,published_rolling,2023,third,30,pev_mean,90,0.16933561395206942,,
dec,published_rolling,2023,third,0,stpev_mean,90,0.22737912281711364,0.227,
dec,published_rolling,2023,third,0,pev_mean,90,0.26394981240373844,0.262,
dec,published_rolling,2023,fourth,3,stpev_mean,90,0.5197555920891652,,
dec,published_rolling,2023,fourth,3,pev_mean,90,0.5849606809360078,,
dec,published_rolling,2023,fourth,7,stpev_mean,90,0.21541747735542313,,
dec,published_rolling,2023,fourth,7,pev_mean,90,0.24513350634406766,,
dec,published_rolling,2023,fourth,15,stpev_mean,90,0.13292700518978462,,
dec,published_rolling,2023,fourth,15,pev_mean,90,0.14763519362970462,,
dec,published_rolling,2023,fourth,30,stpev_mean,90,0.11760331137370608,,
dec,published_rolling,2023,fourth,30,pev_mean,90,0.13505240152945253,,
dec,published_rolling,2023,fourth,0,stpev_mean,90,0.24642584650201976,0.246,
dec,published_rolling,2023,fourth,0,pev_mean,90,0.2781954456098082,0.278,
dec,ticker_disjoint,0,all,3,stpev_mean,0,,,undefined_without_same_ticker_history
dec,ticker_disjoint,0,all,7,stpev_mean,0,,,undefined_without_same_ticker_history
dec,ticker_disjoint,0,all,15,stpev_mean,0,,,undefined_without_same_ticker_history
dec,ticker_disjoint,0,all,30,stpev_mean,0,,,undefined_without_same_ticker_history
dec,ticker_disjoint,0,all,0,stpev_mean,0,,,undefined_without_same_ticker_history
