dataset,year,condition,horizon,n_train,n_val,n_test,mse,val_mse,best_epoch,persistence_mse,speaker_nodes,text_encoder,published_reference
fincall,2019,their,3,564,81,162,0.6923164183100483,0.76495489512681,36,1.4288910563572135,role_typed_global,textcnn_glove6b,0.453
fincall,2019,their,7,564,81,162,0.31981121161832776,0.2794947589808073,53,0.566138212284168,role_typed_global,textcnn_glove6b,0.3236
fincall,2019,their,15,564,81,162,0.20613533244795537,0.20705021759868777,44,0.2891246799230723,role_typed_global,textcnn_glove6b,0.1898
fincall,2019,their,30,564,81,162,0.13374456964370643,0.19505033491425935,28,0.13930303150793666,role_typed_global,textcnn_glove6b,
fincall,2019,anchor_heldout,3,564,81,59,0.7033804196358148,0.7540646295024908,36,1.489054190593099,role_typed_global,textcnn_glove6b,0.453
fincall,2019,anchor_heldout,7,564,81,59,0.3083344601424264,0.2797004912490151,53,0.5567556829942131,role_typed_global,textcnn_glove6b,0.3236
fincall,2019,anchor_heldout,15,564,81,59,0.19065585390318723,0.2070059598362638,44,0.30371119247103373,role_typed_global,textcnn_glove6b,0.1898
fincall,2019,anchor_heldout,30,564,81,59,0.13599895175350996,0.19504871731435255,28,0.1436160257961672,role_typed_global,textcnn_glove6b,
fincall,2019,ticker_disjoint,3,379,61,59,0.8102907728830612,0.6119483984381697,0,1.489054190593099,role_typed_global,textcnn_glove6b,0.453
fincall,2019,ticker_disjoint,7,379,61,59,0.3310634402133261,0.2572206959820146,30,0.5567556829942131,role_typed_global,textcnn_glove6b,0.3236
fincall,2019,ticker_disjoint,15,379,61,59,0.22532404784299023,0.17067185540943478,25,0.30371119247103373,role_typed_global,textcnn_glove6b,0.1898
fincall,2019,ticker_disjoint,30,379,61,59,0.14747544295068934,0.16249819046381814,27,0.1436160257961672,role_typed_global,textcnn_glove6b,
fincall,2019,embargoed,3,390,76,162,0.7664915847226245,0.6742446616494883,20,1.4288910563572135,role_typed_global,textcnn_glove6b,0.453
fincall,2019,embargoed,7,390,76,162,0.3651934467386713,0.3055653394918451,18,0.566138212284168,role_typed_global,textcnn_glove6b,0.3236
fincall,2019,embargoed,15,390,76,162,0.226501357339336,0.21476396654210617,26,0.2891246799230723,role_typed_global,textcnn_glove6b,0.1898
fincall,2019,embargoed,30,390,76,162,0.16491578627433354,0.16642623708568235,32,0.13930303150793666,role_typed_global,textcnn_glove6b,
fincall,2020,their,3,421,60,121,0.6207394929554296,0.5197155291261122,0,1.4094257161503592,role_typed_global,textcnn_glove6b,0.4549
fincall,2020,their,7,421,60,121,0.3495647933921744,0.2553074978680837,0,0.33538051288916043,role_typed_global,textcnn_glove6b,0.2884
fincall,2020,their,15,421,60,121,0.39150264231855014,0.31440834074161095,0,0.18390369452904826,role_typed_global,textcnn_glove6b,0.181
fincall,2020,their,30,421,60,121,0.27010029034837413,0.23896115908663434,0,0.10085835664069388,role_typed_global,textcnn_glove6b,
fincall,2020,anchor_heldout,3,421,60,42,0.5907718033360894,0.5197155273141989,0,1.8485223356880707,role_typed_global,textcnn_glove6b,0.4549
fincall,2020,anchor_heldout,7,421,60,42,0.27614616563890104,0.25530901629509206,0,0.26298727277320805,role_typed_global,textcnn_glove6b,0.2884
fincall,2020,anchor_heldout,15,421,60,42,0.3607128827729242,0.3144086373767609,0,0.15577640828956704,role_typed_global,textcnn_glove6b,0.181
fincall,2020,anchor_heldout,30,421,60,42,0.2612779124113566,0.23896068699991108,0,0.1050408076065757,role_typed_global,textcnn_glove6b,
fincall,2020,ticker_disjoint,3,286,42,42,0.7556099350833113,0.6544575508434127,13,1.8485223356880707,role_typed_global,textcnn_glove6b,0.4549
fincall,2020,ticker_disjoint,7,286,42,42,0.2143037558383275,0.17228787821236669,45,0.26298727277320805,role_typed_global,textcnn_glove6b,0.2884
fincall,2020,ticker_disjoint,15,286,42,42,0.23028785930787432,0.18291755925472547,24,0.15577640828956704,role_typed_global,textcnn_glove6b,0.181
fincall,2020,ticker_disjoint,30,286,42,42,0.38637690419505094,0.3763294756723676,6,0.1050408076065757,role_typed_global,textcnn_glove6b,
fincall,2020,embargoed,3,154,45,121,0.7300822612062589,0.7439936435648606,31,1.4094257161503592,role_typed_global,textcnn_glove6b,0.4549
fincall,2020,embargoed,7,154,45,121,0.386811640472888,0.257054765443117,70,0.33538051288916043,role_typed_global,textcnn_glove6b,0.2884
fincall,2020,embargoed,15,154,45,121,0.40149120648584913,0.2803265182897589,45,0.18390369452904826,role_typed_global,textcnn_glove6b,0.181
fincall,2020,embargoed,30,154,45,121,1.186910712401936,0.6962996651999426,2,0.10085835664069388,role_typed_global,textcnn_glove6b,
fincall,2021,their,3,628,90,180,0.7935966510624335,0.9071810915375832,3,1.3009184166006686,role_typed_global,textcnn_glove6b,0.409
fincall,2021,their,7,628,90,180,0.34364329589484466,0.40759803531616456,20,0.46457665987274693,role_typed_global,textcnn_glove6b,0.2886
fincall,2021,their,15,628,90,180,0.18170717156249813,0.20951598167963278,22,0.2252933221328824,role_typed_global,textcnn_glove6b,0.2036
fincall,2021,their,30,628,90,180,0.08233712802283333,0.09191172436127099,43,0.11760693211353315,role_typed_global,textcnn_glove6b,
fincall,2021,anchor_heldout,3,628,90,60,0.7201568166409973,0.9071590609651387,3,1.0725560747737588,role_typed_global,textcnn_glove6b,0.409
fincall,2021,anchor_heldout,7,628,90,60,0.39562590203441295,0.40762138995420477,20,0.45550540874102513,role_typed_global,textcnn_glove6b,0.2886
fincall,2021,anchor_heldout,15,628,90,60,0.22681255444867404,0.20952707485020375,22,0.2474164454988929,role_typed_global,textcnn_glove6b,0.2036
fincall,2021,anchor_heldout,30,628,90,60,0.083900758836244,0.0919401740189023,43,0.10203395827870516,role_typed_global,textcnn_glove6b,
fincall,2021,ticker_disjoint,3,427,58,60,0.7263810835630423,0.9589961387075723,0,1.0725560747737588,role_typed_global,textcnn_glove6b,0.409
fincall,2021,ticker_disjoint,7,427,58,60,0.40239950780318856,0.3803558278112723,0,0.45550540874102513,role_typed_global,textcnn_glove6b,0.2886
fincall,2021,ticker_disjoint,15,427,58,60,0.22889059255770727,0.2272698537918379,28,0.2474164454988929,role_typed_global,textcnn_glove6b,0.2036
fincall,2021,ticker_disjoint,30,427,58,60,0.08326685841212846,0.10538466362485024,51,0.10203395827870516,role_typed_global,textcnn_glove6b,
fincall,2021,embargoed,3,419,86,180,0.7401156620107596,0.7742248904408027,0,1.3009184166006686,role_typed_global,textcnn_glove6b,0.409
fincall,2021,embargoed,7,419,86,180,0.32362163348084527,0.4263503862330632,0,0.46457665987274693,role_typed_global,textcnn_glove6b,0.2886
fincall,2021,embargoed,15,419,86,180,0.2770243149314246,0.37820912300984505,0,0.2252933221328824,role_typed_global,textcnn_glove6b,0.2036
fincall,2021,embargoed,30,419,86,180,0.08227530953586905,0.11206770537031133,60,0.11760693211353315,role_typed_global,textcnn_glove6b,
