stage,dataset,split,target,horizon,segment,n,r2_oos,mse,dm_p_vs_stage1,holm_p_vs_stage1
S0_HAR,fincall,combined,dv,3,test,92,0.3525489972971954,0.6933921773559792,,
S0_HAR,fincall,combined,dv,3,val,21,0.6364091235524978,0.3877132666709202,,
S0_persistence,fincall,combined,dv,3,test,92,0.0,1.0709569905079948,,
S0_persistence,fincall,combined,dv,3,val,21,0.0,1.0663448721791593,,
S1_GBDT,fincall,combined,dv,3,test,92,0.1897765903433804,0.8677144244449796,,
S1_GBDT,fincall,combined,dv,3,val,21,0.5305029768608357,0.500645743127828,,
S2_text,fincall,combined,dv,3,test,92,0.0431689445903354,1.0247249075261229,0.2280943650781404,0.523954542117
S2_text,fincall,combined,dv,3,val,21,0.2996192640916272,0.7468474063089593,0.2942227592068367,
S3_audio,fincall,combined,dv,3,test,92,0.1595774685008907,0.9000563850893966,0.7387908473445197,1.0
S3_audio,fincall,combined,dv,3,val,21,0.2082868162154832,0.8442392937652556,0.2144980075518178,
S4_fusion,fincall,combined,dv,3,test,92,0.0023933539979592,1.0683938113131202,0.0210700623110953,0.0421401246221906
S4_fusion,fincall,combined,dv,3,val,21,0.7400552574550634,0.2771907432627248,0.0712557830120046,
S0_HAR,fincall,combined,dv,7,test,92,0.2319089398521152,0.2547746298434913,,
S0_HAR,fincall,combined,dv,7,val,21,0.4769740923381402,0.2645923652310717,,
S0_persistence,fincall,combined,dv,7,test,92,0.0,0.3316984704840051,,
S0_persistence,fincall,combined,dv,7,val,21,0.0,0.5058876842524075,,
S1_GBDT,fincall,combined,dv,7,test,92,-0.0248558479791398,0.3399431172412688,,
S1_GBDT,fincall,combined,dv,7,val,21,0.3330273736868681,0.3374132373852966,,
S2_text,fincall,combined,dv,7,test,92,0.0322845019559715,0.3209897505648715,0.7048022482189137,0.7048022482189137
S2_text,fincall,combined,dv,7,val,21,0.1031524713930154,0.4537041193744822,0.3647136485004786,
S3_audio,fincall,combined,dv,7,test,92,-0.0152109636954202,0.3367439238763637,0.9922095339654476,1.0
S3_audio,fincall,combined,dv,7,val,21,-0.1148459295255872,0.5639868255859221,0.1160684211027343,
S4_fusion,fincall,combined,dv,7,test,92,-0.4153817073609036,0.4694799474826515,0.0015307275407403,0.0058700563591532
S4_fusion,fincall,combined,dv,7,val,21,0.6028215080444455,0.2009277075302589,0.1023398559562915,
S0_HAR,fincall,combined,dv,15,test,92,0.128078957623574,0.1586609176709301,,
S0_HAR,fincall,combined,dv,15,val,21,0.4708785198255935,0.1398721458860581,,
S0_persistence,fincall,combined,dv,15,test,92,0.0,0.1819670703651088,,
S0_persistence,fincall,combined,dv,15,val,21,0.0,0.2643478882013146,,
S1_GBDT,fincall,combined,dv,15,test,92,-0.4007681997361357,0.2548936855665922,,
S1_GBDT,fincall,combined,dv,15,val,21,0.2283997151267876,0.2039709058417665,,
S2_text,fincall,combined,dv,15,test,92,-0.7012606886118455,0.3095734234340251,0.174651514039,0.523954542117
S2_text,fincall,combined,dv,15,val,21,0.1964672500682462,0.2124121855450541,0.8285775588290033,
S3_audio,fincall,combined,dv,15,test,92,-0.0379323302116245,0.18886950536584,0.0381284756002301,0.11438542680069029
S3_audio,fincall,combined,dv,15,val,21,-0.0497812899467211,0.2775074670706677,0.1962018485664537,
S4_fusion,fincall,combined,dv,15,test,92,-0.7714212243598244,0.3223403305793313,0.0411952111159631,0.0421401246221906
S4_fusion,fincall,combined,dv,15,val,21,0.5816207681768311,0.1105976663997429,0.0886433240902415,
S0_HAR,fincall,combined,dv,30,test,92,-0.1906390424486836,0.1274874779883357,,
S0_HAR,fincall,combined,dv,30,val,21,-0.3596271616897539,0.0921864959875334,,
S0_persistence,fincall,combined,dv,30,test,92,0.0,0.1070748341379292,,
S0_persistence,fincall,combined,dv,30,val,21,0.0,0.0678027760735254,,
S1_GBDT,fincall,combined,dv,30,test,92,-0.875418663660656,0.2008101423506416,,
S1_GBDT,fincall,combined,dv,30,val,21,-1.322982840847675,0.1575046853806369,,
S2_text,fincall,combined,dv,30,test,92,-0.1951199557415206,0.1279672710359526,0.0118595622051227,0.0474382488204908
S2_text,fincall,combined,dv,30,val,21,-0.1825048665390718,0.0801771126718028,0.1862636879322484,
S3_audio,fincall,combined,dv,30,test,92,-0.0780645876616408,0.1154335869138452,0.002840967623947,0.011363870495788
S3_audio,fincall,combined,dv,30,val,21,-0.344546583282578,0.0911639909067324,0.2302929083716322,
S4_fusion,fincall,combined,dv,30,test,92,-0.0302392603721217,0.1103126979267278,0.0014675140897883,0.0058700563591532
S4_fusion,fincall,combined,dv,30,val,21,0.1238803642245863,0.059403343478099,0.0852568390337104,
S0_HAR,fincall,combined,har_resid,3,test,92,0.0,0.6933921773559792,,
S0_HAR,fincall,combined,har_resid,3,val,21,0.0,0.3877132666709202,,
S0_persistence,fincall,combined,har_resid,3,test,92,0.0,0.6933921773559792,,
S0_persistence,fincall,combined,har_resid,3,val,21,0.0,0.3877132666709202,,
S1_GBDT,fincall,combined,har_resid,3,test,92,-0.2331650052824873,0.8550669680520215,,
S1_GBDT,fincall,combined,har_resid,3,val,21,-0.488859113087321,0.5772504303478543,,
S2_text,fincall,combined,har_resid,3,test,92,-0.0230119535549817,0.7093484859366828,0.0673219267275309,
S2_text,fincall,combined,har_resid,3,val,21,-0.203479555418514,0.4666049898029787,0.2031270986547954,
S3_audio,fincall,combined,har_resid,3,test,92,0.0162723025818095,0.682109090038183,0.0171481543327121,
S3_audio,fincall,combined,har_resid,3,val,21,-0.253715451851509,0.4860821133131573,0.3375151312727,
S4_fusion,fincall,combined,har_resid,3,test,92,-0.4791705133483579,1.0256452629313793,0.2420587674907419,
S4_fusion,fincall,combined,har_resid,3,val,21,0.4886997874781338,0.1982378756463884,0.0168093495551433,
S0_HAR,fincall,combined,har_resid,7,test,92,0.0,0.2547746298434913,,
S0_HAR,fincall,combined,har_resid,7,val,21,0.0,0.2645923652310717,,
S0_persistence,fincall,combined,har_resid,7,test,92,0.0,0.2547746298434913,,
S0_persistence,fincall,combined,har_resid,7,val,21,0.0,0.2645923652310717,,
S1_GBDT,fincall,combined,har_resid,7,test,92,-0.3038923538739932,0.3321986918140053,,
S1_GBDT,fincall,combined,har_resid,7,val,21,-0.2638108876913625,0.334394711979038,,
S2_text,fincall,combined,har_resid,7,test,92,-0.0266272437141641,0.26155857600452,0.0123669813724592,
S2_text,fincall,combined,har_resid,7,val,21,-0.0102590706292546,0.2673068369939388,0.3466303311565996,
S3_audio,fincall,combined,har_resid,7,test,92,0.0233632319340828,0.2488222710755377,0.0025859779365724,
S3_audio,fincall,combined,har_resid,7,val,21,-0.2466332725219073,0.3298496461523227,0.9809774704750612,
S4_fusion,fincall,combined,har_resid,7,test,92,-0.4369449586453238,0.3660971199443334,0.3399773523865858,
S4_fusion,fincall,combined,har_resid,7,val,21,0.3362312640302722,0.175628139816669,0.1002849234476003,
S0_HAR,fincall,combined,har_resid,15,test,92,0.0,0.1586609176709301,,
S0_HAR,fincall,combined,har_resid,15,val,21,0.0,0.1398721458860581,,
S0_persistence,fincall,combined,har_resid,15,test,92,0.0,0.1586609176709301,,
S0_persistence,fincall,combined,har_resid,15,val,21,0.0,0.1398721458860581,,
S1_GBDT,fincall,combined,har_resid,15,test,92,-0.5856534975636718,0.2515812390315721,,
S1_GBDT,fincall,combined,har_resid,15,val,21,-0.5265793773391394,0.2135259333738279,,
S2_text,fincall,combined,har_resid,15,test,92,-0.0308830587464583,0.1635608521121284,0.0010603209439963,
S2_text,fincall,combined,har_resid,15,val,21,-0.013848737848358,0.1418091985667214,0.1042841567759722,
S3_audio,fincall,combined,har_resid,15,test,92,0.0385686696812357,0.1525415771459582,0.0001808119204097,
S3_audio,fincall,combined,har_resid,15,val,21,-0.2121249703451784,0.1695425206842547,0.2917531294128291,
S4_fusion,fincall,combined,har_resid,15,test,92,-0.4932685647420727,0.23692336081113,0.6787802718631718,
S4_fusion,fincall,combined,har_resid,15,val,21,0.4051345296345752,0.0832051098535313,0.0535005237945458,
S0_HAR,fincall,combined,har_resid,30,test,92,0.0,0.1274874779883357,,
S0_HAR,fincall,combined,har_resid,30,val,21,0.0,0.0921864959875334,,
S0_persistence,fincall,combined,har_resid,30,test,92,0.0,0.1274874779883357,,
S0_persistence,fincall,combined,har_resid,30,val,21,0.0,0.0921864959875334,,
S1_GBDT,fincall,combined,har_resid,30,test,92,-0.5949234172871408,0.2033327640544754,,
S1_GBDT,fincall,combined,har_resid,30,val,21,-0.5584134941823207,0.1436646793283564,,
S2_text,fincall,combined,har_resid,30,test,92,-0.0218363755552097,0.1302713424362755,0.0037017133447859,
S2_text,fincall,combined,har_resid,30,val,21,0.0426023649957527,0.088259133237793,0.1283682037483403,
S3_audio,fincall,combined,har_resid,30,test,92,-0.0036420538813284,0.1279517942523639,0.0007359382994915,
S3_audio,fincall,combined,har_resid,30,val,21,-0.1766056107316005,0.108467148412618,0.3225357514225613,
S4_fusion,fincall,combined,har_resid,30,test,92,-0.0087222216009772,0.1285994520226996,0.0028857436246145,
S4_fusion,fincall,combined,har_resid,30,val,21,0.1278750006412952,0.0803981477540088,0.0615972179392897,
S0_HAR,fincall,combined,v,3,test,92,0.3525489972971954,0.6933921773559792,,
S0_HAR,fincall,combined,v,3,val,21,0.6364091235524978,0.3877132666709202,,
S0_persistence,fincall,combined,v,3,test,92,0.0,1.0709569905079948,,
S0_persistence,fincall,combined,v,3,val,21,0.0,1.0663448721791593,,
S1_GBDT,fincall,combined,v,3,test,92,0.1884159861391891,0.8691715730287728,,
S1_GBDT,fincall,combined,v,3,val,21,0.4526251528995401,0.5836903613654268,,
S2_text,fincall,combined,v,3,test,92,0.2237033601363001,0.8313803131698967,0.7463482508127769,
S2_text,fincall,combined,v,3,val,21,0.708259760101547,0.311095708824033,0.0121243483515431,
S3_audio,fincall,combined,v,3,test,92,0.2464588965217901,0.8070101124050971,0.5453090031105235,
S3_audio,fincall,combined,v,3,val,21,0.6446034331944963,0.3789753066031268,0.0918635769093453,
S4_fusion,fincall,combined,v,3,test,92,-0.0785299269016652,1.155059164687415,0.0916742473679729,
S4_fusion,fincall,combined,v,3,val,21,0.8421054566838546,0.1683700366102417,0.0124523313156998,
S0_HAR,fincall,combined,v,7,test,92,0.2319089398521152,0.2547746298434913,,
S0_HAR,fincall,combined,v,7,val,21,0.4769740923381402,0.2645923652310717,,
S0_persistence,fincall,combined,v,7,test,92,0.0,0.3316984704840051,,
S0_persistence,fincall,combined,v,7,val,21,0.0,0.5058876842524075,,
S1_GBDT,fincall,combined,v,7,test,92,-0.0290510579977763,0.3413346619878097,,
S1_GBDT,fincall,combined,v,7,val,21,0.3364790499147886,0.3356670768915649,,
S2_text,fincall,combined,v,7,test,92,-0.0441904856587,0.3463563869869413,0.8503073959322173,
S2_text,fincall,combined,v,7,val,21,0.5387167244841544,0.2333575280350763,0.2128800458225398,
S3_audio,fincall,combined,v,7,test,92,-0.0012871316112386,0.3321254100707646,0.8665132140119607,
S3_audio,fincall,combined,v,7,val,21,0.3862211921756681,0.3105031397334546,0.8008502140675894,
S4_fusion,fincall,combined,v,7,test,92,-0.3456366382475873,0.4463456147339632,0.0249647495512504,
S4_fusion,fincall,combined,v,7,val,21,0.6312325587556654,0.1865549068787821,0.0853268740241319,
S0_HAR,fincall,combined,v,15,test,92,0.128078957623574,0.1586609176709301,,
S0_HAR,fincall,combined,v,15,val,21,0.4708785198255935,0.1398721458860581,,
S0_persistence,fincall,combined,v,15,test,92,0.0,0.1819670703651088,,
S0_persistence,fincall,combined,v,15,val,21,0.0,0.2643478882013146,,
S1_GBDT,fincall,combined,v,15,test,92,-0.3678498807110988,0.2489036354922622,,
S1_GBDT,fincall,combined,v,15,val,21,0.1844285527564615,0.2155945897561192,,
S2_text,fincall,combined,v,15,test,92,-0.2874551345930436,0.234274439068413,0.7170717061844735,
S2_text,fincall,combined,v,15,val,21,0.5928291050921763,0.1076347662059226,0.0109055412305057,
S3_audio,fincall,combined,v,15,test,92,-0.267962490145478,0.2307274196646208,0.5967764956817214,
S3_audio,fincall,combined,v,15,val,21,0.4210289674095399,0.1530497697950226,0.1568376275240059,
S4_fusion,fincall,combined,v,15,test,92,-0.5949757281997397,0.2902330605639627,0.2104270733645233,
S4_fusion,fincall,combined,v,15,val,21,0.6923158919540638,0.0813356441950483,0.014414522537143,
S0_HAR,fincall,combined,v,30,test,92,-0.1906390424486836,0.1274874779883357,,
S0_HAR,fincall,combined,v,30,val,21,-0.3596271616897539,0.0921864959875334,,
S0_persistence,fincall,combined,v,30,test,92,0.0,0.1070748341379292,,
S0_persistence,fincall,combined,v,30,val,21,0.0,0.0678027760735254,,
S1_GBDT,fincall,combined,v,30,test,92,-0.8936030968643471,0.2027572375198191,,
S1_GBDT,fincall,combined,v,30,val,21,-1.1296941313023532,0.1443991742897948,,
S2_text,fincall,combined,v,30,test,92,-0.9232545745822156,0.2059321645784044,0.8708208342110728,
S2_text,fincall,combined,v,30,val,21,-0.6504789075841746,0.1119070517850067,0.2581525574767064,
S3_audio,fincall,combined,v,30,test,92,-0.8210782733354753,0.1949916540695826,0.8501393592454695,
S3_audio,fincall,combined,v,30,val,21,-1.304215002018169,0.156232173807096,0.7279117370060253,
S4_fusion,fincall,combined,v,30,test,92,-0.5835045582016822,0.1695534879261,0.200123089212372,
S4_fusion,fincall,combined,v,30,val,21,-0.3990715208150976,0.0948609330366728,0.043789294573486,
S0_HAR,fincall,temporal,dv,3,test,481,0.4639092629014275,0.6295258267009284,,
S0_HAR,fincall,temporal,dv,3,val,228,0.632890584042574,0.4682819026174736,,
S0_persistence,fincall,temporal,dv,3,test,481,0.0,1.1742896922786703,,
S0_persistence,fincall,temporal,dv,3,val,228,0.0,1.2755921865860853,,
S1_GBDT,fincall,temporal,dv,3,test,481,0.3436134772523607,0.7707879278131918,,
S1_GBDT,fincall,temporal,dv,3,val,228,0.5188743809281442,0.6137200804544525,,
S2_text,fincall,temporal,dv,3,test,481,-1.6784776353837887,3.1453086782301303,0.2957362871995242,1.0
S2_text,fincall,temporal,dv,3,val,228,0.3684415197737369,0.8056110627488038,0.0089800744321251,
S3_audio,fincall,temporal,dv,3,test,481,0.214278634009403,0.9226645010858748,0.406942298263466,1.0
S3_audio,fincall,temporal,dv,3,val,228,0.5377833185755667,0.5895999873347568,0.7428979211839707,
S4_fusion,fincall,temporal,dv,3,test,481,0.2320987311947691,0.9017385446456953,0.5417021813747075,1.0
S4_fusion,fincall,temporal,dv,3,val,228,0.5913820099666844,0.5212299153850083,0.0042075029658793,
S0_HAR,fincall,temporal,dv,7,test,481,0.4096462590804609,0.247143453986268,,
S0_HAR,fincall,temporal,dv,7,val,228,0.4436789835703291,0.1960119231165444,,
S0_persistence,fincall,temporal,dv,7,test,481,0.0,0.4186362122501599,,
S0_persistence,fincall,temporal,dv,7,val,228,0.0,0.3523360026455586,,
S1_GBDT,fincall,temporal,dv,7,test,481,0.2475353442242339,0.3150089533460871,,
S1_GBDT,fincall,temporal,dv,7,val,228,0.2627894138798182,0.2597458310215741,,
S2_text,fincall,temporal,dv,7,test,481,-3.0757324172811997,1.7062491813157894,0.3131260315502577,1.0
S2_text,fincall,temporal,dv,7,val,228,0.2027267614221425,0.2809080658968011,0.3362802870171308,
S3_audio,fincall,temporal,dv,7,test,481,-1.0990291119403124,0.8787295968255093,0.3076823456033471,1.0
S3_audio,fincall,temporal,dv,7,val,228,0.2956360986976265,0.248172761392709,0.6900508306599581,
S4_fusion,fincall,temporal,dv,7,test,481,-0.32642200340948,0.5552882833526134,0.3807658357789437,1.0
S4_fusion,fincall,temporal,dv,7,val,228,0.4004866470734397,0.2112301383027802,0.0005863459149834,
S0_HAR,fincall,temporal,dv,15,test,481,0.2068060692773959,0.1649952467880615,,
S0_HAR,fincall,temporal,dv,15,val,228,0.3668889865926963,0.1001134898947213,,
S0_persistence,fincall,temporal,dv,15,test,481,0.0,0.208013753506346,,
S0_persistence,fincall,temporal,dv,15,val,228,0.0,0.1581294398211876,,
S1_GBDT,fincall,temporal,dv,15,test,481,-0.0568492062022144,0.2198391702723249,,
S1_GBDT,fincall,temporal,dv,15,val,228,0.1449237912172035,0.1352127218992485,,
S2_text,fincall,temporal,dv,15,test,481,-3.585700610291497,0.953888796403076,0.3351911224852425,1.0
S2_text,fincall,temporal,dv,15,val,228,0.0653567472835874,0.147794613984699,0.3751671484862949,
S3_audio,fincall,temporal,dv,15,test,481,-3.706055491718733,0.9789242670415668,0.3339244156623381,1.0
S3_audio,fincall,temporal,dv,15,val,228,0.2846158482208106,0.1131232951777986,0.1413387503763064,
S4_fusion,fincall,temporal,dv,15,test,481,-1.827904456425887,0.5882430205384721,0.356750633302704,1.0
S4_fusion,fincall,temporal,dv,15,val,228,0.3797437221889955,0.098080777755829,0.0001727281199676,
S0_HAR,fincall,temporal,dv,30,test,481,-0.2871470699385527,0.1434095944179391,,
S0_HAR,fincall,temporal,dv,30,val,228,-0.7017807918188745,0.0998461397765606,,
S0_persistence,fincall,temporal,dv,30,test,481,0.0,0.1114166343281855,,
S0_persistence,fincall,temporal,dv,30,val,228,0.0,0.0586715634919374,,
S1_GBDT,fincall,temporal,dv,30,test,481,-0.9036312347132184,0.212096185173755,,
S1_GBDT,fincall,temporal,dv,30,val,228,-1.710497153740802,0.1590291058504191,,
S2_text,fincall,temporal,dv,30,test,481,-0.4679406660427956,0.1635530084039633,0.3406177392611851,1.0
S2_text,fincall,temporal,dv,30,val,228,-0.1895180791631516,0.0697908855064283,9.591088589095946e-07,
S3_audio,fincall,temporal,dv,30,test,481,-0.5475833121485187,0.1724265239820537,0.5907729261860296,1.0
S3_audio,fincall,temporal,dv,30,val,228,-0.0186117840088244,0.0597635459591093,6.717929697408428e-09,
S4_fusion,fincall,temporal,dv,30,test,481,-0.0103712815730168,0.112572167614721,4.3611435997894216e-08,1.7444574399157686e-07
S4_fusion,fincall,temporal,dv,30,val,228,0.1153189425867361,0.0519056208301366,2.7291961340392607e-10,
S0_HAR,fincall,temporal,har_resid,3,test,481,0.0,0.6295258267009284,,
S0_HAR,fincall,temporal,har_resid,3,val,228,0.0,0.4682819026174736,,
S0_persistence,fincall,temporal,har_resid,3,test,481,0.0,0.6295258267009284,,
S0_persistence,fincall,temporal,har_resid,3,val,228,0.0,0.4682819026174736,,
S1_GBDT,fincall,temporal,har_resid,3,test,481,-0.1993285448224117,0.7550082936653502,,
S1_GBDT,fincall,temporal,har_resid,3,val,228,-0.2829617614785028,0.6007877746506186,,
S2_text,fincall,temporal,har_resid,3,test,481,0.0509172378731308,0.5974721104355178,2.409332980360173e-06,
S2_text,fincall,temporal,har_resid,3,val,228,-0.0154926683121097,0.4755368388112899,0.0067287730718852,
S3_audio,fincall,temporal,har_resid,3,test,481,-0.0015945248120456,0.6305296212514266,5.15146350687044e-05,
S3_audio,fincall,temporal,har_resid,3,val,228,0.0122867879893425,0.4625282221607668,0.0002989126496247,
S4_fusion,fincall,temporal,har_resid,3,test,481,0.0092295517814406,0.6237155854856379,1.5473288740678427e-05,
S4_fusion,fincall,temporal,har_resid,3,val,228,0.0402140942859432,0.4494503700332136,0.0001306364426281,
S0_HAR,fincall,temporal,har_resid,7,test,481,0.0,0.247143453986268,,
S0_HAR,fincall,temporal,har_resid,7,val,228,0.0,0.1960119231165444,,
S0_persistence,fincall,temporal,har_resid,7,test,481,0.0,0.247143453986268,,
S0_persistence,fincall,temporal,har_resid,7,val,228,0.0,0.1960119231165444,,
S1_GBDT,fincall,temporal,har_resid,7,test,481,-0.2396410257232295,0.3063691648003191,,
S1_GBDT,fincall,temporal,har_resid,7,val,228,-0.3255205155884072,0.2598178253909172,,
S2_text,fincall,temporal,har_resid,7,test,481,0.0945042757110057,0.2237873408705795,2.320662729067957e-08,
S2_text,fincall,temporal,har_resid,7,val,228,0.0200871837162183,0.1920745956063331,0.000210233452689,
S3_audio,fincall,temporal,har_resid,7,test,481,0.0007536141651403,0.2469572031785223,1.3484308327329724e-05,
S3_audio,fincall,temporal,har_resid,7,val,228,-0.019217336822527,0.1997787502643063,0.0001545016122549,
S4_fusion,fincall,temporal,har_resid,7,test,481,0.0240695411558168,0.2411948244491548,1.0262933217142574e-06,
S4_fusion,fincall,temporal,har_resid,7,val,228,0.0625272001117772,0.1837558463755419,4.687681006002433e-06,
S0_HAR,fincall,temporal,har_resid,15,test,481,0.0,0.1649952467880615,,
S0_HAR,fincall,temporal,har_resid,15,val,228,0.0,0.1001134898947213,,
S0_persistence,fincall,temporal,har_resid,15,test,481,0.0,0.1649952467880615,,
S0_persistence,fincall,temporal,har_resid,15,val,228,0.0,0.1001134898947213,,
S1_GBDT,fincall,temporal,har_resid,15,test,481,-0.3193667143653868,0.2176892366406708,,
S1_GBDT,fincall,temporal,har_resid,15,val,228,-0.3917160489250578,0.1393295506003802,,
S2_text,fincall,temporal,har_resid,15,test,481,0.1203223398619621,0.14514263262842,5.6529208979261645e-11,
S2_text,fincall,temporal,har_resid,15,val,228,0.0461995525547523,0.0954882914568904,0.0007696534749382,
S3_audio,fincall,temporal,har_resid,15,test,481,-0.013858226681702,0.1672817883194538,2.4793782566951293e-07,
S3_audio,fincall,temporal,har_resid,15,val,228,0.0129403352492289,0.0988179877725133,6.027576627190264e-05,
S4_fusion,fincall,temporal,har_resid,15,test,481,0.025813026607216,0.1607362200926571,1.0492899483932304e-09,
S4_fusion,fincall,temporal,har_resid,15,val,228,0.1155907690422399,0.0885412946062879,5.919790951259466e-06,
S0_HAR,fincall,temporal,har_resid,30,test,481,0.0,0.1434095944179391,,
S0_HAR,fincall,temporal,har_resid,30,val,228,0.0,0.0998461397765606,,
S0_persistence,fincall,temporal,har_resid,30,test,481,0.0,0.1434095944179391,,
S0_persistence,fincall,temporal,har_resid,30,val,228,0.0,0.0998461397765606,,
S1_GBDT,fincall,temporal,har_resid,30,test,481,-0.4584290689536141,0.2091527212659704,,
S1_GBDT,fincall,temporal,har_resid,30,val,228,-0.5821974783416624,0.1579763105766233,,
S2_text,fincall,temporal,har_resid,30,test,481,0.1707527883898612,0.1189220062892169,8.211452154303355e-13,
S2_text,fincall,temporal,har_resid,30,val,228,0.2305495236783267,0.0768266598099549,1.2243662400456585e-06,
S3_audio,fincall,temporal,har_resid,30,test,481,-0.010665179992463,0.1449390835550526,5.691644660844411e-09,
S3_audio,fincall,temporal,har_resid,30,val,228,-0.022399770278022,0.1020826703707028,0.0003625953391366,
S4_fusion,fincall,temporal,har_resid,30,test,481,0.2092729527131259,0.1133978451467052,4.113307979732088e-13,
S4_fusion,fincall,temporal,har_resid,30,val,228,0.3462789307527449,0.065271525254944,4.7366176541561273e-08,
S0_HAR,fincall,temporal,v,3,test,481,0.4639092629014275,0.6295258267009284,,
S0_HAR,fincall,temporal,v,3,val,228,0.632890584042574,0.4682819026174736,,
S0_persistence,fincall,temporal,v,3,test,481,0.0,1.1742896922786703,,
S0_persistence,fincall,temporal,v,3,val,228,0.0,1.2755921865860853,,
S1_GBDT,fincall,temporal,v,3,test,481,0.354156137943714,0.7584077900341443,,
S1_GBDT,fincall,temporal,v,3,val,228,0.5280632017458446,0.6019988924154543,,
S2_text,fincall,temporal,v,3,test,481,0.4481662876266539,0.648012640291893,0.0014792402412871,
S2_text,fincall,temporal,v,3,val,228,0.6042713918979563,0.504788320503554,0.0321461518404776,
S3_audio,fincall,temporal,v,3,test,481,0.3382624965300473,0.7770715293189864,0.7423989134417317,
S3_audio,fincall,temporal,v,3,val,228,0.5889880359456495,0.5242836499411304,0.057731817190685,
S4_fusion,fincall,temporal,v,3,test,481,0.4475883362144297,0.6486913226779056,0.000876149568013,
S4_fusion,fincall,temporal,v,3,val,228,0.6223323298120553,0.4817499292179129,0.000430131606832,
S0_HAR,fincall,temporal,v,7,test,481,0.4096462590804609,0.247143453986268,,
S0_HAR,fincall,temporal,v,7,val,228,0.4436789835703291,0.1960119231165444,,
S0_persistence,fincall,temporal,v,7,test,481,0.0,0.4186362122501599,,
S0_persistence,fincall,temporal,v,7,val,228,0.0,0.3523360026455586,,
S1_GBDT,fincall,temporal,v,7,test,481,0.2623363630270019,0.308812710897053,,
S1_GBDT,fincall,temporal,v,7,val,228,0.2656726887663967,0.2587299494735088,,
S2_text,fincall,temporal,v,7,test,481,0.3282545084639465,0.2812169881727752,0.1115212192430369,
S2_text,fincall,temporal,v,7,val,228,0.3835832357731091,0.2171858186714125,0.0353589213598913,
S3_audio,fincall,temporal,v,7,test,481,0.2209905600716925,0.3261215612387051,0.3482021137423645,
S3_audio,fincall,temporal,v,7,val,228,0.3481210549407081,0.2296804217109946,0.1359896830114235,
S4_fusion,fincall,temporal,v,7,test,481,0.3698675489651011,0.2637962625171594,0.0232205476813085,
S4_fusion,fincall,temporal,v,7,val,228,0.4283176679356245,0.2014242676626529,0.0001208696426496,
S0_HAR,fincall,temporal,v,15,test,481,0.2068060692773959,0.1649952467880615,,
S0_HAR,fincall,temporal,v,15,val,228,0.3668889865926963,0.1001134898947213,,
S0_persistence,fincall,temporal,v,15,test,481,0.0,0.208013753506346,,
S0_persistence,fincall,temporal,v,15,val,228,0.0,0.1581294398211876,,
S1_GBDT,fincall,temporal,v,15,test,481,-0.0400779774458578,0.2163505240278016,,
S1_GBDT,fincall,temporal,v,15,val,228,0.1461217601062177,0.1350232877499054,,
S2_text,fincall,temporal,v,15,test,481,0.0452357821574933,0.1986040886669705,0.2784044408956438,
S2_text,fincall,temporal,v,15,val,228,0.3067745301919596,0.109619355210525,0.0467776939535839,
S3_audio,fincall,temporal,v,15,test,481,-0.1391288500976164,0.236954467836173,0.2599712136870015,
S3_audio,fincall,temporal,v,15,val,228,0.2721494606483481,0.1150945980612259,0.1132329358752479,
S4_fusion,fincall,temporal,v,15,test,481,0.1249438074778577,0.1820237231355026,0.1045810891100503,
S4_fusion,fincall,temporal,v,15,val,228,0.4115352960558008,0.0930535939892372,1.6542600372696133e-05,
S0_HAR,fincall,temporal,v,30,test,481,-0.2871470699385527,0.1434095944179391,,
S0_HAR,fincall,temporal,v,30,val,228,-0.7017807918188745,0.0998461397765606,,
S0_persistence,fincall,temporal,v,30,test,481,0.0,0.1114166343281855,,
S0_persistence,fincall,temporal,v,30,val,228,0.0,0.0586715634919374,,
S1_GBDT,fincall,temporal,v,30,test,481,-0.8394280558425102,0.2049428830708102,,
S1_GBDT,fincall,temporal,v,30,val,228,-1.5866518273725818,0.1517629069212263,,
S2_text,fincall,temporal,v,30,test,481,-1.09098435183624,0.2329704389144964,0.671292296970624,
S2_text,fincall,temporal,v,30,val,228,-0.8397070371013449,0.1079384882338556,0.0201215963415389,
S3_audio,fincall,temporal,v,30,test,481,-1.6610574226978816,0.2964860617910337,0.3459665927588733,
S3_audio,fincall,temporal,v,30,val,228,-1.5437284611143909,0.1492445259125212,0.9937057953192284,
S4_fusion,fincall,temporal,v,30,test,481,-1.0153098252817343,0.2245390378614144,0.8226418109982587,
S4_fusion,fincall,temporal,v,30,val,228,-0.323927841196677,0.0776769163935144,3.699018321802746e-06,
S0_HAR,fincall,ticker_disjoint,dv,3,test,484,0.4945834179747822,0.5773085476735418,,
S0_HAR,fincall,ticker_disjoint,dv,3,val,239,0.4726564195066425,0.6452765300263181,,
S0_persistence,fincall,ticker_disjoint,dv,3,test,484,0.0,1.1422429896546944,,
S0_persistence,fincall,ticker_disjoint,dv,3,val,239,0.0,1.223635887295012,,
S1_GBDT,fincall,ticker_disjoint,dv,3,test,484,0.4067451424554144,0.6776412021088973,,
S1_GBDT,fincall,ticker_disjoint,dv,3,val,239,0.4088540704625258,0.7233473740104218,,
S2_text,fincall,ticker_disjoint,dv,3,test,484,0.2228979314930416,0.8876393899982352,3.228881536653092e-05,0.00012915526146612367
S2_text,fincall,ticker_disjoint,dv,3,val,239,0.1738823000772954,1.010867264755033,3.989301728042184e-05,
S3_audio,fincall,ticker_disjoint,dv,3,test,484,0.3041933695249189,0.7947802458154157,0.0034012103712934,0.0136048414851736
S3_audio,fincall,ticker_disjoint,dv,3,val,239,0.3603014898440785,0.7827580540759382,0.2876946995466252,
S4_fusion,fincall,ticker_disjoint,dv,3,test,484,0.4358725599179982,0.6443706137055151,0.1296709804646348,0.3890129413939044
S4_fusion,fincall,ticker_disjoint,dv,3,val,239,0.4585970564522762,0.6624800712121504,0.0402126668866147,
S0_HAR,fincall,ticker_disjoint,dv,7,test,484,0.3568281661867744,0.2480330301385903,,
S0_HAR,fincall,ticker_disjoint,dv,7,val,239,0.4279228041114209,0.2695372986269574,,
S0_persistence,fincall,ticker_disjoint,dv,7,test,484,0.0,0.3856403795981807,,
S0_persistence,fincall,ticker_disjoint,dv,7,val,239,0.0,0.4711554674160687,,
S1_GBDT,fincall,ticker_disjoint,dv,7,test,484,0.2754296450076381,0.2794235867448429,,
S1_GBDT,fincall,ticker_disjoint,dv,7,val,239,0.3504987358247781,0.3060160717098042,,
S2_text,fincall,ticker_disjoint,dv,7,test,484,0.1285196897557646,0.3360779976549272,0.0014083747193397,0.0042251241580191
S2_text,fincall,ticker_disjoint,dv,7,val,239,0.1451724550192102,0.4027566715155545,0.0018598133744886,
S3_audio,fincall,ticker_disjoint,dv,7,test,484,0.147229432265781,0.3288627654511802,0.0037298615356158,0.0136048414851736
S3_audio,fincall,ticker_disjoint,dv,7,val,239,0.1981852760309117,0.3777793910527419,0.003782977077453,
S4_fusion,fincall,ticker_disjoint,dv,7,test,484,0.2920492832767464,0.2730143831339596,0.6149314040707586,0.6149314040707586
S4_fusion,fincall,ticker_disjoint,dv,7,val,239,0.4007541135215815,0.2823379757408957,0.0429381210192575,
S0_HAR,fincall,ticker_disjoint,dv,15,test,484,0.21113241196994,0.1685558649190051,,
S0_HAR,fincall,ticker_disjoint,dv,15,val,239,0.3340614738508036,0.1939517734805544,,
S0_persistence,fincall,ticker_disjoint,dv,15,test,484,0.0,0.2136681332540465,,
S0_persistence,fincall,ticker_disjoint,dv,15,val,239,0.0,0.2912457619805909,,
S1_GBDT,fincall,ticker_disjoint,dv,15,test,484,0.0888404288782971,0.1946857646581318,,
S1_GBDT,fincall,ticker_disjoint,dv,15,val,239,0.2329773519962231,0.2233920955742306,,
S2_text,fincall,ticker_disjoint,dv,15,test,484,0.0935692473048682,0.193675366852429,0.9579053899555534,0.9579053899555534
S2_text,fincall,ticker_disjoint,dv,15,val,239,0.1273044527348591,0.2541688796403047,0.1329142009283367,
S3_audio,fincall,ticker_disjoint,dv,15,test,484,0.0442059468642389,0.2042227311088369,0.3298801732959208,0.3298801732959208
S3_audio,fincall,ticker_disjoint,dv,15,val,239,0.0823442612230918,0.2672633448759428,0.0058759275514795,
S4_fusion,fincall,ticker_disjoint,dv,15,test,484,0.1326853757909812,0.1853174966986758,0.232345701545631,0.464691403091262
S4_fusion,fincall,ticker_disjoint,dv,15,val,239,0.3280185044396935,0.1957117627113185,0.0054372710190903,
S0_HAR,fincall,ticker_disjoint,dv,30,test,484,0.2287402029084974,0.1798282285796992,,
S0_HAR,fincall,ticker_disjoint,dv,30,val,239,0.3296996455509449,0.2207788255662192,,
S0_persistence,fincall,ticker_disjoint,dv,30,test,484,0.0,0.23316167815028,,
S0_persistence,fincall,ticker_disjoint,dv,30,val,239,0.0,0.3293729804867634,,
S1_GBDT,fincall,ticker_disjoint,dv,30,test,484,0.107591485602278,0.2080754668125712,,
S1_GBDT,fincall,ticker_disjoint,dv,30,val,239,0.32811336252221,0.2213013043352891,,
S2_text,fincall,ticker_disjoint,dv,30,test,484,0.2357578931002751,0.1781919721578455,0.0685652500397058,0.1371305000794116
S2_text,fincall,ticker_disjoint,dv,30,val,239,0.2239447916979269,0.2556116169807298,0.1232675461321394,
S3_audio,fincall,ticker_disjoint,dv,30,test,484,0.2094555212469533,0.1843246773184987,0.0439281327761397,0.0878562655522794
S3_audio,fincall,ticker_disjoint,dv,30,val,239,0.1844241173850286,0.2686286592700158,0.0162472691904695,
S4_fusion,fincall,ticker_disjoint,dv,30,test,484,0.2443060094015208,0.1761988790160233,0.0006987507179536,0.0027950028718144
S4_fusion,fincall,ticker_disjoint,dv,30,val,239,0.4200630070861483,0.1910155758505663,0.0113903987361501,
S0_HAR,fincall,ticker_disjoint,har_resid,3,test,484,0.0,0.5773085476735418,,
S0_HAR,fincall,ticker_disjoint,har_resid,3,val,239,0.0,0.6452765300263181,,
S0_persistence,fincall,ticker_disjoint,har_resid,3,test,484,0.0,0.5773085476735418,,
S0_persistence,fincall,ticker_disjoint,har_resid,3,val,239,0.0,0.6452765300263181,,
S1_GBDT,fincall,ticker_disjoint,har_resid,3,test,484,-0.1495495260447402,0.6636447673596974,,
S1_GBDT,fincall,ticker_disjoint,har_resid,3,val,239,-0.114664647231284,0.7192669357084129,,
S2_text,fincall,ticker_disjoint,har_resid,3,test,484,-0.0370665876198177,0.5987074055395529,0.0217889996702195,
S2_text,fincall,ticker_disjoint,har_resid,3,val,239,-0.055111191526981,0.6808384884604644,0.3992666028010314,
S3_audio,fincall,ticker_disjoint,har_resid,3,test,484,-0.0171733778209215,0.587222885481987,0.0034097039682164,
S3_audio,fincall,ticker_disjoint,har_resid,3,val,239,-0.0205211614814817,0.6585183538991983,0.1621543085092638,
S4_fusion,fincall,ticker_disjoint,har_resid,3,test,484,-0.0018645492652134,0.5783849679019079,0.0001421632989728,
S4_fusion,fincall,ticker_disjoint,har_resid,3,val,239,0.015665491137637,0.6351679562638657,0.0123535519272916,
S0_HAR,fincall,ticker_disjoint,har_resid,7,test,484,0.0,0.2480330301385903,,
S0_HAR,fincall,ticker_disjoint,har_resid,7,val,239,0.0,0.2695372986269574,,
S0_persistence,fincall,ticker_disjoint,har_resid,7,test,484,0.0,0.2480330301385903,,
S0_persistence,fincall,ticker_disjoint,har_resid,7,val,239,0.0,0.2695372986269574,,
S1_GBDT,fincall,ticker_disjoint,har_resid,7,test,484,-0.1222805531234783,0.2783626462568295,,
S1_GBDT,fincall,ticker_disjoint,har_resid,7,val,239,-0.0901276656191117,0.2938300661494865,,
S2_text,fincall,ticker_disjoint,har_resid,7,test,484,-0.0041819131089846,0.249070282718788,0.0173177767485673,
S2_text,fincall,ticker_disjoint,har_resid,7,val,239,-0.0231139335484589,0.275767365836252,0.3775728579603178,
S3_audio,fincall,ticker_disjoint,har_resid,7,test,484,-0.0111834561233068,0.250806896648276,0.0106189337267356,
S3_audio,fincall,ticker_disjoint,har_resid,7,val,239,-0.0712673492221553,0.2887465074166012,0.8864523384658596,
S4_fusion,fincall,ticker_disjoint,har_resid,7,test,484,-0.0303171273797786,0.2555526791076944,0.0260564674086921,
S4_fusion,fincall,ticker_disjoint,har_resid,7,val,239,0.0706575083393756,0.2504924647014503,0.0025080905701566,
S0_HAR,fincall,ticker_disjoint,har_resid,15,test,484,0.0,0.1685558649190051,,
S0_HAR,fincall,ticker_disjoint,har_resid,15,val,239,0.0,0.1939517734805544,,
S0_persistence,fincall,ticker_disjoint,har_resid,15,test,484,0.0,0.1685558649190051,,
S0_persistence,fincall,ticker_disjoint,har_resid,15,val,239,0.0,0.1939517734805544,,
S1_GBDT,fincall,ticker_disjoint,har_resid,15,test,484,-0.1680851510821026,0.1968876029396905,,
S1_GBDT,fincall,ticker_disjoint,har_resid,15,val,239,-0.1317253969692771,0.2195001478351756,,
S2_text,fincall,ticker_disjoint,har_resid,15,test,484,0.0380105856050365,0.1621489577862702,9.020101622101317e-05,
S2_text,fincall,ticker_disjoint,har_resid,15,val,239,0.0490683950121687,0.1844348712460998,0.0282588484837817,
S3_audio,fincall,ticker_disjoint,har_resid,15,test,484,0.0067335292689761,0.1674208890691153,0.0002780122388629,
S3_audio,fincall,ticker_disjoint,har_resid,15,val,239,-0.0642283092010689,0.2064089679577591,0.410907970569273,
S4_fusion,fincall,ticker_disjoint,har_resid,15,test,484,-0.0077582776522049,0.1698635681189542,0.000424062991298,
S4_fusion,fincall,ticker_disjoint,har_resid,15,val,239,0.1129732517463038,0.1720404109484936,0.0006100531609765,
S0_HAR,fincall,ticker_disjoint,har_resid,30,test,484,0.0,0.1798282285796992,,
S0_HAR,fincall,ticker_disjoint,har_resid,30,val,239,0.0,0.2207788255662192,,
S0_persistence,fincall,ticker_disjoint,har_resid,30,test,484,0.0,0.1798282285796992,,
S0_persistence,fincall,ticker_disjoint,har_resid,30,val,239,0.0,0.2207788255662192,,
S1_GBDT,fincall,ticker_disjoint,har_resid,30,test,484,-0.1420053648657085,0.2053648017923134,,
S1_GBDT,fincall,ticker_disjoint,har_resid,30,val,239,0.0006436168546761,0.2206367285929292,,
S2_text,fincall,ticker_disjoint,har_resid,30,test,484,0.1137567712087919,0.159371549924276,7.515703718807589e-05,
S2_text,fincall,ticker_disjoint,har_resid,30,val,239,0.1506693292356006,0.1875142280087333,0.0479514847399154,
S3_audio,fincall,ticker_disjoint,har_resid,30,test,484,0.0057038273137844,0.1788025194177369,0.0047446781025775,
S3_audio,fincall,ticker_disjoint,har_resid,30,val,239,-0.0336400194314978,0.2282058295483301,0.5317053463400179,
S4_fusion,fincall,ticker_disjoint,har_resid,30,test,484,0.0669019341172755,0.1677973722788338,0.0008976277970647,
S4_fusion,fincall,ticker_disjoint,har_resid,30,val,239,0.2261078901225895,0.1708589911336981,0.0011922087753266,
S0_HAR,fincall,ticker_disjoint,v,3,test,484,0.4945834179747822,0.5773085476735418,,
S0_HAR,fincall,ticker_disjoint,v,3,val,239,0.4726564195066425,0.6452765300263181,,
S0_persistence,fincall,ticker_disjoint,v,3,test,484,0.0,1.1422429896546944,,
S0_persistence,fincall,ticker_disjoint,v,3,val,239,0.0,1.223635887295012,,
S1_GBDT,fincall,ticker_disjoint,v,3,test,484,0.4117723406837886,0.6718989201749321,,
S1_GBDT,fincall,ticker_disjoint,v,3,val,239,0.4097118959645519,0.7222977079411058,,
S2_text,fincall,ticker_disjoint,v,3,test,484,0.4179967813808773,0.6647890964241612,0.9860868113274944,
S2_text,fincall,ticker_disjoint,v,3,val,239,0.4802492733446101,0.6359856415831953,0.05666011222603,
S3_audio,fincall,ticker_disjoint,v,3,test,484,0.3995468804720208,0.6858633663971265,0.5400365981284754,
S3_audio,fincall,ticker_disjoint,v,3,val,239,0.4718630975733033,0.6462472672141302,0.1714176831546542,
S4_fusion,fincall,ticker_disjoint,v,3,test,484,0.4502757099914902,0.6279187165051244,0.1615385468651815,
S4_fusion,fincall,ticker_disjoint,v,3,val,239,0.5161663794253353,0.592036181615038,0.0008696725872503,
S0_HAR,fincall,ticker_disjoint,v,7,test,484,0.3568281661867744,0.2480330301385903,,
S0_HAR,fincall,ticker_disjoint,v,7,val,239,0.4279228041114209,0.2695372986269574,,
S0_persistence,fincall,ticker_disjoint,v,7,test,484,0.0,0.3856403795981807,,
S0_persistence,fincall,ticker_disjoint,v,7,val,239,0.0,0.4711554674160687,,
S1_GBDT,fincall,ticker_disjoint,v,7,test,484,0.2780514082558722,0.2784125289705774,,
S1_GBDT,fincall,ticker_disjoint,v,7,val,239,0.3647537103347643,0.2992997625315475,,
S2_text,fincall,ticker_disjoint,v,7,test,484,0.2106954176032109,0.3043877187740812,0.0833656382133539,
S2_text,fincall,ticker_disjoint,v,7,val,239,0.4245269089446942,0.2711372932015324,0.2223763560537094,
S3_audio,fincall,ticker_disjoint,v,7,test,484,0.1368014752953744,0.3328842067356813,0.0004430674405039,
S3_audio,fincall,ticker_disjoint,v,7,val,239,0.3019381912408817,0.3288956377912088,0.1969894208401054,
S4_fusion,fincall,ticker_disjoint,v,7,test,484,0.2644919080417215,0.2836416197803241,0.5191946258537159,
S4_fusion,fincall,ticker_disjoint,v,7,val,239,0.4875403576567555,0.2414481623201027,0.0002975628100398,
S0_HAR,fincall,ticker_disjoint,v,15,test,484,0.21113241196994,0.1685558649190051,,
S0_HAR,fincall,ticker_disjoint,v,15,val,239,0.3340614738508036,0.1939517734805544,,
S0_persistence,fincall,ticker_disjoint,v,15,test,484,0.0,0.2136681332540465,,
S0_persistence,fincall,ticker_disjoint,v,15,val,239,0.0,0.2912457619805909,,
S1_GBDT,fincall,ticker_disjoint,v,15,test,484,0.0777761061363757,0.1970498578441185,,
S1_GBDT,fincall,ticker_disjoint,v,15,val,239,0.2519023590053666,0.2178802674873645,,
S2_text,fincall,ticker_disjoint,v,15,test,484,-0.0059008117269458,0.2149289486804266,0.1341539752176603,
S2_text,fincall,ticker_disjoint,v,15,val,239,0.3642621861844312,0.1851559440045904,0.0340340791610129,
S3_audio,fincall,ticker_disjoint,v,15,test,484,0.0729156701411433,0.1980883781300205,0.7755482422575909,
S3_audio,fincall,ticker_disjoint,v,15,val,239,0.193324043531938,0.2349409536129627,0.1838381041782196,
S4_fusion,fincall,ticker_disjoint,v,15,test,484,0.0503367416654316,0.2029127756283025,0.4283716311453936,
S4_fusion,fincall,ticker_disjoint,v,15,val,239,0.4347816136008603,0.1646174596322575,2.3201380835913996e-05,
S0_HAR,fincall,ticker_disjoint,v,30,test,484,0.2287402029084974,0.1798282285796992,,
S0_HAR,fincall,ticker_disjoint,v,30,val,239,0.3296996455509449,0.2207788255662192,,
S0_persistence,fincall,ticker_disjoint,v,30,test,484,0.0,0.23316167815028,,
S0_persistence,fincall,ticker_disjoint,v,30,val,239,0.0,0.3293729804867634,,
S1_GBDT,fincall,ticker_disjoint,v,30,test,484,0.1163192901336744,0.2060404772614632,,
S1_GBDT,fincall,ticker_disjoint,v,30,val,239,0.3314329527803488,0.2202079209979712,,
S2_text,fincall,ticker_disjoint,v,30,test,484,0.1387390557852144,0.2008130470784141,0.8142812076100712,
S2_text,fincall,ticker_disjoint,v,30,val,239,0.4235891402325973,0.1898541628665272,0.0645929087270345,
S3_audio,fincall,ticker_disjoint,v,30,test,484,0.1436005323062994,0.1996795370544697,0.672845106968572,
S3_audio,fincall,ticker_disjoint,v,30,val,239,0.2320794407121305,0.2529322833897078,0.0282603946252073,
S4_fusion,fincall,ticker_disjoint,v,30,test,484,0.1712812398270576,0.1932254568365427,0.3922622285379369,
S4_fusion,fincall,ticker_disjoint,v,30,val,239,0.5017548993684218,0.1641084738079503,0.0001895861510815,
S0_HAR,maec,combined,dv,3,test,102,0.5369328113647807,0.5460041930260687,,
S0_HAR,maec,combined,dv,3,val,4,0.4120668517519634,0.3535584574158876,,
S0_persistence,maec,combined,dv,3,test,102,0.0,1.1791036083452306,,
S0_persistence,maec,combined,dv,3,val,4,0.0,0.6013582640636019,,
S1_GBDT,maec,combined,dv,3,test,102,0.3831617687520837,0.7273161842297078,,
S1_GBDT,maec,combined,dv,3,val,4,0.2215012486212757,0.4681566577047912,,
S2_text,maec,combined,dv,3,test,102,0.1537446262186937,0.99782276480708,0.0225905438895771,0.0903621755583084
S2_text,maec,combined,dv,3,val,4,0.2482879827114479,0.452048233792392,0.9682892459088436,
S0_HAR,maec,combined,dv,7,test,102,0.4403366640960776,0.3405171523481355,,
S0_HAR,maec,combined,dv,7,val,4,0.54749995094033,0.06594283856917,,
S0_persistence,maec,combined,dv,7,test,102,0.0,0.6084321242844328,,
S0_persistence,maec,combined,dv,7,val,4,0.0,0.1457300141871904,,
S1_GBDT,maec,combined,dv,7,test,102,0.282993881780657,0.43624955563313,,
S1_GBDT,maec,combined,dv,7,val,4,0.2417252992538391,0.1105033828975256,,
S2_text,maec,combined,dv,7,test,102,0.1191013874638597,0.5359670141045733,0.1001540053754046,0.3004620161262138
S2_text,maec,combined,dv,7,val,4,0.1782660920190394,0.1197512940681608,0.9241253545473788,
S0_HAR,maec,combined,dv,15,test,102,0.3983747777683434,0.2206648033920533,,
S0_HAR,maec,combined,dv,15,val,4,0.1466528878879295,0.0713595800244254,,
S0_persistence,maec,combined,dv,15,test,102,0.0,0.3667811707985309,,
S0_persistence,maec,combined,dv,15,val,4,0.0,0.0836231575774686,,
S1_GBDT,maec,combined,dv,15,test,102,0.2265099538388428,0.2837015847319989,,
S1_GBDT,maec,combined,dv,15,val,4,0.3352481141969556,0.0555886516964273,,
S2_text,maec,combined,dv,15,test,102,0.1348988689978352,0.3173028056881072,0.3470658336492654,0.6795490798275856
S2_text,maec,combined,dv,15,val,4,-0.1773574154319286,0.0984543446756653,0.6074803990111693,
S0_HAR,maec,combined,dv,30,test,102,0.2906875439446341,0.1556837866930514,,
S0_HAR,maec,combined,dv,30,val,4,0.7607926943214945,0.0181414682309068,,
S0_persistence,maec,combined,dv,30,test,102,0.0,0.21948548254579,,
S0_persistence,maec,combined,dv,30,val,4,0.0,0.0758399421767199,,
S1_GBDT,maec,combined,dv,30,test,102,0.183358293457102,0.1792409990275853,,
S1_GBDT,maec,combined,dv,30,val,4,0.7235617774627856,0.0209650588126575,,
S2_text,maec,combined,dv,30,test,102,0.0926199610694465,0.1991567456970902,0.3397745399137928,0.6795490798275856
S2_text,maec,combined,dv,30,val,4,-0.1991154978774652,0.0909408500222356,0.3663626744925437,
S0_HAR,maec,combined,har_resid,3,test,102,0.0,0.5460041930260687,,
S0_HAR,maec,combined,har_resid,3,val,4,0.0,0.3535584574158876,,
S0_persistence,maec,combined,har_resid,3,test,102,0.0,0.5460041930260687,,
S0_persistence,maec,combined,har_resid,3,val,4,0.0,0.3535584574158876,,
S1_GBDT,maec,combined,har_resid,3,test,102,-0.3862858326289967,0.7569178773480671,,
S1_GBDT,maec,combined,har_resid,3,val,4,-0.5581235697199741,0.5508877657735303,,
S2_text,maec,combined,har_resid,3,test,102,-0.0206160097056515,0.5572606207688205,0.0053756288122208,
S2_text,maec,combined,har_resid,3,val,4,-0.0165194474322938,0.3593990477674122,0.2002638603584408,
S0_HAR,maec,combined,har_resid,7,test,102,0.0,0.3405171523481355,,
S0_HAR,maec,combined,har_resid,7,val,4,0.0,0.06594283856917,,
S0_persistence,maec,combined,har_resid,7,test,102,0.0,0.3405171523481355,,
S0_persistence,maec,combined,har_resid,7,val,4,0.0,0.06594283856917,,
S1_GBDT,maec,combined,har_resid,7,test,102,-0.2503628535915625,0.4257699983068875,,
S1_GBDT,maec,combined,har_resid,7,val,4,-0.5591371165244489,0.102813927182173,,
S2_text,maec,combined,har_resid,7,test,102,0.0033576552693354,0.3393738131372547,0.066926148958008,
S2_text,maec,combined,har_resid,7,val,4,-0.343127289154449,0.0885696260065588,0.9105090027335572,
S0_HAR,maec,combined,har_resid,15,test,102,0.0,0.2206648033920533,,
S0_HAR,maec,combined,har_resid,15,val,4,0.0,0.0713595800244254,,
S0_persistence,maec,combined,har_resid,15,test,102,0.0,0.2206648033920533,,
S0_persistence,maec,combined,har_resid,15,val,4,0.0,0.0713595800244254,,
S1_GBDT,maec,combined,har_resid,15,test,102,-0.2488221562336246,0.2755710955769329,,
S1_GBDT,maec,combined,har_resid,15,val,4,0.1536716569472898,0.0603936351230092,,
S2_text,maec,combined,har_resid,15,test,102,0.0147956584735365,0.2173999223239344,0.0391403937290075,
S2_text,maec,combined,har_resid,15,val,4,-0.2880172761160784,0.0919123718878477,0.5557100818774868,
S0_HAR,maec,combined,har_resid,30,test,102,0.0,0.1556837866930514,,
S0_HAR,maec,combined,har_resid,30,val,4,0.0,0.0181414682309068,,
S0_persistence,maec,combined,har_resid,30,test,102,0.0,0.1556837866930514,,
S0_persistence,maec,combined,har_resid,30,val,4,0.0,0.0181414682309068,,
S1_GBDT,maec,combined,har_resid,30,test,102,-0.1695533025242261,0.1820804868763354,,
S1_GBDT,maec,combined,har_resid,30,val,4,-0.1804165191252965,0.0214144887809491,,
S2_text,maec,combined,har_resid,30,test,102,-0.0107679525503143,0.1573601823210154,0.1102224424977056,
S2_text,maec,combined,har_resid,30,val,4,-0.5747082713389826,0.0285675200774423,0.7327144194914545,
S0_HAR,maec,combined,v,3,test,102,0.5369328113647807,0.5460041930260687,,
S0_HAR,maec,combined,v,3,val,4,0.4120668517519634,0.3535584574158876,,
S0_persistence,maec,combined,v,3,test,102,0.0,1.1791036083452306,,
S0_persistence,maec,combined,v,3,val,4,0.0,0.6013582640636019,,
S1_GBDT,maec,combined,v,3,test,102,0.388712929629328,0.7207707904088442,,
S1_GBDT,maec,combined,v,3,val,4,0.0058861249604136,0.5978185941753461,,
S2_text,maec,combined,v,3,test,102,0.5006012876200077,0.5888428237702109,0.0837735296888079,
S2_text,maec,combined,v,3,val,4,0.2596220075461366,0.4452324242929498,0.3170049746966896,
S0_HAR,maec,combined,v,7,test,102,0.4403366640960776,0.3405171523481355,,
S0_HAR,maec,combined,v,7,val,4,0.54749995094033,0.06594283856917,,
S0_persistence,maec,combined,v,7,test,102,0.0,0.6084321242844328,,
S0_persistence,maec,combined,v,7,val,4,0.0,0.1457300141871904,,
S1_GBDT,maec,combined,v,7,test,102,0.2827371956007136,0.4364057317508674,,
S1_GBDT,maec,combined,v,7,val,4,0.224917617673518,0.1129527665726796,,
S2_text,maec,combined,v,7,test,102,0.2924454467389078,0.4304989198877691,0.949145173937354,
S2_text,maec,combined,v,7,val,4,0.4343193816048368,0.0824366445441458,0.6631260616700211,
S0_HAR,maec,combined,v,15,test,102,0.3983747777683434,0.2206648033920533,,
S0_HAR,maec,combined,v,15,val,4,0.1466528878879295,0.0713595800244254,,
S0_persistence,maec,combined,v,15,test,102,0.0,0.3667811707985309,,
S0_persistence,maec,combined,v,15,val,4,0.0,0.0836231575774686,,
S1_GBDT,maec,combined,v,15,test,102,0.2199528095932512,0.2861066217754918,,
S1_GBDT,maec,combined,v,15,val,4,0.3943782460304013,0.0506440033645426,,
S2_text,maec,combined,v,15,test,102,0.1484180462231562,0.3123442260371712,0.4671260255606559,
S2_text,maec,combined,v,15,val,4,0.0704704583651847,0.0777301953330403,0.0493732745742551,
S0_HAR,maec,combined,v,30,test,102,0.2906875439446341,0.1556837866930514,,
S0_HAR,maec,combined,v,30,val,4,0.7607926943214945,0.0181414682309068,,
S0_persistence,maec,combined,v,30,test,102,0.0,0.21948548254579,,
S0_persistence,maec,combined,v,30,val,4,0.0,0.0758399421767199,,
S1_GBDT,maec,combined,v,30,test,102,0.1297258749856188,0.1910125362758966,,
S1_GBDT,maec,combined,v,30,val,4,0.6426909192133585,0.0270983000260758,,
S2_text,maec,combined,v,30,test,102,-0.0758424546496836,0.2361318003020329,0.0655696590249328,
S2_text,maec,combined,v,30,val,4,0.649926256165151,0.0265495724900228,0.9244300580234356,
S0_HAR,maec,temporal,dv,3,test,506,0.5068022623827804,0.6818672837518043,,
S0_HAR,maec,temporal,dv,3,val,73,0.6129807334946821,0.7306358707441053,,
S0_persistence,maec,temporal,dv,3,test,506,0.0,1.3825434136135777,,
S0_persistence,maec,temporal,dv,3,val,73,0.0,1.887854001020556,,
S1_GBDT,maec,temporal,dv,3,test,506,0.4071909443933205,0.8195842553594999,,
S1_GBDT,maec,temporal,dv,3,val,73,0.5409804077236133,0.8665619738258009,,
S2_text,maec,temporal,dv,3,test,506,-0.0054874518854008,1.39013005407526,1.0040456621165338e-07,3.0121369863496015e-07
S2_text,maec,temporal,dv,3,val,73,0.4551902160063751,1.0285213305075096,0.3872923566517677,
S0_HAR,maec,temporal,dv,7,test,506,0.3922121319895976,0.3471878274825603,,
S0_HAR,maec,temporal,dv,7,val,73,0.60448717815765,0.3290786281192007,,
S0_persistence,maec,temporal,dv,7,test,506,0.0,0.5712319145478864,,
S0_persistence,maec,temporal,dv,7,val,73,0.0,0.8320302400976782,,
S1_GBDT,maec,temporal,dv,7,test,506,0.3402361845979385,0.3768781474215379,,
S1_GBDT,maec,temporal,dv,7,val,73,0.535188603515322,0.3867371378172838,,
S2_text,maec,temporal,dv,7,test,506,-0.1423099842465589,0.6525239193083279,1.3514563397012557e-08,5.4058253588050226e-08
S2_text,maec,temporal,dv,7,val,73,0.5068151515122254,0.4103447078998201,0.7040532400348577,
S0_HAR,maec,temporal,dv,15,test,507,0.3064892270405489,0.2206793320842555,,
S0_HAR,maec,temporal,dv,15,val,73,0.4793564958274611,0.2339451600655644,,
S0_persistence,maec,temporal,dv,15,test,507,0.0,0.3182060620955321,,
S0_persistence,maec,temporal,dv,15,val,73,0.0,0.4493384786147952,,
S1_GBDT,maec,temporal,dv,15,test,507,0.2133309169772074,0.250322871080986,,
S1_GBDT,maec,temporal,dv,15,val,73,0.4697382504088245,0.2382670078289183,,
S2_text,maec,temporal,dv,15,test,507,0.2111501351416644,0.2510168090811636,0.8761535939623376,0.8761535939623376
S2_text,maec,temporal,dv,15,val,73,0.3198494557495586,0.3056178107825183,0.0679521127803174,
S0_HAR,maec,temporal,dv,30,test,507,0.2064085577969668,0.1498867335282223,,
S0_HAR,maec,temporal,dv,30,val,73,0.299418843528345,0.1563768338169086,,
S0_persistence,maec,temporal,dv,30,test,507,0.0,0.1888714085829004,,
S0_persistence,maec,temporal,dv,30,val,73,0.0,0.2232101625520033,,
S1_GBDT,maec,temporal,dv,30,test,507,0.186045183739043,0.1537327926700428,,
S1_GBDT,maec,temporal,dv,30,val,73,0.2744116762374002,0.1619586876928855,,
S2_text,maec,temporal,dv,30,test,507,0.1381594192749705,0.1627770444554412,0.2670697726484134,0.5341395452968268
S2_text,maec,temporal,dv,30,val,73,0.3134428288609605,0.1532465377711885,0.7626178189526961,
S0_HAR,maec,temporal,har_resid,3,test,506,0.0,0.6818672837518043,,
S0_HAR,maec,temporal,har_resid,3,val,73,0.0,0.7306358707441053,,
S0_persistence,maec,temporal,har_resid,3,test,506,0.0,0.6818672837518043,,
S0_persistence,maec,temporal,har_resid,3,val,73,0.0,0.7306358707441053,,
S1_GBDT,maec,temporal,har_resid,3,test,506,-0.2061065395000102,0.8224045900041602,,
S1_GBDT,maec,temporal,har_resid,3,val,73,-0.1585365824619766,0.8464683847160062,,
S2_text,maec,temporal,har_resid,3,test,506,0.0345099389167961,0.6583360854401679,1.8833232722934938e-07,
S2_text,maec,temporal,har_resid,3,val,73,0.0127612220476516,0.7213120641615605,0.2387734486749786,
S0_HAR,maec,temporal,har_resid,7,test,506,0.0,0.3471878274825603,,
S0_HAR,maec,temporal,har_resid,7,val,73,0.0,0.3290786281192007,,
S0_persistence,maec,temporal,har_resid,7,test,506,0.0,0.3471878274825603,,
S0_persistence,maec,temporal,har_resid,7,val,73,0.0,0.3290786281192007,,
S1_GBDT,maec,temporal,har_resid,7,test,506,-0.0927180383131517,0.3793784017729481,,
S1_GBDT,maec,temporal,har_resid,7,val,73,-0.1416311924562861,0.3756864266316018,,
S2_text,maec,temporal,har_resid,7,test,506,-0.0069936027201702,0.3496159212172522,0.1460056459153857,
S2_text,maec,temporal,har_resid,7,val,73,0.107545324012558,0.2936877604325132,0.0959823390695464,
S0_HAR,maec,temporal,har_resid,15,test,507,0.0,0.2206793320842555,,
S0_HAR,maec,temporal,har_resid,15,val,73,0.0,0.2339451600655644,,
S0_persistence,maec,temporal,har_resid,15,test,507,0.0,0.2206793320842555,,
S0_persistence,maec,temporal,har_resid,15,val,73,0.0,0.2339451600655644,,
S1_GBDT,maec,temporal,har_resid,15,test,507,-0.110907991172503,0.24515443349901,,
S1_GBDT,maec,temporal,har_resid,15,val,73,-0.0886681483517523,0.2546886442244324,,
S2_text,maec,temporal,har_resid,15,test,507,0.0128531458010002,0.2178429084537093,0.0434769561507116,
S2_text,maec,temporal,har_resid,15,val,73,0.0660463070062863,0.2184939462012393,0.2646844712309481,
S0_HAR,maec,temporal,har_resid,30,test,507,0.0,0.1498867335282223,,
S0_HAR,maec,temporal,har_resid,30,val,73,0.0,0.1563768338169086,,
S0_persistence,maec,temporal,har_resid,30,test,507,0.0,0.1498867335282223,,
S0_persistence,maec,temporal,har_resid,30,val,73,0.0,0.1563768338169086,,
S1_GBDT,maec,temporal,har_resid,30,test,507,-0.0629274667120163,0.1593187259628923,,
S1_GBDT,maec,temporal,har_resid,30,val,73,-0.0787093911751734,0.1686851592005387,,
S2_text,maec,temporal,har_resid,30,test,507,-0.0522054479986344,0.1577116376011151,0.9403689254585844,
S2_text,maec,temporal,har_resid,30,val,73,0.0950075501124266,0.141519853941626,0.2549002988125785,
S0_HAR,maec,temporal,v,3,test,506,0.5068022623827804,0.6818672837518043,,
S0_HAR,maec,temporal,v,3,val,73,0.6129807334946821,0.7306358707441053,,
S0_persistence,maec,temporal,v,3,test,506,0.0,1.3825434136135777,,
S0_persistence,maec,temporal,v,3,val,73,0.0,1.887854001020556,,
S1_GBDT,maec,temporal,v,3,test,506,0.3971168719163039,0.8335120979108648,,
S1_GBDT,maec,temporal,v,3,val,73,0.5552163787693524,0.8396865389286896,,
S2_text,maec,temporal,v,3,test,506,0.481933122504132,0.7162499492932645,0.0014642369587875,
S2_text,maec,temporal,v,3,val,73,0.6096957690145932,0.7368374040810513,0.3884962116998545,
S0_HAR,maec,temporal,v,7,test,506,0.3922121319895976,0.3471878274825603,,
S0_HAR,maec,temporal,v,7,val,73,0.60448717815765,0.3290786281192007,,
S0_persistence,maec,temporal,v,7,test,506,0.0,0.5712319145478864,,
S0_persistence,maec,temporal,v,7,val,73,0.0,0.8320302400976782,,
S1_GBDT,maec,temporal,v,7,test,506,0.333042664223284,0.3809873158374909,,
S1_GBDT,maec,temporal,v,7,val,73,0.5471695817288161,0.3767686016377053,,
S2_text,maec,temporal,v,7,test,506,0.2785780140034228,0.4120992622577632,0.1423102825782533,
S2_text,maec,temporal,v,7,val,73,0.6124683216688376,0.3224380753673332,0.3417990518391488,
S0_HAR,maec,temporal,v,15,test,507,0.3064892270405489,0.2206793320842555,,
S0_HAR,maec,temporal,v,15,val,73,0.4793564958274611,0.2339451600655644,,
S0_persistence,maec,temporal,v,15,test,507,0.0,0.3182060620955321,,
S0_persistence,maec,temporal,v,15,val,73,0.0,0.4493384786147952,,
S1_GBDT,maec,temporal,v,15,test,507,0.2167670844339677,0.2492294617658695,,
S1_GBDT,maec,temporal,v,15,val,73,0.440912206898653,0.2512196583642626,,
S2_text,maec,temporal,v,15,test,507,0.1316278476658763,0.276321283027663,0.0913961089275374,
S2_text,maec,temporal,v,15,val,73,0.452419495179019,0.2460489909553811,0.9164828097381196,
S0_HAR,maec,temporal,v,30,test,507,0.2064085577969668,0.1498867335282223,,
S0_HAR,maec,temporal,v,30,val,73,0.299418843528345,0.1563768338169086,,
S0_persistence,maec,temporal,v,30,test,507,0.0,0.1888714085829004,,
S0_persistence,maec,temporal,v,30,val,73,0.0,0.2232101625520033,,
S1_GBDT,maec,temporal,v,30,test,507,0.1308830165045409,0.1641513488961087,,
S1_GBDT,maec,temporal,v,30,val,73,0.2365813395194978,0.1704028033010855,,
S2_text,maec,temporal,v,30,test,507,-0.0125803713386458,0.1912474810381264,0.010599246726386,
S2_text,maec,temporal,v,30,val,73,0.2986330930858769,0.1565522213008972,0.5888946157639088,
S0_HAR,maec,ticker_disjoint,dv,3,test,514,0.473529699862556,0.6674342160117328,,
S0_HAR,maec,ticker_disjoint,dv,3,val,256,0.5065042505299645,0.7583200239390049,,
S0_persistence,maec,ticker_disjoint,dv,3,test,514,0.0,1.2677528358911945,,
S0_persistence,maec,ticker_disjoint,dv,3,val,257,0.0,1.5315673793257625,,
S1_GBDT,maec,ticker_disjoint,dv,3,test,514,0.3935861774063484,0.7687828433167214,,
S1_GBDT,maec,ticker_disjoint,dv,3,val,257,0.5057792402463264,0.7569323938243211,,
S2_text,maec,ticker_disjoint,dv,3,test,514,0.329571802556286,0.8499372485706899,0.1085229333808489,0.2298500038087536
S2_text,maec,ticker_disjoint,dv,3,val,257,0.3691398839560514,0.9662047746505766,0.0020016978822104,
S0_HAR,maec,ticker_disjoint,dv,7,test,514,0.3789045583342723,0.3057006918965163,,
S0_HAR,maec,ticker_disjoint,dv,7,val,256,0.4392311288196625,0.3383384572736703,,
S0_persistence,maec,ticker_disjoint,dv,7,test,514,0.0,0.4921959998235566,,
S0_persistence,maec,ticker_disjoint,dv,7,val,258,0.0,0.5998268050986963,,
S1_GBDT,maec,ticker_disjoint,dv,7,test,514,0.2849765515640704,0.3519316811002096,,
S1_GBDT,maec,ticker_disjoint,dv,7,val,258,0.4187928818085435,0.3486236088054018,,
S2_text,maec,ticker_disjoint,dv,7,test,514,0.1422453039006809,0.4221834302499553,0.0078069712230875,0.03122788489235
S2_text,maec,ticker_disjoint,dv,7,val,258,0.2856296439236863,0.4284984883424734,0.0269134820662959,
S0_HAR,maec,ticker_disjoint,dv,15,test,514,0.311347515036161,0.2076414471668755,,
S0_HAR,maec,ticker_disjoint,dv,15,val,256,0.3041793787351765,0.1939667119247927,,
S0_persistence,maec,ticker_disjoint,dv,15,test,514,0.0,0.3015184751388485,,
S0_persistence,maec,ticker_disjoint,dv,15,val,257,0.0,0.2777275190765251,,
S1_GBDT,maec,ticker_disjoint,dv,15,test,514,0.2266666257979525,0.2331742997633819,,
S1_GBDT,maec,ticker_disjoint,dv,15,val,257,0.319052936388552,0.1891177385992522,,
S2_text,maec,ticker_disjoint,dv,15,test,514,0.2036854012128536,0.2401035635571043,0.5228761818245067,0.5228761818245067
S2_text,maec,ticker_disjoint,dv,15,val,257,0.1705827965871725,0.2303519821832341,0.0102533351912523,
S0_HAR,maec,ticker_disjoint,dv,30,test,514,0.2246311305036656,0.1424984294565704,,
S0_HAR,maec,ticker_disjoint,dv,30,val,254,0.1770428648334254,0.1328740628062134,,
S0_persistence,maec,ticker_disjoint,dv,30,test,514,0.0,0.1837814684888431,,
S0_persistence,maec,ticker_disjoint,dv,30,val,254,0.0,0.1614592754935145,,
S1_GBDT,maec,ticker_disjoint,dv,30,test,514,0.232868651679403,0.1409845257181855,,
S1_GBDT,maec,ticker_disjoint,dv,30,val,254,0.2116409039487657,0.1272878884771543,,
S2_text,maec,ticker_disjoint,dv,30,test,514,0.1626359857035109,0.1538919882071213,0.0766166679362512,0.2298500038087536
S2_text,maec,ticker_disjoint,dv,30,val,254,0.2118152388355471,0.1272597404926413,0.923197939177652,
S0_HAR,maec,ticker_disjoint,har_resid,3,test,514,0.0,0.6674342160117328,,
S0_HAR,maec,ticker_disjoint,har_resid,3,val,256,0.0,0.7583200239390049,,
S0_persistence,maec,ticker_disjoint,har_resid,3,test,514,0.0,0.6674342160117328,,
S0_persistence,maec,ticker_disjoint,har_resid,3,val,256,0.0,0.7583200239390049,,
S1_GBDT,maec,ticker_disjoint,har_resid,3,test,514,-0.1615843206409633,0.7752811203785226,,
S1_GBDT,maec,ticker_disjoint,har_resid,3,val,256,0.0367162701897177,0.7304773410497871,,
S2_text,maec,ticker_disjoint,har_resid,3,test,514,0.0586146035978583,0.6283128240125577,9.824890172340001e-08,
S2_text,maec,ticker_disjoint,har_resid,3,val,256,0.0513156834921785,0.7194063136047697,0.8952680744281846,
S0_HAR,maec,ticker_disjoint,har_resid,7,test,514,0.0,0.3057006918965163,,
S0_HAR,maec,ticker_disjoint,har_resid,7,val,256,0.0,0.3383384572736703,,
S0_persistence,maec,ticker_disjoint,har_resid,7,test,514,0.0,0.3057006918965163,,
S0_persistence,maec,ticker_disjoint,har_resid,7,val,256,0.0,0.3383384572736703,,
S1_GBDT,maec,ticker_disjoint,har_resid,7,test,514,-0.118748637292864,0.3420022324787133,,
S1_GBDT,maec,ticker_disjoint,har_resid,7,val,256,0.0048257392603405,0.3367057240971217,,
S2_text,maec,ticker_disjoint,har_resid,7,test,514,0.0713333965564646,0.2838940232138765,8.018702327714326e-05,
S2_text,maec,ticker_disjoint,har_resid,7,val,256,0.062948424900338,0.3170405843050825,0.3894265227673231,
S0_HAR,maec,ticker_disjoint,har_resid,15,test,514,0.0,0.2076414471668755,,
S0_HAR,maec,ticker_disjoint,har_resid,15,val,256,0.0,0.1939667119247927,,
S0_persistence,maec,ticker_disjoint,har_resid,15,test,514,0.0,0.2076414471668755,,
S0_persistence,maec,ticker_disjoint,har_resid,15,val,256,0.0,0.1939667119247927,,
S1_GBDT,maec,ticker_disjoint,har_resid,15,test,514,-0.1184776367166942,0.2322423151116413,,
S1_GBDT,maec,ticker_disjoint,har_resid,15,val,256,0.051940247643286,0.183892032872865,,
S2_text,maec,ticker_disjoint,har_resid,15,test,514,0.0536393593640586,0.1965036929634183,0.0002527001364729,
S2_text,maec,ticker_disjoint,har_resid,15,val,256,0.0686157368562023,0.1806575430604983,0.9010407557358296,
S0_HAR,maec,ticker_disjoint,har_resid,30,test,514,0.0,0.1424984294565704,,
S0_HAR,maec,ticker_disjoint,har_resid,30,val,254,0.0,0.1328740628062134,,
S0_persistence,maec,ticker_disjoint,har_resid,30,test,514,0.0,0.1424984294565704,,
S0_persistence,maec,ticker_disjoint,har_resid,30,val,254,0.0,0.1328740628062134,,
S1_GBDT,maec,ticker_disjoint,har_resid,30,test,514,-0.0042988235742962,0.1431110050644185,,
S1_GBDT,maec,ticker_disjoint,har_resid,30,val,254,0.0278896462372072,0.1291682522004477,,
S2_text,maec,ticker_disjoint,har_resid,30,test,514,0.0368311943055449,0.1372500421130205,0.4328480234550771,
S2_text,maec,ticker_disjoint,har_resid,30,val,254,0.0643269296992892,0.1243266823092192,0.6994615239615067,
S0_HAR,maec,ticker_disjoint,v,3,test,514,0.473529699862556,0.6674342160117328,,
S0_HAR,maec,ticker_disjoint,v,3,val,256,0.5065042505299645,0.7583200239390049,,
S0_persistence,maec,ticker_disjoint,v,3,test,514,0.0,1.2677528358911945,,
S0_persistence,maec,ticker_disjoint,v,3,val,257,0.0,1.5315673793257625,,
S1_GBDT,maec,ticker_disjoint,v,3,test,514,0.3953868256477476,0.766500066402245,,
S1_GBDT,maec,ticker_disjoint,v,3,val,257,0.4986304699368801,0.7678812172325616,,
S2_text,maec,ticker_disjoint,v,3,test,514,0.4514516019767376,0.6954237872175625,0.087358222558008,
S2_text,maec,ticker_disjoint,v,3,val,257,0.4690236555889968,0.8132260482935336,0.375039809796316,
S0_HAR,maec,ticker_disjoint,v,7,test,514,0.3789045583342723,0.3057006918965163,,
S0_HAR,maec,ticker_disjoint,v,7,val,256,0.4392311288196625,0.3383384572736703,,
S0_persistence,maec,ticker_disjoint,v,7,test,514,0.0,0.4921959998235566,,
S0_persistence,maec,ticker_disjoint,v,7,val,258,0.0,0.5998268050986963,,
S1_GBDT,maec,ticker_disjoint,v,7,test,514,0.3058705917866595,0.3416477180824988,,
S1_GBDT,maec,ticker_disjoint,v,7,val,258,0.3841365359181075,0.3694114140372573,,
S2_text,maec,ticker_disjoint,v,7,test,514,0.2991404714425609,0.3449602563941952,0.7689452341685533,
S2_text,maec,ticker_disjoint,v,7,val,258,0.3619261967821762,0.3827337708013215,0.6331293054646028,
S0_HAR,maec,ticker_disjoint,v,15,test,514,0.311347515036161,0.2076414471668755,,
S0_HAR,maec,ticker_disjoint,v,15,val,256,0.3041793787351765,0.1939667119247927,,
S0_persistence,maec,ticker_disjoint,v,15,test,514,0.0,0.3015184751388485,,
S0_persistence,maec,ticker_disjoint,v,15,val,257,0.0,0.2777275190765251,,
S1_GBDT,maec,ticker_disjoint,v,15,test,514,0.2357311950523107,0.2304411646640173,,
S1_GBDT,maec,ticker_disjoint,v,15,val,257,0.2484644576759194,0.2087221016674977,,
S2_text,maec,ticker_disjoint,v,15,test,514,0.1856020826845233,0.2455560181852165,0.2787466580115014,
S2_text,maec,ticker_disjoint,v,15,val,257,0.1824353370905675,0.2270602055144722,0.3966667162996689,
S0_HAR,maec,ticker_disjoint,v,30,test,514,0.2246311305036656,0.1424984294565704,,
S0_HAR,maec,ticker_disjoint,v,30,val,254,0.1770428648334254,0.1328740628062134,,
S0_persistence,maec,ticker_disjoint,v,30,test,514,0.0,0.1837814684888431,,
S0_persistence,maec,ticker_disjoint,v,30,val,254,0.0,0.1614592754935145,,
S1_GBDT,maec,ticker_disjoint,v,30,test,514,0.2205696058620724,0.1432448624195061,,
S1_GBDT,maec,ticker_disjoint,v,30,val,254,0.2089282615953047,0.1277258697462172,,
S2_text,maec,ticker_disjoint,v,30,test,514,0.0900910162354393,0.1672244092274418,0.0255795235825377,
S2_text,maec,ticker_disjoint,v,30,val,254,0.1848477549591444,0.1316138909012084,0.683379419902915,
