dataset,split,target,horizon,model,segment,n,mse,mae,r2_oos,spearman_q,seed_std,dm_p_vs_persistence,dm_p_vs_stage1,dm_p_vs_stage2,dm_p_vs_stage3
fincall,combined,dv,3,gated_fusion,test,92,1.2274698365458971,0.8716340652831092,-0.14614297999368064,0.14680540092625075,0.05557953062463926,0.23492560009419172,0.04509201019343953,0.18604488216027906,0.016847401836052225
fincall,combined,dv,3,gated_fusion,val,21,1.2150300702882557,0.8543198590696565,-0.13943443813374046,0.06917293233082707,0.05557953062463926,0.5088804296371453,0.03469305043432048,0.11387480380056952,0.15205520002484404
fincall,combined,dv,3,gated_fusion_pastvol,test,92,0.9723930652112335,0.7320437249510279,0.09203350477222139,0.38273358345152947,0.034410589571729155,0.42745652440840165,0.44158987380007675,0.6745045031571318,0.46370638011556237
fincall,combined,dv,3,gated_fusion_pastvol,val,21,0.7055625749711082,0.6624178284928515,0.3383354734671946,0.3969924812030075,0.034410589571729155,0.19733693349565792,0.1727914242312549,0.8445506648757852,0.4114888619768302
fincall,combined,dv,3,stack_fusion,test,92,1.0683938113131202,0.790274776472764,0.0023933539979592577,0.4096007005342972,,0.9846723853079364,0.021070062311095338,0.7155647258327795,0.1411102403987244
fincall,combined,dv,3,stack_fusion,val,21,0.27719074326272486,0.4250084841417094,0.7400552574550634,0.7894736842105263,,0.01603405646968998,0.07125578301200464,0.09000853605494963,0.07907558022727934
fincall,combined,dv,3,stack_fusion_pastvol,test,92,1.0683938113131202,0.790274776472764,0.0023933539979592577,0.4096007005342972,,0.9846723853079364,0.021070062311095338,0.7155647258327795,0.1411102403987244
fincall,combined,dv,3,stack_fusion_pastvol,val,21,0.27719074326272486,0.4250084841417094,0.7400552574550634,0.7894736842105263,,0.01603405646968998,0.07125578301200464,0.09000853605494963,0.07907558022727934
fincall,combined,dv,7,gated_fusion,test,92,0.4851912996516269,0.549632766033948,-0.4627480764190719,0.100598987326328,0.12598772121843865,0.031195078296375824,0.06417162559027739,0.020160141582429583,0.019840211148963283
fincall,combined,dv,7,gated_fusion,val,21,0.6968964468841774,0.5823488375909547,-0.3775714819269411,-0.010526315789473682,0.12598772121843865,0.13625600875845265,0.07930455749887357,0.1457474624035691,0.309207946294207
fincall,combined,dv,7,gated_fusion_pastvol,test,92,0.43708913316295,0.502327564244115,-0.3177303245479599,0.1663317777201625,0.05234227928267879,0.09899510196204553,0.13837852661545066,0.043962685676174826,0.0733410753404856
fincall,combined,dv,7,gated_fusion_pastvol,val,21,0.4411627589482959,0.4649174295446054,0.12794327143931372,0.13233082706766916,0.05234227928267879,0.2158778679362275,0.4276088527007077,0.874644484578593,0.11866428672919926
fincall,combined,dv,7,stack_fusion,test,92,0.4694799474826515,0.569159563477163,-0.41538170736090363,0.2838868215162653,,0.019000491377176666,0.0015307275407403908,0.0118997078313871,0.02540517667157797
fincall,combined,dv,7,stack_fusion,val,21,0.20092770753025896,0.3458129903905211,0.6028215080444455,0.5894736842105263,,0.05790595612153622,0.10233985595629155,0.1350029798076692,0.04313011491204536
fincall,combined,dv,7,stack_fusion_pastvol,test,92,0.4694799474826515,0.569159563477163,-0.41538170736090363,0.2838868215162653,,0.019000491377176666,0.0015307275407403908,0.0118997078313871,0.02540517667157797
fincall,combined,dv,7,stack_fusion_pastvol,val,21,0.20092770753025896,0.3458129903905211,0.6028215080444455,0.5894736842105263,,0.05790595612153622,0.10233985595629155,0.1350029798076692,0.04313011491204536
fincall,combined,dv,15,gated_fusion,test,92,0.32123704232918293,0.45623979793465,-0.7653581039945037,0.08466640739780486,0.09252446476854356,0.0007729726016766504,0.16823549228774465,0.8415817722195877,0.0005765586168116947
fincall,combined,dv,15,gated_fusion,val,21,0.36409389078441967,0.4945793413159257,-0.37732853953099577,0.23909774436090225,0.09252446476854356,0.1783297076498427,0.13941174536119572,0.1596977802365219,0.2824381697894264
fincall,combined,dv,15,gated_fusion_pastvol,test,92,0.31264836746730934,0.4501647737925694,-0.7181590429520812,0.023423416553554274,0.07916422153721316,0.0013552426254761411,0.184558071639921,0.9506284649021336,0.0014344130051549438
fincall,combined,dv,15,gated_fusion_pastvol,val,21,0.20746210895627512,0.35065231986398887,0.2151928643429073,0.3142857142857143,0.07916422153721316,0.2676198176377447,0.9117893286248483,0.9348112830640766,0.25338017846355837
fincall,combined,dv,15,stack_fusion,test,92,0.32234033057933137,0.47634104743961914,-0.7714212243598244,0.27009092203124446,,0.00011359966180244518,0.04119521111596311,0.6944988535615997,0.00011269943462990866
fincall,combined,dv,15,stack_fusion,val,21,0.11059766639974297,0.26528157515504813,0.5816207681768311,0.3954887218045112,,0.032805678117747504,0.08864332409024159,0.013240125463851426,0.03062428453423464
fincall,combined,dv,15,stack_fusion_pastvol,test,92,0.32234033057933137,0.47634104743961914,-0.7714212243598244,0.27009092203124446,,0.00011359966180244518,0.04119521111596311,0.6944988535615997,0.00011269943462990866
fincall,combined,dv,15,stack_fusion_pastvol,val,21,0.11059766639974297,0.26528157515504813,0.5816207681768311,0.3954887218045112,,0.032805678117747504,0.08864332409024159,0.013240125463851426,0.03062428453423464
fincall,combined,dv,30,gated_fusion,test,92,0.30748628937304656,0.44243645422170613,-1.8716952199706967,0.06846934781171998,0.10099374560383033,8.602816052565849e-06,0.026017758291729975,4.402145832112835e-05,5.450894767593011e-06
fincall,combined,dv,30,gated_fusion,val,21,0.16213031549869444,0.3081044946927494,-1.3912046805116058,0.26165413533834586,0.10099374560383033,0.028551405384400267,0.9246038158794218,0.03209173487485417,0.14761830375539325
fincall,combined,dv,30,gated_fusion_pastvol,test,92,0.2773272251356547,0.4418790358310015,-1.59003179755958,-0.010922463359209385,0.08285140191967527,6.350265837901101e-07,0.0178969099633346,4.919787158633797e-06,1.1835868658744657e-06
fincall,combined,dv,30,gated_fusion_pastvol,val,21,0.1398771602640169,0.27441851052474786,-1.0630004900143586,0.3278195488721804,0.08285140191967527,0.10861505920509568,0.7878333234797524,0.22410985181194035,0.3121482448220241
fincall,combined,dv,30,stack_fusion,test,92,0.11031269792672785,0.2546047969294364,-0.030239260372121768,-0.061057308585866304,,0.5499197848205308,0.0014675140897883313,0.17530705986521136,0.5803713460816138
fincall,combined,dv,30,stack_fusion,val,21,0.05940334347809907,0.21254356404870173,0.12388036422458637,0.05413533834586466,,0.3895904403684933,0.0852568390337104,0.224143313510789,0.092629250901403
fincall,combined,dv,30,stack_fusion_pastvol,test,92,0.11031269792672785,0.2546047969294364,-0.030239260372121768,-0.061057308585866304,,0.5499197848205308,0.0014675140897883313,0.17530705986521136,0.5803713460816138
fincall,combined,dv,30,stack_fusion_pastvol,val,21,0.05940334347809907,0.21254356404870173,0.12388036422458637,0.05413533834586466,,0.3895904403684933,0.0852568390337104,0.224143313510789,0.092629250901403
fincall,combined,har_resid,3,gated_fusion,test,92,0.7985454636649301,0.6937612414269525,-0.15165052295501513,0.13736445576415685,0.1509084650174779,0.2239541440666252,0.6510601005626399,0.2895921310787168,0.1648883625042066
fincall,combined,har_resid,3,gated_fusion,val,21,0.9205989720597798,0.812179922805482,-1.3744324767745377,-0.4030075187969925,0.1509084650174779,0.01138009427952607,0.12411721786760438,0.0232832029302628,0.021711715515774582
fincall,combined,har_resid,3,gated_fusion_pastvol,test,92,0.855188432133253,0.7088309197003756,-0.23334017899398596,0.05080551276772052,0.07474358560882322,0.01661919884946348,0.944013604756884,0.019931690018752397,0.0069572135185837726
fincall,combined,har_resid,3,gated_fusion_pastvol,val,21,0.6912504770016099,0.6605038595155959,-0.7828909568583924,-0.21353383458646616,0.07474358560882322,0.048393450701710077,0.46274858125268503,0.11711080995322155,0.13682038116745862
fincall,combined,har_resid,3,stack_fusion,test,92,1.0256452629313793,0.7671085504747169,-0.4791705133483579,-0.14158507323074424,,0.0024044803422909582,0.2420587674907419,0.002354711272866846,0.006177269963743601
fincall,combined,har_resid,3,stack_fusion,val,21,0.19823787564638848,0.38368238664030374,0.4886997874781338,0.4466165413533834,,0.053359304888767986,0.016809349555143377,0.024292970558917267,0.047062602144168464
fincall,combined,har_resid,3,stack_fusion_pastvol,test,92,1.0256452629313793,0.7671085504747169,-0.4791705133483579,-0.14158507323074424,,0.0024044803422909582,0.2420587674907419,0.002354711272866846,0.006177269963743601
fincall,combined,har_resid,3,stack_fusion_pastvol,val,21,0.19823787564638848,0.38368238664030374,0.4886997874781338,0.4466165413533834,,0.053359304888767986,0.016809349555143377,0.024292970558917267,0.047062602144168464
fincall,combined,har_resid,7,gated_fusion,test,92,0.3530913166719813,0.48120490157675916,-0.38589669186797004,0.016676706980432818,0.08058981001778759,0.03162344378823266,0.6446356899993856,0.027000267307824094,0.014790892554109078
fincall,combined,har_resid,7,gated_fusion,val,21,0.46682608918792146,0.5300778264487102,-0.7643218419406641,-0.12481203007518797,0.08058981001778759,0.0867325205155988,0.3234043654447801,0.047358772826607096,0.21069985102248537
fincall,combined,har_resid,7,gated_fusion_pastvol,test,92,0.38386224267000457,0.48881672754142597,-0.5066737331963234,-0.01798944623221338,0.07201008378176503,0.00338191256162611,0.27662129353806036,0.0022812137655461623,0.0018070995041643437
fincall,combined,har_resid,7,gated_fusion_pastvol,val,21,0.3967133255169465,0.45245308219696456,-0.4993377649823414,-0.09624060150375939,0.07201008378176503,0.20511641855651747,0.5717728176440532,0.10821344680971341,0.5016588083233792
fincall,combined,har_resid,7,stack_fusion,test,92,0.3660971199443334,0.49019304411616954,-0.4369449586453238,-0.12478711992964156,,0.0005417429890819077,0.3399773523865858,0.0003508732923168345,0.001970248546628493
fincall,combined,har_resid,7,stack_fusion,val,21,0.17562813981666905,0.326440860179403,0.33623126403027226,0.4360902255639097,,0.0742222170544931,0.10028492344760032,0.1354926146344514,0.028993737891238342
fincall,combined,har_resid,7,stack_fusion_pastvol,test,92,0.3660971199443334,0.49019304411616954,-0.4369449586453238,-0.12478711992964156,,0.0005417429890819077,0.3399773523865858,0.0003508732923168345,0.001970248546628493
fincall,combined,har_resid,7,stack_fusion_pastvol,val,21,0.17562813981666905,0.326440860179403,0.33623126403027226,0.4360902255639097,,0.0742222170544931,0.10028492344760032,0.1354926146344514,0.028993737891238342
fincall,combined,har_resid,15,gated_fusion,test,92,0.2587344597105141,0.4246349879157295,-0.6307384547412052,0.05742373174315099,0.07357290692689693,0.002612502129561113,0.8173197499766559,0.0030746829598461535,0.0011874353201634829
fincall,combined,har_resid,15,gated_fusion,val,21,0.2203825702582726,0.3596914846632182,-0.5756001229708692,0.34586466165413526,0.07357290692689693,0.14370513963509216,0.8937347735008109,0.12298405509162956,0.3359854891666565
fincall,combined,har_resid,15,gated_fusion_pastvol,test,92,0.29584996992235874,0.4327308899737363,-0.8646682136048454,0.04880799869857198,0.09343930557583441,0.00021663163164163248,0.28915143676329313,0.00034322602503647666,0.00016457236802560048
fincall,combined,har_resid,15,gated_fusion_pastvol,val,21,0.20004488902921688,0.32343360061631127,-0.43019818393417864,0.14586466165413534,0.09343930557583441,0.20925198381778037,0.8316679749599624,0.1879630414904741,0.5317396856148052
fincall,combined,har_resid,15,stack_fusion,test,92,0.23692336081113,0.3891126829189368,-0.4932685647420727,-0.07529015235858408,,0.0002474784730299102,0.6787802718631718,0.00023884841001661986,0.0005450876210024568
fincall,combined,har_resid,15,stack_fusion,val,21,0.0832051098535313,0.22905064849752718,0.4051345296345752,0.46917293233082696,,0.10112047878297008,0.053500523794545854,0.10288503135725995,0.06774571263840178
fincall,combined,har_resid,15,stack_fusion_pastvol,test,92,0.23692336081113,0.3891126829189368,-0.4932685647420727,-0.07529015235858408,,0.0002474784730299102,0.6787802718631718,0.00023884841001661986,0.0005450876210024568
fincall,combined,har_resid,15,stack_fusion_pastvol,val,21,0.0832051098535313,0.22905064849752718,0.4051345296345752,0.46917293233082696,,0.10112047878297008,0.053500523794545854,0.10288503135725995,0.06774571263840178
fincall,combined,har_resid,30,gated_fusion,test,92,0.2511186349453723,0.39643696444231064,-0.969751374078857,0.016730594234063867,0.06706935108742915,0.0003198905366115411,0.18179093633823867,0.00038647480427878543,0.0002708417682544427
fincall,combined,har_resid,30,gated_fusion,val,21,0.15396835752317783,0.3274921726859568,-0.6701834240884841,0.16240601503759397,0.06706935108742915,0.08258555284963638,0.7570743072744784,0.07156561335936279,0.20053275926203573
fincall,combined,har_resid,30,gated_fusion_pastvol,test,92,0.2655686101917323,0.43281812191808,-1.0830956450172318,-0.03894688546925123,0.08562483905922474,3.4739627627253147e-06,0.030323881787183267,1.0264488865410998e-05,5.8947593237710895e-06
fincall,combined,har_resid,30,gated_fusion_pastvol,val,21,0.2006199740079018,0.36100054364090345,-1.176240368600539,0.016541353383458645,0.08562483905922474,0.05614626623610352,0.24052099194761523,0.040073706427459686,0.10022211580747414
fincall,combined,har_resid,30,stack_fusion,test,92,0.12859945202269965,0.28180324046293376,-0.008722221600977242,-0.09983147523982372,,0.926043634693574,0.002885743624614589,0.7874687161735188,0.9647401276620237
fincall,combined,har_resid,30,stack_fusion,val,21,0.08039814775400882,0.21993836469281094,0.1278750006412952,0.28872180451127816,,0.3378695726184272,0.06159721793928974,0.31766639280500747,0.10758365290124977
fincall,combined,har_resid,30,stack_fusion_pastvol,test,92,0.12859945202269965,0.28180324046293376,-0.008722221600977242,-0.09983147523982372,,0.926043634693574,0.002885743624614589,0.7874687161735188,0.9647401276620237
fincall,combined,har_resid,30,stack_fusion_pastvol,val,21,0.08039814775400882,0.21993836469281094,0.1278750006412952,0.28872180451127816,,0.3378695726184272,0.06159721793928974,0.31766639280500747,0.10758365290124977
fincall,combined,v,3,gated_fusion,test,92,1.6885100644664153,0.9721781776631994,-0.5766366711566,0.060999989832593665,0.3155502616695417,0.052602997344905464,0.00623214674306001,0.0010727502519726948,0.00036483056083414504
fincall,combined,v,3,gated_fusion,val,21,1.7474699800033668,1.0521462317944714,-0.6387474874167822,-0.23458646616541348,0.3155502616695417,0.07935361468205193,0.014305020801370865,0.0038726326229962184,0.0050258046989051465
fincall,combined,v,3,gated_fusion_pastvol,test,92,1.413057278903117,0.8887899248563582,-0.3194341989708207,0.1154019684098685,0.2321803054085976,0.1770157480065815,0.019137785768331653,0.0023354743942672735,0.0006962116791129838
fincall,combined,v,3,gated_fusion_pastvol,val,21,1.4077159574918883,0.8763258792350809,-0.3201319706401462,-0.13383458646616542,0.2321803054085976,0.343990397664207,0.06276026879041888,0.019678401789566567,0.02493168557124469
fincall,combined,v,3,stack_fusion,test,92,1.155059164687415,0.8347166608362662,-0.07852992690166527,-0.12562593095314353,,0.6435786195445797,0.0916742473679729,0.0007233399724822713,0.008117297405055594
fincall,combined,v,3,stack_fusion,val,21,0.16837003661024172,0.3035713057171077,0.8421054566838546,0.6030075187969924,,0.008826875983589763,0.012452331315699804,0.0463045475831165,0.03002386768877514
fincall,combined,v,3,stack_fusion_pastvol,test,92,1.155059164687415,0.8347166608362662,-0.07852992690166527,-0.12562593095314353,,0.6435786195445797,0.0916742473679729,0.0007233399724822713,0.008117297405055594
fincall,combined,v,3,stack_fusion_pastvol,val,21,0.16837003661024172,0.3035713057171077,0.8421054566838546,0.6030075187969924,,0.008826875983589763,0.012452331315699804,0.0463045475831165,0.03002386768877514
fincall,combined,v,7,gated_fusion,test,92,1.0759428594370088,0.7800790201775694,-2.2437377774670564,0.05985336058198235,0.19084343812054938,0.0003476658714550645,0.00022409603961924397,0.00013401373366855063,7.476903063793621e-05
fincall,combined,v,7,gated_fusion,val,21,0.982461183314175,0.7870932847741946,-0.9420539655280205,0.11729323308270674,0.19084343812054938,0.0991076207415666,0.03555000411390874,0.010201950601319126,0.0170010478280004
fincall,combined,v,7,gated_fusion_pastvol,test,92,0.9388683231600624,0.7445041972889719,-1.8304873452991566,0.1285756226265461,0.1325008618149412,0.00019821340480470062,0.00012286288271756718,7.81203368579534e-05,3.409337458327921e-05
fincall,combined,v,7,gated_fusion_pastvol,val,21,0.8271524308757556,0.7156655860767507,-0.6350515274909447,0.15789473684210525,0.1325008618149412,0.19872941076181574,0.06749880049520238,0.02198953261584009,0.03836200782919075
fincall,combined,v,7,stack_fusion,test,92,0.4463456147339632,0.5295293045945862,-0.3456366382475873,0.13289117824988436,,0.07175388947565996,0.024964749551250436,0.0011726798490584653,0.010923420324815318
fincall,combined,v,7,stack_fusion,val,21,0.18655490687878218,0.2982648293463296,0.6312325587556654,0.5308270676691729,,0.0365703105961174,0.08532687402413193,0.2550538054582479,0.015822647851236365
fincall,combined,v,7,stack_fusion_pastvol,test,92,0.4463456147339632,0.5295293045945862,-0.3456366382475873,0.13289117824988436,,0.07175388947565996,0.024964749551250436,0.0011726798490584653,0.010923420324815318
fincall,combined,v,7,stack_fusion_pastvol,val,21,0.18655490687878218,0.2982648293463296,0.6312325587556654,0.5308270676691729,,0.0365703105961174,0.08532687402413193,0.2550538054582479,0.015822647851236365
fincall,combined,v,15,gated_fusion,test,92,0.9411834017923123,0.7361016071641849,-4.17227320252983,0.05029040654374272,0.1538042010017839,4.408452691555876e-05,0.00013424776623255133,6.98164929079278e-05,5.6025900707876e-05
fincall,combined,v,15,gated_fusion,val,21,0.7552375980744539,0.7198898831129923,-1.8569836635097352,0.15789473684210525,0.1538042010017839,0.045647496205810226,0.026903853510601095,0.007501525384767469,0.012899999049446265
fincall,combined,v,15,gated_fusion_pastvol,test,92,0.8273556418268214,0.7053442508472058,-3.546732769653153,0.10855358477329226,0.13646837613437912,7.4111963398675505e-06,3.514897914766068e-05,2.049030603971815e-05,1.0740991308842778e-05
fincall,combined,v,15,gated_fusion_pastvol,val,21,0.6944193738778754,0.6226464167526358,-1.6269147773521797,0.18796992481203004,0.13646837613437912,0.09404646613604799,0.05820532171922715,0.02189025124596892,0.03470965741162741
fincall,combined,v,15,stack_fusion,test,92,0.2902330605639627,0.4343768364185183,-0.5949757281997397,0.136125430208381,,0.01404025301731672,0.21042707336452335,0.00536479487187816,0.0553689468994483
fincall,combined,v,15,stack_fusion,val,21,0.08133564419504835,0.19527913421478396,0.6923158919540638,0.5684210526315789,,0.017099146356646017,0.014414522537143037,0.35648394510693465,0.12293200953409412
fincall,combined,v,15,stack_fusion_pastvol,test,92,0.2902330605639627,0.4343768364185183,-0.5949757281997397,0.136125430208381,,0.01404025301731672,0.21042707336452335,0.00536479487187816,0.0553689468994483
fincall,combined,v,15,stack_fusion_pastvol,val,21,0.08133564419504835,0.19527913421478396,0.6923158919540638,0.5684210526315789,,0.017099146356646017,0.014414522537143037,0.35648394510693465,0.12293200953409412
fincall,combined,v,30,gated_fusion,test,92,0.961151049057312,0.7504567792464362,-7.9764421004771116,0.06970722953428196,0.16064276495459381,2.1962882229342302e-05,9.626561289154531e-05,0.00014112910598824431,8.817691776033494e-05
fincall,combined,v,30,gated_fusion,val,21,0.6226686177062055,0.658552374161494,-8.183526896169889,0.12932330827067667,0.16064276495459381,0.002172079188828424,0.009577866683589913,0.0057790545729556825,0.007092962182451293
fincall,combined,v,30,gated_fusion_pastvol,test,92,0.8284210698821832,0.7079998372919016,-6.736841962463808,0.11567038793738912,0.14973906178664845,4.766527779554265e-06,2.9540959325637868e-05,8.261421636888023e-05,3.0193786971400756e-05
fincall,combined,v,30,gated_fusion_pastvol,val,21,0.6692570890060813,0.6606385880539039,-8.87064435651333,0.10225563909774435,0.14973906178664845,0.0029886093750352565,0.008809244399799307,0.005856061732102376,0.00818642558975881
fincall,combined,v,30,stack_fusion,test,92,0.16955348792610006,0.33127894998434965,-0.5835045582016822,0.2887628554143981,,0.007972893555862653,0.20012308921237204,0.014707829196124152,0.3073433838107267
fincall,combined,v,30,stack_fusion,val,21,0.09486093303667281,0.20678222604057264,-0.39907152081509767,0.37744360902255636,,0.5488225635095519,0.04378929457348607,0.19161954484583027,0.027644694427021322
fincall,combined,v,30,stack_fusion_pastvol,test,92,0.16955348792610006,0.33127894998434965,-0.5835045582016822,0.2887628554143981,,0.007972893555862653,0.20012308921237204,0.014707829196124152,0.3073433838107267
fincall,combined,v,30,stack_fusion_pastvol,val,21,0.09486093303667281,0.20678222604057264,-0.39907152081509767,0.37744360902255636,,0.5488225635095519,0.04378929457348607,0.19161954484583027,0.027644694427021322
fincall,temporal,dv,3,gated_fusion,test,481,1.2349675847859902,0.8625092426985618,-0.05167199619165186,0.1537878651766288,0.12230032755024689,0.13417372952413292,4.161161664692739e-09,0.3998068689927032,0.10746637818700029
fincall,temporal,dv,3,gated_fusion,val,228,1.4244963351623596,0.950106247905818,-0.11673334953139847,-0.12509173746983204,0.12230032755024689,0.028865340519202344,3.6652824220419605e-07,1.0034332051337428e-07,2.8082398097154555e-07
fincall,temporal,dv,3,gated_fusion_pastvol,test,481,3.0714715754638355,0.7762399906462565,-1.615599537030548,0.5603861407521586,0.7361921805268998,0.40247306575453917,0.3093880965383811,0.10494097492163139,0.30249088703651866
fincall,temporal,dv,3,gated_fusion_pastvol,val,228,0.8781260968801314,0.7557857373390447,0.31159338688778515,0.3035115089128592,0.7361921805268998,0.002709615806365298,0.00011593332170984654,0.23045289220578602,5.397761387188701e-07
fincall,temporal,dv,3,stack_fusion,test,481,0.9017385446456953,0.6504245258847068,0.2320987311947691,0.6723482257475015,,0.23539156108036077,0.5417021813747075,0.27448123338246305,0.6422737411566637
fincall,temporal,dv,3,stack_fusion,val,228,0.5212299153850083,0.5777737513915719,0.5913820099666844,0.5512387004510035,,6.14539513441791e-07,0.004207502965879317,1.6110955215067997e-05,0.01891606168273828
fincall,temporal,dv,3,stack_fusion_pastvol,test,481,0.9017385446456953,0.6504245258847068,0.2320987311947691,0.6723482257475015,,0.23539156108036077,0.5417021813747075,0.27448123338246305,0.6422737411566637
fincall,temporal,dv,3,stack_fusion_pastvol,val,228,0.5212299153850083,0.5777737513915719,0.5913820099666844,0.5512387004510035,,6.14539513441791e-07,0.004207502965879317,1.6110955215067997e-05,0.01891606168273828
fincall,temporal,dv,7,gated_fusion,test,481,0.5130214719250799,0.578273628875132,-0.22545889942869812,0.07512614728482744,0.04757217724004886,1.5089380604492097e-05,6.25948925627435e-09,0.38574173480406615,0.5056596924996457
fincall,temporal,dv,7,gated_fusion,val,228,0.44526306989534237,0.5212275808594835,-0.26374559100412487,-0.024110248341306137,0.04757217724004886,0.0024563763441425557,1.0436339018485839e-05,2.6321107954538713e-07,6.528474839177028e-07
fincall,temporal,dv,7,gated_fusion_pastvol,test,481,1.8236843837036762,0.537049797187376,-3.3562509174765722,0.45204621276364143,0.22171031531504573,0.33731776877463565,0.303109699437583,0.17970666110684644,0.30052863467554625
fincall,temporal,dv,7,gated_fusion_pastvol,val,228,0.33391098926441776,0.4425294722382914,0.05229387074495484,0.19646141139014353,0.22171031531504573,0.5532753012762173,0.007694534449496265,0.027095961603233538,0.0004955404009692357
fincall,temporal,dv,7,stack_fusion,test,481,0.5552882833526134,0.4512808527470989,-0.32642200340948,0.6159080236980916,,0.6187307981830081,0.38076583577894374,0.2975330422994319,0.24493428898172817
fincall,temporal,dv,7,stack_fusion,val,228,0.21123013830278026,0.36056609003138584,0.4004866470734397,0.13078258742174717,,4.2456624181033865e-07,0.0005863459149834741,6.579382495840955e-05,0.0037435676206310224
fincall,temporal,dv,7,stack_fusion_pastvol,test,481,0.5552882833526134,0.4512808527470989,-0.32642200340948,0.6159080236980916,,0.6187307981830081,0.38076583577894374,0.2975330422994319,0.24493428898172817
fincall,temporal,dv,7,stack_fusion_pastvol,val,228,0.21123013830278026,0.36056609003138584,0.4004866470734397,0.13078258742174717,,4.2456624181033865e-07,0.0005863459149834741,6.579382495840955e-05,0.0037435676206310224
fincall,temporal,dv,15,gated_fusion,test,481,0.2931051749417861,0.43174147759038256,-0.4090663237459635,0.04217621334743621,0.03994305001497238,4.4205839245929046e-10,4.919443373902397e-05,0.3844079242892164,0.3814690746933678
fincall,temporal,dv,15,gated_fusion,val,228,0.23910843125243422,0.38547338790216595,-0.512105725049159,-0.027986575398428373,0.03994305001497238,1.756234326289799e-05,3.469798863325536e-05,3.654927509838368e-06,6.176771603855632e-10
fincall,temporal,dv,15,gated_fusion_pastvol,test,481,1.1146194036764172,0.4378380815082572,-4.3583928220516075,0.30767896135936545,0.14916011973879517,0.2965053607350988,0.30341423057298156,0.13837297502396256,0.10868886082081071
fincall,temporal,dv,15,gated_fusion_pastvol,val,228,0.17523370972581312,0.3153930977964668,-0.10816625875590913,0.16275203083155068,0.14916011973879517,0.34015294299126275,0.036954769067951546,0.09736107185373216,0.0001543717952886353
fincall,temporal,dv,15,stack_fusion,test,481,0.5882430205384721,0.38363961403275393,-1.827904456425887,0.48384198311349813,,0.3406647170530667,0.35675063330270407,0.3123262451070665,0.31120132193987143
fincall,temporal,dv,15,stack_fusion,val,228,0.09808077775582905,0.23940289911351947,0.37974372218899555,0.3200146648383707,,1.0736589656121283e-07,0.00017272811996764146,2.567946310336962e-06,0.021615509831184137
fincall,temporal,dv,15,stack_fusion_pastvol,test,481,0.5882430205384721,0.38363961403275393,-1.827904456425887,0.48384198311349813,,0.3406647170530667,0.35675063330270407,0.3123262451070665,0.31120132193987143
fincall,temporal,dv,15,stack_fusion_pastvol,val,228,0.09808077775582905,0.23940289911351947,0.37974372218899555,0.3200146648383707,,1.0736589656121283e-07,0.00017272811996764146,2.567946310336962e-06,0.021615509831184137
fincall,temporal,dv,30,gated_fusion,test,481,0.2426176133881447,0.39781405074651194,-1.1775708344725029,0.09482502852693911,0.04171868333578215,1.0974553238063915e-19,0.09005738645137026,0.07734930463411813,0.2846316954294206
fincall,temporal,dv,30,gated_fusion,val,228,0.16383273068294707,0.32183225115555186,-1.7923702886400972,-0.12763575925616438,0.04171868333578215,1.1788469297441148e-10,0.7567125988167871,4.2784252959651054e-10,9.889467990524704e-11
fincall,temporal,dv,30,gated_fusion_pastvol,test,481,0.3765302250217708,0.39316575753365185,-2.379479440320146,0.24504228512394727,0.09012126255382394,0.09507488689567886,0.3008317374666859,0.06532941011718336,0.03033535917849951
fincall,temporal,dv,30,gated_fusion_pastvol,val,228,0.154009783482322,0.3140032706903222,-1.6249476631637036,-0.010671499043592103,0.09012126255382394,2.449003322611306e-10,0.9020897738654782,1.2822130429946748e-08,1.2107550925293678e-10
fincall,temporal,dv,30,stack_fusion,test,481,0.11257216761472101,0.25509295619704714,-0.01037128157301681,0.3633450458013209,,0.9097650844615482,4.361143599789421e-08,0.13056759197240064,0.27650675690398885
fincall,temporal,dv,30,stack_fusion,val,228,0.051905620830136646,0.1743775938643637,0.11531894258673614,0.12998730868198233,,0.015401706678460414,2.729196134039261e-10,7.58030488567135e-05,0.0027785719158483603
fincall,temporal,dv,30,stack_fusion_pastvol,test,481,0.11257216761472101,0.25509295619704714,-0.01037128157301681,0.3633450458013209,,0.9097650844615482,4.361143599789421e-08,0.13056759197240064,0.27650675690398885
fincall,temporal,dv,30,stack_fusion_pastvol,val,228,0.051905620830136646,0.1743775938643637,0.11531894258673614,0.12998730868198233,,0.015401706678460414,2.729196134039261e-10,7.58030488567135e-05,0.0027785719158483603
fincall,temporal,har_resid,3,gated_fusion,test,481,0.63621416333658,0.6276861364848005,-0.010624403879825328,0.252846568871143,0.018738420475751708,0.81351598279007,0.004355324753106508,0.16930839112219548,0.8404139697200841
fincall,temporal,har_resid,3,gated_fusion,val,228,0.665266234537696,0.6745589481279319,-0.4206533090840654,-0.1511394248828608,0.018738420475751708,3.895124738872775e-05,0.24108294821546458,3.1483144196876115e-06,6.2226506505786845e-06
fincall,temporal,har_resid,3,gated_fusion_pastvol,test,481,0.8039294077415868,0.6627735972985693,-0.2770395965398782,0.2120607972620065,0.22488179319596657,0.2449003057300536,0.7167259976337357,0.1369443944875307,0.22965558774137787
fincall,temporal,har_resid,3,gated_fusion_pastvol,val,228,0.6300698700725303,0.647803582401396,-0.3454926755673,0.012136213374022816,0.22488179319596657,8.173329916182151e-05,0.5061128676287039,2.0333238896617234e-05,1.7903700614066634e-05
fincall,temporal,har_resid,3,stack_fusion,test,481,0.6237155854856379,0.6039853353668414,0.009229551781440692,0.2609623036044014,,0.6622929470847044,1.5473288740678427e-05,0.010035376368874215,0.47313203684996596
fincall,temporal,har_resid,3,stack_fusion,val,228,0.44945037003321364,0.5429609648631142,0.04021409428594325,-0.012838740820736327,,0.13786779035244537,0.0001306364426281938,0.07145919949873726,0.22042644232552797
fincall,temporal,har_resid,3,stack_fusion_pastvol,test,481,0.6237155854856379,0.6039853353668414,0.009229551781440692,0.2609623036044014,,0.6622929470847044,1.5473288740678427e-05,0.010035376368874215,0.47313203684996596
fincall,temporal,har_resid,3,stack_fusion_pastvol,val,228,0.44945037003321364,0.5429609648631142,0.04021409428594325,-0.012838740820736327,,0.13786779035244537,0.0001306364426281938,0.07145919949873726,0.22042644232552797
fincall,temporal,har_resid,7,gated_fusion,test,481,0.28382953176953546,0.4232087645870922,-0.1484404186780759,0.19890138357839388,0.04270841004150655,0.008480927015488204,0.28832137555273907,1.0789434257634526e-05,0.005994027874301191
fincall,temporal,har_resid,7,gated_fusion,val,228,0.27079179236658407,0.4107938662427542,-0.38150673724871953,-0.01416169060580165,0.04270841004150655,0.001014084308241583,0.6029392049328671,4.7130046231352864e-05,0.0007940601472700569
fincall,temporal,har_resid,7,gated_fusion_pastvol,test,481,0.4090911656231941,0.45339302339393023,-0.6552781755891632,0.14810835500662314,0.06212178110976036,0.12829425286125848,0.32545486232602344,0.0692579219098324,0.11665498396418245
fincall,temporal,har_resid,7,gated_fusion_pastvol,val,228,0.30789493521016714,0.44043886525244025,-0.5707969715041241,-0.09036800492164337,0.06212178110976036,7.530139593689199e-06,0.06136111753758385,1.9130650973519326e-07,5.069951149062304e-06
fincall,temporal,har_resid,7,stack_fusion,test,481,0.24119482444915485,0.3966037250330245,0.02406954115581683,0.32212101588915565,,0.29102166469795404,1.0262933217142574e-06,4.919024593092271e-05,0.3687315086422265
fincall,temporal,har_resid,7,stack_fusion,val,228,0.18375584637554193,0.3402924172669658,0.06252720011177726,0.16148656294942865,,0.06393371361776305,4.687681006002433e-06,0.12417800726200527,0.031934278095344215
fincall,temporal,har_resid,7,stack_fusion_pastvol,test,481,0.24119482444915485,0.3966037250330245,0.02406954115581683,0.32212101588915565,,0.29102166469795404,1.0262933217142574e-06,4.919024593092271e-05,0.3687315086422265
fincall,temporal,har_resid,7,stack_fusion_pastvol,val,228,0.18375584637554193,0.3402924172669658,0.06252720011177726,0.16148656294942865,,0.06393371361776305,4.687681006002433e-06,0.12417800726200527,0.031934278095344215
fincall,temporal,har_resid,15,gated_fusion,test,481,0.21141632943677952,0.37204364941372975,-0.2813479997296313,0.1479850141678047,0.036550127477836376,1.5115755411210681e-05,0.7652436364614849,7.664322205074072e-10,2.8550176978101674e-05
fincall,temporal,har_resid,15,gated_fusion,val,228,0.15407587429016514,0.30248902828146373,-0.5390121196672926,0.16614645253054855,0.036550127477836376,0.0007626223530687616,0.38046662379093216,1.9887465056182306e-05,0.0003304124579283778
fincall,temporal,har_resid,15,gated_fusion_pastvol,test,481,0.3644149290131545,0.39519613633829676,-1.2086389523769134,0.14533641349609785,0.054201363206771096,0.16178581580154575,0.29737900706403386,0.11281322268613841,0.159077266005009
fincall,temporal,har_resid,15,gated_fusion_pastvol,val,228,0.16561356219452347,0.31080980627212523,-0.6542582060487709,0.08866883304242643,0.054201363206771096,4.6229173990013045e-05,0.1356866266285369,1.1147958631677987e-06,2.120537275487852e-05
fincall,temporal,har_resid,15,stack_fusion,test,481,0.1607362200926571,0.3257082779166918,0.025813026607216072,0.349757718560084,,0.3610305971375279,1.0492899483932304e-09,1.9067615399527438e-06,0.09325192027548418
fincall,temporal,har_resid,15,stack_fusion,val,228,0.08854129460628797,0.22115465919282704,0.11559076904223997,0.3257063974618364,,0.013035009327068036,5.919790951259466e-06,0.04878237514803933,0.024967366274643854
fincall,temporal,har_resid,15,stack_fusion_pastvol,test,481,0.1607362200926571,0.3257082779166918,0.025813026607216072,0.349757718560084,,0.3610305971375279,1.0492899483932304e-09,1.9067615399527438e-06,0.09325192027548418
fincall,temporal,har_resid,15,stack_fusion_pastvol,val,228,0.08854129460628797,0.22115465919282704,0.11559076904223997,0.3257063974618364,,0.013035009327068036,5.919790951259466e-06,0.04878237514803933,0.024967366274643854
fincall,temporal,har_resid,30,gated_fusion,test,481,0.20041323699222302,0.362954039326151,-0.39748834661757626,0.17499030565079016,0.04330834216650484,6.080755005617871e-07,0.6837140909771001,6.670403403146356e-13,4.355987217774291e-07
fincall,temporal,har_resid,30,gated_fusion,val,228,0.1506421783364558,0.29372067520207135,-0.5087431389292407,0.157213454212704,0.04330834216650484,0.0009353418529668717,0.8286138814270503,7.433890390184786e-08,0.0009946009950039698
fincall,temporal,har_resid,30,gated_fusion_pastvol,test,481,0.24887319022852458,0.384136996913301,-0.7354012556735388,0.14384856054955686,0.02846962079695827,0.009811269466783974,0.31033735981738364,0.0003665664300569116,0.007346958459973768
fincall,temporal,har_resid,30,gated_fusion_pastvol,val,228,0.16308970830312008,0.3163980190094172,-0.6334102516941389,0.19022798490165332,0.02846962079695827,5.277705493834799e-05,0.7120343223576451,1.3187559873106976e-08,6.751053061307989e-05
fincall,temporal,har_resid,30,stack_fusion,test,481,0.11339784514670521,0.26850329454225336,0.20927295271312596,0.28729078545945796,,2.648930177832551e-05,4.1133079797320876e-13,0.1039564154446074,3.593723296495961e-06
fincall,temporal,har_resid,30,stack_fusion,val,228,0.06527152525494409,0.19548823740545074,0.34627893075274496,0.5054484983217167,,3.7606140728975617e-07,4.736617654156127e-08,0.002111380747293145,2.1186597230545737e-07
fincall,temporal,har_resid,30,stack_fusion_pastvol,test,481,0.11339784514670521,0.26850329454225336,0.20927295271312596,0.28729078545945796,,2.648930177832551e-05,4.1133079797320876e-13,0.1039564154446074,3.593723296495961e-06
fincall,temporal,har_resid,30,stack_fusion_pastvol,val,228,0.06527152525494409,0.19548823740545074,0.34627893075274496,0.5054484983217167,,3.7606140728975617e-07,4.736617654156127e-08,0.002111380747293145,2.1186597230545737e-07
fincall,temporal,v,3,gated_fusion,test,481,1.0779065198068918,0.8026521180128261,0.08207784936334606,0.17576781496860158,0.08614509543198677,0.351864869093596,0.00016068680010217033,6.523011571478518e-08,0.00450641901026911
fincall,temporal,v,3,gated_fusion,val,228,1.2141615846235543,0.8369682063687158,0.04815849658576221,-0.11473756717567671,0.08614509543198677,0.7887862746070392,0.0003845410589541302,4.392108253945432e-05,7.849117456511141e-05
fincall,temporal,v,3,gated_fusion_pastvol,test,481,3.9518209674608835,0.8759447595254515,-2.3652862606606937,0.16493887692652354,0.7704169977647549,0.3373025343515398,0.2691360363425172,0.2542126976919191,0.2619406613489317
fincall,temporal,v,3,gated_fusion_pastvol,val,228,1.2165918835415725,0.803317141073316,0.04625326469145086,0.053913682383299785,0.7704169977647549,0.8237567512046776,0.0038744443379266115,0.0009037147393521003,0.0013025454515458333
fincall,temporal,v,3,stack_fusion,test,481,0.6486913226779056,0.6126606600431882,0.4475883362144297,0.3978579826703776,,1.684673019862796e-14,0.0008761495680130169,0.9725170496030486,0.018232563195097338
fincall,temporal,v,3,stack_fusion,val,228,0.4817499292179129,0.5598623562824732,0.6223323298120553,0.2504914690211014,,1.8601469942622602e-06,0.0004301316068320617,0.124196487520975,0.011583931438770284
fincall,temporal,v,3,stack_fusion_pastvol,test,481,0.6486913226779056,0.6126606600431882,0.4475883362144297,0.3978579826703776,,1.684673019862796e-14,0.0008761495680130169,0.9725170496030486,0.018232563195097338
fincall,temporal,v,3,stack_fusion_pastvol,val,228,0.4817499292179129,0.5598623562824732,0.6223323298120553,0.2504914690211014,,1.8601469942622602e-06,0.0004301316068320617,0.124196487520975,0.011583931438770284
fincall,temporal,v,7,gated_fusion,test,481,0.6777936648926127,0.6367462270634923,-0.6190516851122065,0.1836230509137941,0.06898424651364522,0.00016985289400745575,2.1548982286430578e-08,1.0907047357303087e-09,1.2756392736690285e-07
fincall,temporal,v,7,gated_fusion,val,228,0.7363274640803444,0.6261814014457281,-1.0898445192984485,-0.04530534481772294,0.06898424651364522,0.005175735917158945,0.0003009657890556315,8.880899768028579e-05,0.00014938947000370448
fincall,temporal,v,7,gated_fusion_pastvol,test,481,3.727573785416706,0.7001910879747307,-7.904088266471463,0.18955480369098687,0.6593224412908849,0.28057613484552785,0.2648582307310374,0.2605162925524948,0.26535371528758644
fincall,temporal,v,7,gated_fusion_pastvol,val,228,0.7492038369577668,0.5879420854963333,-1.1263902392383316,0.05041846958576138,0.6593224412908849,0.03400731965755142,0.00786367218233148,0.003915816131436046,0.005058979298437967
fincall,temporal,v,7,stack_fusion,test,481,0.26379626251715943,0.4058914316912331,0.3698675489651011,0.5424032021567088,,2.004510911420705e-08,0.023220547681308584,0.1116771726106194,8.432696168423416e-13
fincall,temporal,v,7,stack_fusion,val,228,0.20142426766265292,0.35751087029280604,0.42831766793562454,0.46281931788308384,,5.319080520108608e-07,0.00012086964264968666,0.05926121814988555,0.005929628329070138
fincall,temporal,v,7,stack_fusion_pastvol,test,481,0.26379626251715943,0.4058914316912331,0.3698675489651011,0.5424032021567088,,2.004510911420705e-08,0.023220547681308584,0.1116771726106194,8.432696168423416e-13
fincall,temporal,v,7,stack_fusion_pastvol,val,228,0.20142426766265292,0.35751087029280604,0.42831766793562454,0.46281931788308384,,5.319080520108608e-07,0.00012086964264968666,0.05926121814988555,0.005929628329070138
fincall,temporal,v,15,gated_fusion,test,481,0.5882967194985612,0.6006803124695989,-1.8281626074336161,0.16121806594513016,0.053258042123606596,6.695470203059871e-13,7.135641832156464e-13,4.429083571331552e-14,4.6596212873318864e-11
fincall,temporal,v,15,gated_fusion,val,228,0.6066374764275576,0.553398562317772,-2.83633482236794,0.02512427141084303,0.053258042123606596,0.0006125979738405916,0.0002735411376378971,0.00012402493266971346,0.000146617022694785
fincall,temporal,v,15,gated_fusion_pastvol,test,481,4.061636611935283,0.6604842640935278,-18.525807998130134,0.199742802603934,0.770595306940659,0.2717265726776369,0.2728740085817343,0.2697347478985818,0.2734164450956135
fincall,temporal,v,15,gated_fusion_pastvol,val,228,0.626128168840323,0.5095352192026175,-2.959592657435245,0.21375253903385938,0.770595306940659,0.008786755952048716,0.005617236414065457,0.0035555480741897272,0.003983853946426484
fincall,temporal,v,15,stack_fusion,test,481,0.18202372313550264,0.33791089779194583,0.12494380747785772,0.5977988702370332,,0.18024930231051284,0.1045810891100503,0.11249214605956827,3.301624747860191e-17
fincall,temporal,v,15,stack_fusion,val,228,0.09305359398923722,0.23512427208193803,0.41153529605580086,0.5407889976157043,,1.2907922371698516e-06,1.6542600372696133e-05,0.0010674599582367276,0.000515751619181275
fincall,temporal,v,15,stack_fusion_pastvol,test,481,0.18202372313550264,0.33791089779194583,0.12494380747785772,0.5977988702370332,,0.18024930231051284,0.1045810891100503,0.11249214605956827,3.301624747860191e-17
fincall,temporal,v,15,stack_fusion_pastvol,val,228,0.09305359398923722,0.23512427208193803,0.41153529605580086,0.5407889976157043,,1.2907922371698516e-06,1.6542600372696133e-05,0.0010674599582367276,0.000515751619181275
fincall,temporal,v,30,gated_fusion,test,481,0.5420587875319511,0.5767684615458123,-3.8651513375936206,0.18821233359702008,0.04834227077485811,8.69459874292947e-22,2.2558743843669266e-14,0.00022938374384044523,0.02141607726793314
fincall,temporal,v,30,gated_fusion,val,228,0.6272981002545658,0.5605167159266446,-9.691688833906198,0.15082355753773607,0.04834227077485811,1.3028761504510135e-05,0.00012625593270452812,6.0127259597538977e-05,0.00018190121050275666
fincall,temporal,v,30,gated_fusion_pastvol,test,481,2.7807129300217945,0.6313431267068458,-23.957789712360267,0.18589801364130634,0.5711325185335143,0.2382189154328148,0.2551931802128209,0.24582313245959808,0.2516691312125799
fincall,temporal,v,30,gated_fusion_pastvol,val,228,0.6136504835474667,0.5151985206275931,-9.459078419340125,0.18421938984579642,0.5711325185335143,0.00045385905378452423,0.002489563433185382,0.0013310523634205576,0.0028876781450342874
fincall,temporal,v,30,stack_fusion,test,481,0.22453903786141446,0.2981719034352264,-1.0153098252817343,0.5416838534853451,,0.2370050786533173,0.8226418109982587,0.7640509666796976,3.4025298542321114e-10
fincall,temporal,v,30,stack_fusion,val,228,0.07767691639351448,0.21853674908520143,-0.32392784119667706,0.5886052390553516,,0.027838023805716296,3.6990183218027466e-06,7.570337895184589e-05,9.618992147110024e-12
fincall,temporal,v,30,stack_fusion_pastvol,test,481,0.22453903786141446,0.2981719034352264,-1.0153098252817343,0.5416838534853451,,0.2370050786533173,0.8226418109982587,0.7640509666796976,3.4025298542321114e-10
fincall,temporal,v,30,stack_fusion_pastvol,val,228,0.07767691639351448,0.21853674908520143,-0.32392784119667706,0.5886052390553516,,0.027838023805716296,3.6990183218027466e-06,7.570337895184589e-05,9.618992147110024e-12
fincall,ticker_disjoint,dv,3,gated_fusion,test,484,1.420902645016594,0.9293410994156143,-0.24395829774025568,-0.0434973837468709,0.03828253022594248,3.981004729152488e-07,4.69697574943934e-14,3.846784037833106e-10,2.3569755040913094e-10
fincall,ticker_disjoint,dv,3,gated_fusion,val,239,1.6124780381747372,0.9900960322257185,-0.3177760270984742,-0.14124986870604728,0.03828253022594248,9.974063133153342e-07,2.9592098058960997e-10,5.2210345870368384e-08,4.4262071177082164e-09
fincall,ticker_disjoint,dv,3,gated_fusion_pastvol,test,484,0.9455712982355783,0.7675564666775814,0.1721802569158869,0.394241770982773,0.04672402212574139,0.008603632551439972,3.8076441572479673e-07,0.19845160965752248,0.0035336251509708394
fincall,ticker_disjoint,dv,3,gated_fusion_pastvol,val,239,0.957342777294959,0.7708949654822997,0.21762446881868147,0.4315865626726794,0.04672402212574139,0.004235646349684123,0.0007023851359100347,0.4490175995337096,0.006460847850547993
fincall,ticker_disjoint,dv,3,stack_fusion,test,484,0.6443706137055151,0.6286764784268661,0.4358725599179982,0.6274813836820032,,6.139666919300438e-10,0.12967098046463482,1.3087269389144662e-07,3.614888899955607e-08
fincall,ticker_disjoint,dv,3,stack_fusion,val,239,0.6624800712121504,0.6500988452228247,0.4585970564522762,0.5934897920019905,,6.3933704874499665e-09,0.040212666886614755,6.891012232645253e-08,0.002692364203097812
fincall,ticker_disjoint,dv,3,stack_fusion_pastvol,test,484,0.6443706137055151,0.6286764784268661,0.4358725599179982,0.6274813836820032,,6.139666919300438e-10,0.12967098046463482,1.3087269389144662e-07,3.614888899955607e-08
fincall,ticker_disjoint,dv,3,stack_fusion_pastvol,val,239,0.6624800712121504,0.6500988452228247,0.4585970564522762,0.5934897920019905,,6.3933704874499665e-09,0.040212666886614755,6.891012232645253e-08,0.002692364203097812
fincall,ticker_disjoint,dv,7,gated_fusion,test,484,0.5148209740067983,0.5666199027415172,-0.33497683656264887,-0.01544939546444502,0.032083866144695536,3.2759065561862835e-08,8.257345743199153e-14,4.963272842818469e-11,5.922722111771748e-10
fincall,ticker_disjoint,dv,7,gated_fusion,val,239,0.6272134407775443,0.6254508522839735,-0.3312239465612814,-0.1420268341389467,0.032083866144695536,1.3237037473555202e-07,2.202754229177651e-10,3.625344493484826e-10,1.1142269709993556e-07
fincall,ticker_disjoint,dv,7,gated_fusion_pastvol,test,484,0.37819742488644054,0.4914498437228372,0.019300247343121413,0.33839178029796346,0.052030611875673066,0.7546725661297676,1.5356333813690237e-06,0.031193846894078506,0.009604214628865302
fincall,ticker_disjoint,dv,7,gated_fusion_pastvol,val,239,0.4219077305977365,0.5006797546755337,0.10452544908036143,0.3441570798224242,0.052030611875673066,0.13161116470797815,0.0003005943571550011,0.4892996665470361,0.09836941971708585
fincall,ticker_disjoint,dv,7,stack_fusion,test,484,0.2730143831339596,0.4097063325597552,0.2920492832767464,0.5751566881213176,,4.7322920633476487e-08,0.6149314040707586,5.176311050449881e-05,6.83204872907186e-05
fincall,ticker_disjoint,dv,7,stack_fusion,val,239,0.2823379757408957,0.417961643056023,0.4007541135215815,0.5182462972606917,,6.129840093470387e-08,0.04293812101925754,2.009188763156029e-05,4.559848013858248e-06
fincall,ticker_disjoint,dv,7,stack_fusion_pastvol,test,484,0.2730143831339596,0.4097063325597552,0.2920492832767464,0.5751566881213176,,4.7322920633476487e-08,0.6149314040707586,5.176311050449881e-05,6.83204872907186e-05
fincall,ticker_disjoint,dv,7,stack_fusion_pastvol,val,239,0.2823379757408957,0.417961643056023,0.4007541135215815,0.5182462972606917,,6.129840093470387e-08,0.04293812101925754,2.009188763156029e-05,4.559848013858248e-06
fincall,ticker_disjoint,dv,15,gated_fusion,test,484,0.2826922472217645,0.4150698608039886,-0.32304355786012295,0.07637943744175996,0.038379890458667666,4.1288079150181445e-06,1.5993050259409187e-06,1.0116880963235938e-08,5.773812016773991e-06
fincall,ticker_disjoint,dv,15,gated_fusion,val,239,0.37875310177832466,0.47648808812289917,-0.30045875758894414,-0.03629558526735043,0.038379890458667666,9.677982914100919e-05,2.42845317368928e-07,1.0958600450654186e-07,2.2678913326204632e-05
fincall,ticker_disjoint,dv,15,gated_fusion_pastvol,test,484,0.22930203740226912,0.37681666882998244,-0.07316909597199639,0.240170564717167,0.04223906847407319,0.3315520959204138,0.013722080361158228,0.008247550003672784,0.06809614086116215
fincall,ticker_disjoint,dv,15,gated_fusion_pastvol,val,239,0.29439673349647916,0.4123538236008163,-0.010818943748607035,0.26959139734680415,0.04223906847407319,0.8805755509657708,0.0005542332996016564,0.05374044921911104,0.1341095428359995
fincall,ticker_disjoint,dv,15,stack_fusion,test,484,0.18531749669867587,0.33504664708829346,0.13268537579098127,0.4509011634646619,,0.03456934314034745,0.23234570154563103,0.34165600167415044,0.07564866694313008
fincall,ticker_disjoint,dv,15,stack_fusion,val,239,0.19571176271131857,0.3321266880657528,0.3280185044396935,0.49215379629092004,,2.5493367056981245e-06,0.005437271019090354,0.0006537899514812386,1.4314907021824762e-06
fincall,ticker_disjoint,dv,15,stack_fusion_pastvol,test,484,0.18531749669867587,0.33504664708829346,0.13268537579098127,0.4509011634646619,,0.03456934314034745,0.23234570154563103,0.34165600167415044,0.07564866694313008
fincall,ticker_disjoint,dv,15,stack_fusion_pastvol,val,239,0.19571176271131857,0.3321266880657528,0.3280185044396935,0.49215379629092004,,2.5493367056981245e-06,0.005437271019090354,0.0006537899514812386,1.4314907021824762e-06
fincall,ticker_disjoint,dv,30,gated_fusion,test,484,0.275928866373213,0.394365001213014,-0.1834228873381507,0.06186327275859658,0.03389330196613675,0.01942432713881601,0.0006128763413547883,3.0494008747398103e-07,2.0373782742740223e-08
fincall,ticker_disjoint,dv,30,gated_fusion,val,239,0.3534360961335782,0.4418179534867528,-0.07305734553955578,-0.021676174466013852,0.03389330196613675,0.3378304534696213,2.140674031641529e-05,9.54906386365886e-05,0.00022192608064229048
fincall,ticker_disjoint,dv,30,gated_fusion_pastvol,test,484,0.21246050644916248,0.3566730543930361,0.08878462303644519,0.20224720183965725,0.04411773928768498,0.2928698124459976,0.7059010636702422,0.023932671006422226,0.041836415896033076
fincall,ticker_disjoint,dv,30,gated_fusion_pastvol,val,239,0.2839641944115819,0.41196386523027273,0.13786433242967955,0.21238734618879365,0.04411773928768498,0.12483760450132313,0.006176791772173006,0.22083123958906356,0.49508151326548966
fincall,ticker_disjoint,dv,30,stack_fusion,test,484,0.17619887901602338,0.31981474576478314,0.2443060094015208,0.31230853012465737,,0.0008300304705111901,0.0006987507179536319,0.8345017517407863,0.46535099176594436
fincall,ticker_disjoint,dv,30,stack_fusion,val,239,0.1910155758505663,0.32422429985429757,0.4200630070861483,0.42565997263053235,,9.470318465396258e-06,0.011390398736150106,0.00031606809345196256,0.0008908264812456843
fincall,ticker_disjoint,dv,30,stack_fusion_pastvol,test,484,0.17619887901602338,0.31981474576478314,0.2443060094015208,0.31230853012465737,,0.0008300304705111901,0.0006987507179536319,0.8345017517407863,0.46535099176594436
fincall,ticker_disjoint,dv,30,stack_fusion_pastvol,val,239,0.1910155758505663,0.32422429985429757,0.4200630070861483,0.42565997263053235,,9.470318465396258e-06,0.011390398736150106,0.00031606809345196256,0.0008908264812456843
fincall,ticker_disjoint,har_resid,3,gated_fusion,test,484,0.7346393131512433,0.6742965655631596,-0.2725245730584078,-0.0019315681972670003,0.03056692667948021,3.38140193841622e-07,0.03548504526195688,6.0635028958358e-07,6.639020774451118e-07
fincall,ticker_disjoint,har_resid,3,gated_fusion,val,239,0.8103347530976279,0.6962034008308253,-0.2557945553429284,-0.009160931103075793,0.03056692667948021,0.0008200365004921754,0.11183893179198222,0.004023131209596098,0.001555408052522896
fincall,ticker_disjoint,har_resid,3,gated_fusion_pastvol,test,484,0.7420275755773817,0.6894123535904256,-0.28532234377549126,-0.01343919246606371,0.04863975539544009,5.738039781133363e-07,0.026132892983750006,4.258638216279622e-07,1.3431532140853695e-06
fincall,ticker_disjoint,har_resid,3,gated_fusion_pastvol,val,239,0.812669652319762,0.7154800824180801,-0.25941300280457513,0.0023653752574636995,0.04863975539544009,0.0004116948854104687,0.10852409455533533,0.00241385071525134,0.0004910340534813785
fincall,ticker_disjoint,har_resid,3,stack_fusion,test,484,0.5783849679019079,0.5896384810162689,-0.0018645492652134,0.07758951936212531,,0.8626091811911698,0.0001421632989728961,0.12026412634598861,0.39033259846613605
fincall,ticker_disjoint,har_resid,3,stack_fusion,val,239,0.6351679562638657,0.6362575640684583,0.015665491137637044,0.14199034589633633,,0.3172274012015275,0.012353551927291625,0.019610122430711596,0.19483871870653835
fincall,ticker_disjoint,har_resid,3,stack_fusion_pastvol,test,484,0.5783849679019079,0.5896384810162689,-0.0018645492652134,0.07758951936212531,,0.8626091811911698,0.0001421632989728961,0.12026412634598861,0.39033259846613605
fincall,ticker_disjoint,har_resid,3,stack_fusion_pastvol,val,239,0.6351679562638657,0.6362575640684583,0.015665491137637044,0.14199034589633633,,0.3172274012015275,0.012353551927291625,0.019610122430711596,0.19483871870653835
fincall,ticker_disjoint,har_resid,7,gated_fusion,test,484,0.3439575392109193,0.4603093255867208,-0.3867408668060479,0.012589292169588805,0.02581550450483188,2.6381904921738136e-08,0.0003784032018487659,7.297197222742255e-10,1.5714165861385074e-08
fincall,ticker_disjoint,har_resid,7,gated_fusion,val,239,0.3658576299247278,0.4578931758125293,-0.3573543690926382,0.055121452495100455,0.02581550450483188,5.455792068003617e-05,0.00682654326329815,9.294364111718982e-06,0.0008026702768502597
fincall,ticker_disjoint,har_resid,7,gated_fusion_pastvol,test,484,0.3355948167426943,0.46578739426561433,-0.35302470221477433,-0.014398716306024694,0.054422771395341206,4.4506223908447485e-08,0.0010574774990542,1.7205439767399312e-09,4.549554375609692e-08
fincall,ticker_disjoint,har_resid,7,gated_fusion_pastvol,val,239,0.39931815544051275,0.48859884521926644,-0.4814949822331398,0.022492219613247464,0.054422771395341206,1.1512556158928661e-07,0.00024389172289771127,1.8894032017200695e-08,1.9554937467603473e-06
fincall,ticker_disjoint,har_resid,7,stack_fusion,test,484,0.2555526791076944,0.39408988640778875,-0.030317127379778652,0.11879748392315176,,0.0981405400739472,0.026056467408692198,0.33087992713014963,0.48513575000198117
fincall,ticker_disjoint,har_resid,7,stack_fusion,val,239,0.25049246470145037,0.38785208679482647,0.07065750833937567,0.19983993767433092,,0.05544441516974991,0.002508090570156622,0.031124030392521103,0.005896225514923702
fincall,ticker_disjoint,har_resid,7,stack_fusion_pastvol,test,484,0.2555526791076944,0.39408988640778875,-0.030317127379778652,0.11879748392315176,,0.0981405400739472,0.026056467408692198,0.33087992713014963,0.48513575000198117
fincall,ticker_disjoint,har_resid,7,stack_fusion_pastvol,val,239,0.25049246470145037,0.38785208679482647,0.07065750833937567,0.19983993767433092,,0.05544441516974991,0.002508090570156622,0.031124030392521103,0.005896225514923702
fincall,ticker_disjoint,har_resid,15,gated_fusion,test,484,0.2303019344831857,0.36880100432120416,-0.36632406468829193,0.07919329486813768,0.031125197070247232,4.4643216693684404e-07,0.012037118957593547,2.5127195236675916e-10,4.05034170600211e-08
fincall,ticker_disjoint,har_resid,15,gated_fusion,val,239,0.25745507951006946,0.3722496229340229,-0.32741802196452663,0.0847797567849424,0.031125197070247232,0.00037554388690396384,0.05406344278352253,1.2049532871172632e-05,0.0028350317856064597
fincall,ticker_disjoint,har_resid,15,gated_fusion_pastvol,test,484,0.2176169586362411,0.36866083913517894,-0.2910672597527886,0.09074875300425735,0.046347710089760984,9.393329415096512e-05,0.12078920303184616,7.242528556894703e-07,2.464963681732422e-05
fincall,ticker_disjoint,har_resid,15,gated_fusion_pastvol,val,239,0.2788349408997853,0.4028319559874459,-0.43765089586943784,0.02743768887291328,0.046347710089760984,1.99683740618563e-07,0.002317455361599063,8.292822089780066e-09,5.5081988168151735e-06
fincall,ticker_disjoint,har_resid,15,stack_fusion,test,484,0.16986356811895428,0.3188803325227183,-0.007758277652204937,0.15121673996695773,,0.7818886141111849,0.00042406299129801905,0.027442257598228784,0.6436023739401685
fincall,ticker_disjoint,har_resid,15,stack_fusion,val,239,0.17204041094849362,0.3098143437960909,0.1129732517463038,0.31740569923576906,,0.0132146235024388,0.0006100531609765644,0.07012444085602686,0.0019433641550648069
fincall,ticker_disjoint,har_resid,15,stack_fusion_pastvol,test,484,0.16986356811895428,0.3188803325227183,-0.007758277652204937,0.15121673996695773,,0.7818886141111849,0.00042406299129801905,0.027442257598228784,0.6436023739401685
fincall,ticker_disjoint,har_resid,15,stack_fusion_pastvol,val,239,0.17204041094849362,0.3098143437960909,0.1129732517463038,0.31740569923576906,,0.0132146235024388,0.0006100531609765644,0.07012444085602686,0.0019433641550648069
fincall,ticker_disjoint,har_resid,30,gated_fusion,test,484,0.2250777894233167,0.36562144316087675,-0.25162657276336886,0.1003406834314544,0.03361351286886481,0.0003174699730294935,0.15365999024709795,3.3057508172729727e-10,7.738323067023014e-05
fincall,ticker_disjoint,har_resid,30,gated_fusion,val,239,0.26622080981859564,0.38748117970684537,-0.20582582652948656,0.03505150092568845,0.03361351286886481,0.023279359154118405,0.027244016574541105,4.975314037936751e-06,0.04504196883363379
fincall,ticker_disjoint,har_resid,30,gated_fusion_pastvol,test,484,0.20760638286299082,0.3580330907824846,-0.15447048832480936,0.12208720463605865,0.05046740604421226,0.037206848909493606,0.7917030928666302,9.496671216011857e-06,0.022747826727253284
fincall,ticker_disjoint,har_resid,30,gated_fusion_pastvol,val,239,0.26941558460459303,0.4065038938273323,-0.22029630293411429,0.06241660520560168,0.05046740604421226,0.025610903335142352,0.02529992570016564,9.53091441117269e-06,0.05364068342106707
fincall,ticker_disjoint,har_resid,30,stack_fusion,test,484,0.16779737227883385,0.3109962190229909,0.06690193411727552,0.18291103980986928,,0.2196385803913046,0.0008976277970647476,0.06767249895140966,0.2500869789956381
fincall,ticker_disjoint,har_resid,30,stack_fusion,val,239,0.17085899113369815,0.309073470682224,0.22610789012258958,0.3495404476151722,,0.00267572060724153,0.0011922087753266752,0.07254527756797659,0.0011813474850885825
fincall,ticker_disjoint,har_resid,30,stack_fusion_pastvol,test,484,0.16779737227883385,0.3109962190229909,0.06690193411727552,0.18291103980986928,,0.2196385803913046,0.0008976277970647476,0.06767249895140966,0.2500869789956381
fincall,ticker_disjoint,har_resid,30,stack_fusion_pastvol,val,239,0.17085899113369815,0.309073470682224,0.22610789012258958,0.3495404476151722,,0.00267572060724153,0.0011922087753266752,0.07254527756797659,0.0011813474850885825
fincall,ticker_disjoint,v,3,gated_fusion,test,484,1.3902381228953897,0.8685920195023399,-0.21711241433459416,0.06706226351738888,0.05705484773408719,0.21979972653666963,9.642598460041845e-05,5.643107461688256e-05,0.00010322623717254796
fincall,ticker_disjoint,v,3,gated_fusion,val,239,0.8287646067986509,0.7304440676431093,0.32270325232881947,0.1096888543852773,0.05705484773408719,0.0004111314212145798,0.11898444737362225,0.0010064882785379462,0.0025548633380747697
fincall,ticker_disjoint,v,3,gated_fusion_pastvol,test,484,1.2961253850478645,0.8321585037534942,-0.1347194920755781,0.09046070770343222,0.0912083179565795,0.4316785644083672,0.0004279874452195211,0.00026067682740723284,0.0004759781640255916
fincall,ticker_disjoint,v,3,gated_fusion_pastvol,val,239,0.88677801889668,0.7576433205382287,0.2752925701966743,0.08130491417445818,0.0912083179565795,0.0033139899653500705,0.029900627376575863,0.00012018013023464396,0.00029950028835139594
fincall,ticker_disjoint,v,3,stack_fusion,test,484,0.6279187165051244,0.6150222079664613,0.45027570999149025,0.24930779391488062,,9.231608612735946e-10,0.16153854686518154,0.007393479632710105,0.0010400005768935474
fincall,ticker_disjoint,v,3,stack_fusion,val,239,0.592036181615038,0.6165220611484199,0.5161663794253353,0.2223532284709437,,3.3914766368864044e-10,0.0008696725872503811,0.019520528800418116,0.04311103780930311
fincall,ticker_disjoint,v,3,stack_fusion_pastvol,test,484,0.6279187165051244,0.6150222079664613,0.45027570999149025,0.24930779391488062,,9.231608612735946e-10,0.16153854686518154,0.007393479632710105,0.0010400005768935474
fincall,ticker_disjoint,v,3,stack_fusion_pastvol,val,239,0.592036181615038,0.6165220611484199,0.5161663794253353,0.2223532284709437,,3.3914766368864044e-10,0.0008696725872503811,0.019520528800418116,0.04311103780930311
fincall,ticker_disjoint,v,7,gated_fusion,test,484,0.9637526969835881,0.7070260441218928,-1.4990969513819419,0.1231863753931187,0.06739382327916854,0.0003845947874662902,2.363786541868954e-05,3.3476836590706753e-05,7.805544000256857e-05
fincall,ticker_disjoint,v,7,gated_fusion,val,239,0.4566516821727461,0.533846271936578,0.03078343826267138,0.2137768449211335,0.06739382327916854,0.7650049179946949,2.4830235214141785e-05,9.432621667603741e-08,0.0006672640603757802
fincall,ticker_disjoint,v,7,gated_fusion_pastvol,test,484,0.8759303069057806,0.6634290434715505,-1.2713656381586884,0.17121778141424127,0.09183155867973933,0.0026090671771565803,0.00022291653301671427,0.0003229464039034969,0.0006735146233190906
fincall,ticker_disjoint,v,7,gated_fusion_pastvol,val,239,0.4977406565724623,0.5629185286927855,-0.05642551343443647,0.20468040791986333,0.09183155867973933,0.5768998589791982,3.504612426491322e-06,8.403209856377044e-08,0.00012052164196921358
fincall,ticker_disjoint,v,7,stack_fusion,test,484,0.2836416197803241,0.4084908296079692,0.2644919080417215,0.41273989883172213,,1.6360964174378022e-05,0.5191946258537159,0.009092783383781606,6.619765240442594e-05
fincall,ticker_disjoint,v,7,stack_fusion,val,239,0.24144816232010277,0.3847124415629261,0.4875403576567555,0.4595317523297131,,7.821666926126558e-10,0.0002975628100398654,0.011659683546913312,1.3492093505921104e-05
fincall,ticker_disjoint,v,7,stack_fusion_pastvol,test,484,0.2836416197803241,0.4084908296079692,0.2644919080417215,0.41273989883172213,,1.6360964174378022e-05,0.5191946258537159,0.009092783383781606,6.619765240442594e-05
fincall,ticker_disjoint,v,7,stack_fusion_pastvol,val,239,0.24144816232010277,0.3847124415629261,0.4875403576567555,0.4595317523297131,,7.821666926126558e-10,0.0002975628100398654,0.011659683546913312,1.3492093505921104e-05
fincall,ticker_disjoint,v,15,gated_fusion,test,484,0.8311976383057548,0.6406088119855963,-2.8901338521897415,0.12532504767198227,0.06502385195700472,0.00010186600050529949,5.905432872812803e-05,6.392327182939045e-05,5.363024842730847e-05
fincall,ticker_disjoint,v,15,gated_fusion,val,239,0.4029497337965823,0.5144214869724595,-0.3835385313638844,0.1916637929743714,0.06502385195700472,0.004491874185632713,1.9310073919159844e-07,9.036940570553567e-11,1.854362738399641e-06
fincall,ticker_disjoint,v,15,gated_fusion_pastvol,test,484,0.7644988616465822,0.5919766776844713,-2.577973233554723,0.23708593804282188,0.09386593965869486,0.0016663675165992401,0.0011140313127836075,0.0012475633126347706,0.0010621392418570421
fincall,ticker_disjoint,v,15,gated_fusion_pastvol,val,239,0.43921305354671347,0.539441044621752,-0.5080495955027262,0.2000112490090218,0.09386593965869486,0.00016297039369281462,4.685767964042234e-09,2.2141289895802054e-11,5.365212146305695e-08
fincall,ticker_disjoint,v,15,stack_fusion,test,484,0.2029127756283025,0.3458748023698421,0.05033674166543167,0.44078040213232955,,0.49444396935605844,0.4283716311453936,0.045272752887251896,0.6178097912757257
fincall,ticker_disjoint,v,15,stack_fusion,val,239,0.16461745963225752,0.30400953082985616,0.4347816136008603,0.5561574063612643,,1.4104465472001881e-08,2.3201380835913993e-05,0.004218892413115922,3.0224221199108894e-06
fincall,ticker_disjoint,v,15,stack_fusion_pastvol,test,484,0.2029127756283025,0.3458748023698421,0.05033674166543167,0.44078040213232955,,0.49444396935605844,0.4283716311453936,0.045272752887251896,0.6178097912757257
fincall,ticker_disjoint,v,15,stack_fusion_pastvol,val,239,0.16461745963225752,0.30400953082985616,0.4347816136008603,0.5561574063612643,,1.4104465472001881e-08,2.3201380835913993e-05,0.004218892413115922,3.0224221199108894e-06
fincall,ticker_disjoint,v,30,gated_fusion,test,484,0.7752219504971509,0.6193241403145842,-2.3248257460108683,0.11810397255400899,0.059903014597246985,0.00015702095137926395,5.943648903705795e-05,3.433683235577375e-05,4.529198866774543e-05
fincall,ticker_disjoint,v,30,gated_fusion,val,239,0.3871954225171433,0.5126543469329147,-0.1755530825416436,0.21401864636144444,0.059903014597246985,0.23542940568319526,6.852693052086959e-06,2.1915915997776853e-09,0.00035679802571518776
fincall,ticker_disjoint,v,30,gated_fusion_pastvol,test,484,0.7189199288870586,0.5758488975651918,-2.0833537251507166,0.22557064345150898,0.06829361629189709,0.0025418439932191612,0.0012671973841048457,0.0009093532963051523,0.0010683938462509124
fincall,ticker_disjoint,v,30,gated_fusion_pastvol,val,239,0.4184421432237599,0.5333225441246623,-0.27042036843874007,0.19787859948803466,0.06829361629189709,0.07887644831006528,9.251298010350432e-07,6.876668498675581e-10,4.822594746352211e-05
fincall,ticker_disjoint,v,30,stack_fusion,test,484,0.1932254568365427,0.335618218016167,0.17128123982705767,0.37479874113478984,,0.03900343902815025,0.3922622285379369,0.20830765789306166,0.606877428898311
fincall,ticker_disjoint,v,30,stack_fusion,val,239,0.1641084738079503,0.29985536342615937,0.5017548993684218,0.5259994533603213,,3.323183043345551e-07,0.0001895861510815083,0.002801998920421547,4.169600504941479e-06
fincall,ticker_disjoint,v,30,stack_fusion_pastvol,test,484,0.1932254568365427,0.335618218016167,0.17128123982705767,0.37479874113478984,,0.03900343902815025,0.3922622285379369,0.20830765789306166,0.606877428898311
fincall,ticker_disjoint,v,30,stack_fusion_pastvol,val,239,0.1641084738079503,0.29985536342615937,0.5017548993684218,0.5259994533603213,,3.323183043345551e-07,0.0001895861510815083,0.002801998920421547,4.169600504941479e-06
