call_id,ticker,cik,country,industry,market_cap,release_utc,status,reason,sample_rate,kbps,stratum,duration_sec
430133280,,,CN,Biotech,14319903573.0,2025-03-26T01:00:00,excluded,unresolved,16000,24.000,le24k,3754.080
436857631,FCX,0000831259,US,Copper,91368267895.80002,2025-07-23T14:00:00,ok,,16000,24.000,le24k,5265.504
437094698,KDP,0001418135,US,Non-Alcoholic Beverages,36287755268.75,2025-07-24T12:00:00,ok,,44100,64.001,64k,3778.038
437328595,EA,0000712515,US,Console & PC Games,51006643948.25999,2025-07-29T21:00:00,ok,,16000,24.001,le24k,2603.088
437395404,,,US,In Vitro Diagnostics,16752223706.2,2025-07-30T20:30:00,excluded,not_sp500,16000,24.000,le24k,3692.628
437438945,AWK,0001410636,US,Water Supply Networks,24790448933.25,2025-07-31T13:00:00,ok,,44100,64.002,64k,1513.064
437444632,,,US,Office REIT,1464666475.8,2025-07-31T14:00:00,excluded,lookalike,44100,64.001,64k,2270.720
437643018,,,GB,Fast Food Rest - Franchise,720474062.2559999,2025-08-05T15:00:00,excluded,lookalike,44100,64.001,64k,2659.683
437695776,,,US,Enterprise Software,11100025033.68,2025-08-06T12:00:00,excluded,not_sp500,16000,24.000,le24k,3756.132
437763254,KVUE,0001944048,US,Consumer Healthcare Products,33223170172.26,2025-08-07T12:30:00,ok,,44100,64.001,64k,3475.043
438063010,,,MU,Mining Services,292894915.3,2025-08-14T08:00:00,excluded,unresolved,16000,24.002,le24k,1676.808
438282711,,,AU,Solid Waste Collection & Treat,5622698782.869999,2025-08-20T00:30:00,excluded,unresolved,44100,64.000,64k,5283.291
438606467,,,AU,Limited Service Restaurants,2275181418.9,2025-08-27T00:00:00,excluded,unresolved,44100,64.000,64k,4596.402
441502101,,,GB,Veterinary Services,945704133.64,2025-10-07T08:00:00,excluded,unresolved,44100,64.002,64k,1701.799
441514131,STZ,0000016918,US,Brewers,27353976070.08,2025-10-07T12:00:00,ok,,44100,64.001,64k,2479.047
441515294,MKC,0000063754,US,"Spices, Extracts & Flavorings",16603658739.77,2025-10-07T12:00:00,ok,,44100,64.000,64k,4262.034
441660275,PEP,0000077476,US,Non-Alcoholic Beverages,203050008117.0,2025-10-09T12:15:00,ok,,16000,24.001,le24k,3147.876
441674347,DAL,0000027904,US,Full Service Airline,42984539017.43999,2025-10-09T14:00:00,ok,,11025,16.000,le24k,3958.230
441832346,FAST,0000815556,US,Industrial Equip & Sply Whslrs,50078266972.25999,2025-10-13T14:00:00,ok,,44100,64.001,64k,3440.065
441902014,BLK,0002012383,US,Investment Management,183374410696.29,2025-10-14T11:30:00,ok,,16000,24.000,le24k,3872.844
441905261,DPZ,0001286681,US,Limited Service Restaurants,13695919190.66,2025-10-14T12:30:00,ok,,16000,24.000,le24k,3631.176
441905781,JPM,0000019617,US,Diversified Banks,810936074000.0,2025-10-14T12:30:00,ok,,44100,64.001,64k,3425.045
441906992,JNJ,0000200406,US,Large Pharma,548644680627.44,2025-10-14T12:30:00,ok,,16000,24.000,le24k,4720.716
441909927,GS,0000886982,US,Trading & Principal Investment,291797979754.68,2025-10-14T13:30:00,ok,,16000,24.001,le24k,3268.692
441913997,WFC,0000072971,US,Banks,276333612232.26,2025-10-14T14:00:00,ok,,16000,24.000,le24k,4417.632
441917254,C,0000831001,US,Diversified Banks,204334195357.8,2025-10-14T15:00:00,ok,,44100,64.000,64k,5142.047
441978375,SYF,0001601712,US,Credit Card Lending,25506108000.0,2025-10-15T12:00:00,ok,,16000,24.000,le24k,3813.480
441980949,BAC,0000070858,US,Diversified Banks,378342294445.5001,2025-10-15T12:30:00,ok,,16000,24.000,le24k,4661.352
441982971,ABT,0000001800,US,Cardiovascular Devices,184407369979.35,2025-10-15T13:00:00,ok,,44100,64.001,64k,3857.058
441983377,CFG,0000759944,US,Retail Banking,27023271137.72,2025-10-15T13:00:00,ok,,16000,24.000,le24k,4237.416
441986358,MS,0000895421,US,Institutional Brokerage,289794659767.74,2025-10-15T13:30:00,ok,,44100,64.000,64k,4291.056
441992336,PNC,0000713676,US,Banks,86819959466.88998,2025-10-15T15:00:00,ok,,16000,24.000,le24k,3633.228
441995462,PLD,0001045609,US,Bulk Warehouse REIT,120826929000.0,2025-10-15T16:00:00,ok,,16000,24.001,le24k,3332.196
442011537,JBHT,0000728535,US,Trucking,19525474030.76,2025-10-15T21:00:00,ok,,44100,64.001,64k,3795.043
442047798,,0001390777,US,"Instl Trust, Fiduciary & Custody",81831260400.0,2025-10-16T11:30:00,excluded,not_sp500,44100,64.000,64k,4454.060
442050823,SCHW,0000316709,US,Retail Securities Brokerage,189125618213.55,2025-10-16T12:30:00,ok,,44100,64.001,64k,3643.037
442053366,USB,0000036104,US,Retail Banking,86644154894.58,2025-10-16T13:00:00,ok,,44100,64.001,64k,3751.053
442053828,TRV,0000086312,US,P&C Insurance Premiums,61343700000.00001,2025-10-16T13:00:00,ok,,16000,24.000,le24k,3813.480
442059893,SNA,0000091440,US,Hand Tools,19246436618.99,2025-10-16T14:00:00,ok,,44100,64.001,64k,4216.033
442060260,KEY,0000091576,US,Banks,23492165310.0,2025-10-16T14:00:00,ok,,44100,64.001,64k,4061.048
442062256,UAL,0000100517,US,Full Service Airline,34379412686.97,2025-10-16T14:30:00,ok,,44100,64.000,64k,4342.047
442063108,MTB,0000036270,US,Banks,33333993491.09,2025-10-16T15:00:00,ok,,44100,64.001,64k,3555.056
442080290,IBKR,0001381197,US,Security & Commodity Brokerage,128260286864.85,2025-10-16T20:30:00,ok,,44100,64.001,64k,2586.044
442081004,CSX,0000277948,US,Total Commodity - Rail,69606679415.28,2025-10-16T20:30:00,ok,,16000,24.001,le24k,3510.360
442123638,TFC,0000092230,US,Banks,64358881906.41,2025-10-17T12:00:00,ok,,16000,24.000,le24k,3571.812
442124818,AXP,0000004962,US,Credit Card Lending,245913151604.4701,2025-10-17T12:30:00,ok,,44100,64.001,64k,3137.045
442126415,HBAN,0000049196,US,Banks,26750080000.0,2025-10-17T13:00:00,ok,,44100,64.001,64k,2839.040
442128152,FITB,0000035527,US,Banks,32854928620.0,2025-10-17T13:00:00,ok,,16000,24.000,le24k,4720.716
442129163,SLB,0000087347,US,Onshore Oilfield Services,73076849671.95,2025-10-17T13:30:00,ok,,44100,64.001,64k,3767.040
442131088,RF,0001281761,US,Banks,24429779178.56,2025-10-17T14:00:00,ok,,44100,64.001,64k,3270.060
442134323,STT,0000093751,US,"Instl Trust, Fiduciary & Custody",35757578056.72,2025-10-17T15:00:00,ok,,44100,64.001,64k,4164.049
442226489,WRB,0000011544,US,P&C Insurance Premiums,25716032844.58,2025-10-20T21:00:00,ok,,44100,64.001,64k,3744.052
442277393,NDAQ,0001120193,US,Security & Cmdty Exchanges,56362959191.42999,2025-10-21T12:00:00,ok,,16000,24.000,le24k,3754.080
442277397,DHR,0000313616,US,Life Science & Diagnostics,158727326000.0,2025-10-21T12:00:00,ok,,44100,64.001,64k,3393.045
442279182,RTX,0000101829,US,Defense,267430371551.3199,2025-10-21T12:30:00,ok,,44100,64.001,64k,3334.060
442279184,DGX,0001022079,US,Clinical Labs,20328429231.88,2025-10-21T12:30:00,ok,,44100,64.001,64k,3330.038
442279576,GPC,0000040987,US,Auto Parts & Accessories Stores,19478252210.0,2025-10-21T12:30:00,ok,,44100,64.001,64k,3601.058
442279776,ELV,0001156039,US,Managed Care,75972321131.54999,2025-10-21T12:30:00,ok,,16000,24.000,le24k,3934.296
442279894,GM,0001467858,US,Cars - Fossil Fuels,76746870719.7,2025-10-21T12:30:00,ok,,44100,64.001,64k,3695.047
442279895,KO,0000021344,US,Carbonated Soft Drinks,314275542215.7,2025-10-21T12:30:00,ok,,44100,64.001,64k,4057.051
442279925,PHM,0000822416,US,Single Family Homebuilding,24027403427.79,2025-10-21T12:30:00,ok,,44100,64.001,64k,3728.039
442281346,,0001219601,US,Metal Containers,12022710991.62,2025-10-21T13:00:00,excluded,not_sp500,16000,24.001,le24k,3391.560
442281905,HAL,0000045012,US,Onshore Oilfield Services,28076663709.6,2025-10-21T13:00:00,ok,,44100,64.001,64k,3514.044
442281910,MMM,0000066740,US,Diversified Industrials,82839233985.12,2025-10-21T13:00:00,ok,,44100,64.001,64k,3909.042
442282201,PNR,0000077360,GB,Fluid Power Pump & Motor,17210216519.6,2025-10-21T13:00:00,ok,,44100,64.001,64k,3774.067
442282274,PM,0001413329,US,Cigarette,278000114183.91,2025-10-21T13:00:00,ok,,16000,24.000,le24k,4116.564
442282593,EFX,0000033185,US,Credit Agencies,25131167617.21,2025-10-21T12:30:00,ok,,16000,24.000,le24k,6172.776
442284170,NOC,0001133421,US,Defense,97802446679.73,2025-10-21T13:30:00,ok,,16000,24.000,le24k,3571.812
442290567,LMT,0000936468,US,Defense,138206961616.92,2025-10-21T15:00:00,ok,,16000,24.000,le24k,3692.628
442291183,STLD,0001022671,US,Steel Producers,25465558712.41999,2025-10-21T15:00:00,ok,,44100,64.001,64k,4134.060
442293248,PCAR,0000075362,US,Commercial Vehicles Mfg,64631648418.53999,2025-10-21T16:00:00,ok,,44100,64.001,64k,2518.047
442309263,TXN,0000097476,US,Analog ICs,196417038233.4,2025-10-21T20:30:00,ok,,16000,24.001,le24k,2361.420
442309312,OMC,0000029989,US,Advertising Agencies & Svcs,24079764442.56,2025-10-21T20:30:00,ok,,44100,64.001,64k,2712.033
442309685,NFLX,0001065280,US,Online Film & TV Streaming,357363804376.0,2025-10-21T20:45:00,ok,,16000,24.001,le24k,2302.056
442309805,ISRG,0001035267,US,Surgical & Medical Instruments,185061129948.92,2025-10-21T20:30:00,ok,,44100,64.001,64k,3772.056
442311906,COF,0000927628,US,Credit Card Lending,136528091000.0,2025-10-21T21:00:00,ok,,16000,24.000,le24k,5265.504
442352639,GEV,0001996810,US,Electrical Power Equipment,191794471287.76,2025-10-22T11:30:00,ok,,44100,64.000,64k,4690.051
442353770,BSX,0000885725,US,Cardiovascular Devices,139038238837.81,2025-10-22T12:00:00,ok,,16000,24.000,le24k,3754.080
442354994,CME,0001156375,US,Security & Cmdty Exchanges,103149568499.25,2025-10-22T12:30:00,ok,,16000,24.001,le24k,3450.960
442355516,CB,0000896159,CH,P&C Commercial Lines,119395498958.5059,2025-10-22T12:30:00,ok,,44100,64.001,64k,3714.038
442355559,TMO,0000097745,US,Life Science Equipment,228438014033.18,2025-10-22T12:30:00,ok,,16000,24.000,le24k,3633.228
442355648,WAB,0000943452,US,Railroad Rolling Stock,39130390303.53999,2025-10-22T12:30:00,ok,,44100,64.001,64k,3476.062
442356642,T,0000732717,US,Wireless Telecommunications,169380590000.0,2025-10-22T12:30:00,ok,,11025,16.000,le24k,3701.342
442357293,HLT,0001585689,US,Hotel & Motel (excl Casino Hotel),68872864037.45999,2025-10-22T13:00:00,ok,,44100,64.001,64k,3550.041
442357729,MCO,0001059556,US,Financial Info Services,92165008000.0,2025-10-22T13:00:00,ok,,16000,24.000,le24k,3752.028
442357804,NTRS,0000073124,US,"Instl Trust, Fiduciary & Custody",27997284500.0,2025-10-22T13:00:00,ok,,16000,24.000,le24k,3874.896
442359691,LII,0001069202,US,A/C Heating & Fridge Equip,16962726414.5,2025-10-22T13:30:00,ok,,16000,24.000,le24k,3754.080
442362693,EQT,0000033213,US,Crude Oil & Natural Gas E&P,34922789320.0,2025-10-22T14:00:00,ok,,44100,64.001,64k,3937.071
442365113,TDY,0001094285,US,Optical Instruments & Lens,29124166745.97,2025-10-22T15:00:00,ok,,16000,24.001,le24k,3029.076
442365214,AVY,0000008818,US,Adhesives & Sealants,14289599488.78,2025-10-22T15:00:00,ok,,16000,24.001,le24k,2967.624
442372040,APH,0000820313,US,Electronic Connectors,178663141947.68,2025-10-22T17:00:00,ok,,16000,24.000,le24k,3936.348
442382024,CCI,0001051470,US,Infrastructure REIT,36989587109.4,2025-10-22T20:30:00,ok,,16000,24.001,le24k,2422.872
442382333,LVS,0001300514,US,Casinos,41419998673.62,2025-10-22T20:30:00,ok,,44100,64.001,64k,3257.051
442382381,KMI,0001506307,US,Dry Natural Gas Pipelines,66898544927.30001,2025-10-22T20:30:00,ok,,44100,64.001,64k,3216.039
442383612,LRCX,0000707549,US,Front End Capital Equipment,299757704400.0001,2025-10-22T21:00:00,ok,,44100,64.001,64k,3548.029
442383712,RJF,0000720005,US,Wealth Management,33236158700.69,2025-10-22T21:00:00,ok,,16000,24.000,le24k,3813.480
442384253,IBM,0000051143,US,IT Services - Commercial,274961708196.96,2025-10-22T21:00:00,ok,,44100,64.001,64k,4186.070
442385006,TSLA,0001318605,US,Cars - Electric,1434957937793.82,2025-10-22T21:30:00,ok,,44100,64.001,64k,3947.050
442422860,CNP,0001130310,US,Integrated Electric Utilities,25977628582.67,2025-10-23T12:00:00,ok,,16000,24.001,le24k,2119.752
442422984,TXT,0000217346,US,Aircraft,15294486514.56,2025-10-23T12:00:00,ok,,16000,24.001,le24k,2121.804
442423347,ALLE,0001579241,IE,Security Systems,14167742020.04,2025-10-23T12:00:00,ok,,44100,64.001,64k,2319.047
442424958,DOW,0001751788,US,Basic & Diversified Chemicals,19606136587.68,2025-10-23T12:00:00,ok,,44100,64.001,64k,3644.056
442425250,WST,0000105770,US,Surgical Appliances & Supplies,16970731456.68,2025-10-23T12:00:00,ok,,44100,64.001,64k,3362.064
442425254,TMUS,0001283699,US,Wireless Telecommunications,208321859092.5,2025-10-23T12:00:00,ok,,16000,24.000,le24k,3756.132
442425362,MOH,0001179929,US,Managed Care Medicaid (XIX),9611800000.000004,2025-10-23T12:00:00,ok,,16000,24.000,le24k,4358.232
442426079,ROP,0000882835,US,Application Software,38415442000.0,2025-10-23T12:00:00,ok,,44100,64.001,64k,3560.046
442426734,HAS,0000046080,US,Toys & Games,12612789942.125,2025-10-23T12:30:00,ok,,16000,24.001,le24k,3389.544
442426759,CBRE,0001138118,US,Commercial Property Mgmt,50442012991.49999,2025-10-23T12:30:00,ok,,16000,24.001,le24k,2728.008
442428414,HON,0000773840,US,Diversified Industrials,137541964741.12,2025-10-23T12:30:00,ok,,16000,24.000,le24k,3872.844
442428582,URI,0001067701,US,General Equip Rental Svcs,56899296388.93,2025-10-23T12:30:00,ok,,11025,16.001,le24k,3362.116
442428701,FE,0001031296,US,Integrated Electric Utilities,27361552383.44,2025-10-23T13:00:00,ok,,44100,64.001,64k,2882.064
442428924,PKG,0000075677,US,Corrugated Packaging Matl,19579909549.87,2025-10-23T13:00:00,ok,,44100,64.001,64k,3150.054
442429614,UNP,0000100885,US,Total Commodity - Rail,135068666034.19,2025-10-23T12:45:00,ok,,44100,64.000,64k,4718.054
442429618,DOV,0000029905,US,Diversified Industrials,28253563938.0,2025-10-23T13:30:00,ok,,44100,64.001,64k,2296.033
442429851,BX,0001393818,US,Private Equity,181518086240.19,2025-10-23T13:00:00,ok,,16000,24.000,le24k,4175.964
442433195,VLO,0001035002,US,Petroleum Refining,56127855366.77999,2025-10-23T14:00:00,ok,,16000,24.001,le24k,3389.544
442434693,LUV,0000092380,US,Mainline Airline - LCC,21130956568.8,2025-10-23T14:00:00,ok,,44100,64.001,64k,3898.070
442436357,PCG,0001004980,US,Integrated Electric Utilities,32814757855.25,2025-10-23T15:00:00,ok,,44100,64.001,64k,2322.051
442438190,ORLY,0000898173,US,Auto Parts & Accessories Stores,85566831806.04,2025-10-23T15:00:00,ok,,44100,64.001,64k,3587.056
442438255,POOL,0000945841,US,Other Wholesalers,9628246624.32,2025-10-23T15:00:00,ok,,44100,64.001,64k,3747.056
442439317,GL,0000320335,US,Life Insurance,11029383590.0,2025-10-23T15:00:00,ok,,44100,64.000,64k,4564.062
442453227,VRSN,0001014473,US,Domain Registrar,23499450000.0,2025-10-23T20:30:00,ok,,44100,64.002,64k,1566.067
442454175,NSC,0000702165,US,Rail Freight,63831260937.99001,2025-10-23T20:30:00,ok,,16000,24.000,le24k,3692.628
442454180,DECK,0000910521,US,"Apparel, Footwear & Acc Design",14227610597.46,2025-10-23T20:30:00,ok,,44100,64.001,64k,3518.067
442454997,F,0000037996,US,Cars - Fossil Fuels,55065770182.12002,2025-10-23T21:00:00,ok,,16000,24.001,le24k,3450.960
442455010,INTC,0000050863,US,"Logic, Processors & App Specific",243656100000.0,2025-10-23T21:00:00,ok,,44100,64.001,64k,3660.069
442455187,DLR,0001297996,US,Data Center REIT,57012333112.56001,2025-10-23T21:00:00,ok,,44100,64.001,64k,3915.076
442455618,NEM,0001164727,US,Gold,143992150342.95,2025-10-23T21:30:00,ok,,44100,64.001,64k,3722.031
442493488,PG,0000080424,US,Personal Care Products,342418260927.9,2025-10-24T12:30:00,ok,,16000,24.000,le24k,3813.480
442494446,GD,0000040533,US,Defense,96346559252.56,2025-10-24T13:00:00,ok,,16000,24.001,le24k,3088.476
442497368,BKR,0001701605,US,Onshore Oilfield Services,55881004937.66,2025-10-24T13:30:00,ok,,44100,64.001,64k,3861.055
442499140,HCA,0000860730,US,Hospitals,112095689497.0,2025-10-24T14:00:00,ok,,16000,24.001,le24k,3510.360
442499460,ITW,0000049826,US,Diversified Industrials,74918325000.00002,2025-10-24T14:00:00,ok,,44100,64.001,64k,3540.062
442500245,DOC,0000765880,US,Health Care REIT,11918389464.45,2025-10-24T14:00:00,ok,,44100,64.001,64k,3443.043
442502254,,0001035983,US,Building Construction,41234673147.50001,2025-10-24T15:00:00,excluded,not_sp500,16000,24.001,le24k,2664.540
442567155,,,IN,Institutional Brokerage,21651371222.85,2025-10-24T04:30:00,excluded,unresolved,44100,64.001,64k,3401.221
442574566,RVTY,0000031791,US,Life Science & Diagnostics,12599432761.73,2025-10-27T12:00:00,ok,,16000,24.000,le24k,3633.228
442608025,FFIV,0001048695,US,Wireline Data Network Equip,16605881607.0,2025-10-27T20:30:00,ok,,44100,64.000,64k,4344.059
442608842,CDNS,0000813672,US,Engineering Software,87237698490.00002,2025-10-27T21:00:00,ok,,44100,64.001,64k,4113.032
442651946,CARR,0001783180,US,A/C Heating & Fridge Equip,48772368417.70999,2025-10-28T11:30:00,ok,,16000,24.000,le24k,3934.296
442654416,EG,0001095073,BM,P&C Reinsurance,13639090824.78,2025-10-28T12:00:00,ok,,16000,24.000,le24k,3756.132
442654439,NXPI,0001413447,NL,Analog ICs,60286102783.34,2025-10-28T12:00:00,ok,,16000,24.001,le24k,3510.360
442654600,INCY,0000879169,US,Biotech,19863931089.54,2025-10-28T12:00:00,ok,,44100,64.001,64k,3767.040
442654623,UNH,0000731766,US,Managed Care,266334671052.4,2025-10-28T12:00:00,ok,,16000,24.000,le24k,3995.748
442654925,PYPL,0001633917,US,Financial Transaction Processors,50600057618.24001,2025-10-28T12:00:00,ok,,44100,64.001,64k,3908.049
442655128,BRO,0000079282,US,Insurance Brokers & Services,24616438959.0,2025-10-28T12:00:00,ok,,44100,64.001,64k,3865.051
442656193,AMT,0001053507,US,Infrastructure REIT,82791730277.55,2025-10-28T12:30:00,ok,,44100,64.001,64k,3525.042
442656508,ZBRA,0000877212,US,"Printers, Copiers & Scanners",11967468967.66,2025-10-28T12:30:00,ok,,16000,24.000,le24k,3872.844
442656682,DHI,0000882184,US,Single Family Homebuilding,43504758827.15,2025-10-28T12:30:00,ok,,44100,64.001,64k,3578.044
442656752,UPS,0001090727,US,Courier Services,87977586616.29999,2025-10-28T12:30:00,ok,,44100,64.001,64k,3392.052
442656851,GLW,0000024741,US,Fiber Optic Telecom Equipment,89405542094.87999,2025-10-28T12:30:00,ok,,44100,64.001,64k,3857.032
442657197,REGN,0000872589,US,Biotech,78943360394.31999,2025-10-28T12:30:00,ok,,44100,64.000,64k,4267.050
442657466,XYL,0001524472,US,Pump & Pumping Equipment,32994927417.76,2025-10-28T13:00:00,ok,,44100,64.001,64k,2544.065
442657853,LH,0000920148,US,Clinical Labs,22220516000.0,2025-10-28T13:00:00,ok,,16000,24.001,le24k,3086.424
442658026,IQV,0001478242,US,Contract Research,40831128000.00001,2025-10-28T13:00:00,ok,,44100,64.001,64k,3290.044
442658327,UHS,0000352915,US,Health Care Facilities,12685194307.72,2025-10-28T13:00:00,ok,,16000,24.001,le24k,3448.908
442658892,IVZ,0000914208,US,Investment Management,12236640000.0,2025-10-28T13:00:00,ok,,16000,24.000,le24k,3811.428
442659068,NEE,0000753308,US,Integrated Electric Utilities,182374130027.88,2025-10-28T13:00:00,ok,,44100,64.001,64k,3511.066
442659690,HIG,0000874766,US,P&C Insurance Premiums,36411233655.64,2025-10-28T13:00:00,ok,,22050,32.000,other,3540.793
442659699,WELL,0000766704,US,Health Care REIT,126600070811.78,2025-10-28T13:00:00,ok,,16000,24.000,le24k,4235.364
442663562,AOS,0000091142,US,HVAC Building Products,9675635972.819998,2025-10-28T14:00:00,ok,,44100,64.001,64k,2738.051
442664548,NUE,0000073309,US,Steel Producers,39633742565.62,2025-10-28T14:00:00,ok,,44100,64.001,64k,3492.049
442664800,SHW,0000089800,US,Paints & Coatings,86663572144.8,2025-10-28T14:00:00,ok,,16000,24.000,le24k,3872.844
442665204,HUBB,0000048898,US,Electrical Components,25814000388.96,2025-10-28T14:00:00,ok,,16000,24.000,le24k,3872.844
442665280,PFG,0001126328,US,Life Insurance,20662205934.15,2025-10-28T14:00:00,ok,,44100,64.001,64k,3736.033
442665288,ACGL,0000947484,BM,P&C Insurance Premiums,34148484581.46,2025-10-28T14:00:00,ok,,16000,24.000,le24k,4057.164
442665621,SYY,0000096021,US,Food & Beverage Wholesalers,39995498497.99,2025-10-28T14:00:00,ok,,44100,64.001,64k,3995.037
442666405,WM,0000823768,US,Solid Waste Collection & Treat,93304009011.6,2025-10-28T14:00:00,ok,,16000,24.000,le24k,4841.568
442668774,CINF,0000020286,US,P&C Insurance Premiums,24713332459.2,2025-10-28T15:00:00,ok,,16000,24.001,le24k,3029.076
442670214,MSCI,0001408198,US,Financial Info Services,46201048344.93,2025-10-28T15:00:00,ok,,44100,64.000,64k,4710.060
442677423,ECL,0000031462,US,Specialty Chemicals,79719506893.37999,2025-10-28T17:00:00,ok,,44100,64.001,64k,3703.040
442681663,ARE,0001035443,US,Health Care REIT,9463932714.21,2025-10-28T18:00:00,ok,,44100,64.000,64k,5137.058
442693967,EIX,0000827052,US,Integrated Electric Utilities,23952994236.0,2025-10-28T20:30:00,ok,,16000,24.001,le24k,3147.876
442696066,BKNG,0001075531,US,Other - Travel & Booking Web,163916040714.3,2025-10-28T20:30:00,ok,,44100,64.001,64k,3642.044
442701632,MDLZ,0001103982,US,Confectionery,74492395743.15999,2025-10-28T21:00:00,ok,,16000,24.001,le24k,2787.408
442704217,STX,0001137789,US,Hard Disk Drives,96558740000.0,2025-10-28T21:00:00,ok,,44100,64.001,64k,3608.059
442705806,V,0001403161,US,Financial Transaction Processors,639787684717.2117,2025-10-28T21:00:00,ok,,44100,64.001,64k,4025.051
442708634,CSGP,0001057352,US,Real Estate Services,27633245973.2,2025-10-28T21:00:00,ok,,16000,24.000,le24k,3934.296
442915423,SW,0002005951,IE,Paper Containers & Packaging,22106791319.95,2025-10-29T11:30:00,ok,,16000,24.000,le24k,3874.896
442917062,CVS,0000064803,US,Pharmacy Benefits Mgmt (PBM),93976086864.55,2025-10-29T12:00:00,ok,,44100,64.001,64k,3599.073
442917449,MAS,0000062996,US,Plumbing Fixtures,13807604884.08,2025-10-29T12:00:00,ok,,44100,64.001,64k,3731.069
442917978,PPG,0000079879,US,Paints & Coatings,25572624000.0,2025-10-29T12:00:00,ok,,16000,24.000,le24k,4417.632
442918559,,0000798354,US,Financial Transaction Processors,34933480060.65,2025-10-29T12:00:00,excluded,not_sp500,44100,64.001,64k,4137.064
442918811,TEL,0001385157,IE,Electrical Components,65177620718.75999,2025-10-29T12:30:00,ok,,16000,24.001,le24k,3211.344
442919233,ADP,0000008670,US,Other Professional Services,101028070000.0,2025-10-29T12:30:00,ok,,44100,64.001,64k,3323.063
442919557,VRSK,0001442145,US,Data & Analytics,30526774007.10001,2025-10-29T12:30:00,ok,,44100,64.001,64k,3678.067
442919591,VLTO,0001967680,US,Water Purification Equipment,24511913898.4,2025-10-29T12:30:00,ok,,16000,24.000,le24k,3573.864
442919668,,0001061630,US,Commercial Mortgage - REIT,3233713552.96,2025-10-29T13:00:00,excluded,not_sp500,16000,24.001,le24k,2060.388
442919687,VZ,0000732712,US,Wireless Telecommunications,166169328521.49,2025-10-29T12:30:00,ok,,16000,24.000,le24k,3692.628
442919753,CTSH,0001058290,US,IT Services - Commercial,40204451200.89999,2025-10-29T12:30:00,ok,,16000,24.000,le24k,3692.628
442919761,OTIS,0001781335,US,Elevator & Moving Stairway,34528824398.59999,2025-10-29T12:30:00,ok,,44100,64.001,64k,3691.050
442919806,TER,0000097210,US,Back End Capital Equipment,39227247735.44,2025-10-29T12:30:00,ok,,16000,24.000,le24k,3694.680
442920086,GEHC,0001932393,US,Imaging Equipment,36104641381.92001,2025-10-29T12:30:00,ok,,44100,64.001,64k,3706.044
442921197,EXE,0000895126,US,Crude Oil & Natural Gas E&P,26117688973.02,2025-10-29T13:00:00,ok,,44100,64.001,64k,3169.045
442921833,KHC,0001637459,US,Packaged Food,27448972877.01,2025-10-29T13:00:00,ok,,16000,24.001,le24k,2119.752
442922200,IEX,0000832101,US,Flow Control Equipment,14700429230.4,2025-10-29T13:00:00,ok,,16000,24.000,le24k,4057.164
442922567,CNC,0001071739,US,Managed Care Medicaid (XIX),20594604200.0,2025-10-29T13:00:00,ok,,16000,24.000,le24k,4178.016
442927650,GRMN,0001121788,CH,GPS Devices,39326697782.82,2025-10-29T14:30:00,ok,,16000,24.001,le24k,2361.420
442928239,ODFL,0000878927,US,Less Than Truckload Freight,36115482384.07999,2025-10-29T14:00:00,ok,,16000,24.000,le24k,4298.832
442928262,BXP,0001037540,US,Office REIT,10156603969.88,2025-10-29T14:00:00,ok,,16000,24.000,le24k,4362.336
442928406,GNRC,0001474735,US,Power Generation Equipment,10221003775.22,2025-10-29T14:00:00,ok,,44100,64.001,64k,3858.051
442929366,BA,0000012927,US,Aircraft,189182184978.63,2025-10-29T14:30:00,ok,,44100,64.001,64k,3323.037
442930819,OKE,0001039684,US,Midstream - Oil & Gas,49872893207.82,2025-10-29T15:00:00,ok,,44100,64.001,64k,2849.045
442931393,REG,0000910606,US,Shopping Center REIT,13267468530.11,2025-10-29T15:00:00,ok,,16000,24.001,le24k,3270.744
442931445,,,MX,Industrial REIT,128883718943.38,2025-10-29T15:00:00,excluded,unresolved,44100,64.002,64k,2050.769
442931690,ETR,0000065984,US,Integrated Electric Utilities,43087669297.92,2025-10-29T15:00:00,ok,,16000,24.001,le24k,3510.360
442932100,NI,0001111711,US,Natural Gas Distributors,21154077800.57,2025-10-29T15:00:00,ok,,44100,64.001,64k,4076.069
442933004,CAT,0000018230,US,Construction Machinery,301041914514.88,2025-10-29T12:30:00,ok,,11025,16.001,le24k,3639.327
442933194,EQR,0000906107,US,Apartment REIT,23125253542.38,2025-10-29T15:00:00,ok,,44100,64.000,64k,4814.054
442935165,PSX,0001534701,US,Filling Stations,57247034860.8,2025-10-29T16:00:00,ok,,16000,24.000,le24k,3813.480
442935453,FTV,0001659166,US,Measurement Instruments,16769894380.8,2025-10-29T16:00:00,ok,,16000,24.000,le24k,3815.496
442938114,AEP,0000004904,US,Integrated Electric Utilities,63621340413.60001,2025-10-29T13:00:00,ok,,44100,64.001,64k,3938.325
442956987,SBUX,0000829224,US,Coffee & Snack,108415788000.0,2025-10-29T20:15:00,ok,,44100,64.001,64k,3348.062
442961795,ALGN,0001097149,US,Medical Devices,11833009175.4,2025-10-29T20:30:00,ok,,44100,64.001,64k,3295.060
442962768,META,0001326801,US,Adv Rev - Social Networking Web,1685913980184.72,2025-10-29T20:30:00,ok,,16000,24.000,le24k,3754.080
442963610,CMG,0001058090,US,Fast Casual Rest - Owned,51780406480.0,2025-10-29T20:30:00,ok,,44100,64.001,64k,3515.037
442966069,DVA,0000927066,US,Kidney Dialysis Centers,7475127999.999999,2025-10-29T21:00:00,ok,,44100,64.001,64k,2584.059
442967820,MGM,0000789570,US,Casinos,8957335910.0,2025-10-29T21:00:00,ok,,44100,64.001,64k,2956.042
442970974,KLAC,0000319201,US,Front End Capital Equipment,213801612393.6,2025-10-29T21:00:00,ok,,16000,24.000,le24k,3635.280
442973020,NOW,0001373715,US,Infrastructure Software,134468764686.7,2025-10-29T21:00:00,ok,,11025,16.000,le24k,4098.508
442976392,GOOGL,0001652044,US,Adv Rev - Internet Portals,4056206230000.0,2025-10-29T21:30:00,ok,,44100,64.001,64k,3238.034
442977512,MSFT,0000789019,US,Infrastructure Software,3576405731873.88,2025-10-29T21:30:00,ok,,44100,64.001,64k,3530.057
442978823,EQIX,0001101239,US,Data Center REIT,79800243964.10999,2025-10-29T21:30:00,ok,,16000,24.000,le24k,3872.844
442978858,,0001690820,US,Car Dealers,86132979823.1976,2025-10-29T21:30:00,excluded,not_sp500,16000,24.000,le24k,3692.628
442980128,EBAY,0001065088,US,Online Marketplace,43016840000.0,2025-10-29T21:30:00,ok,,16000,24.000,le24k,4116.564
442982074,CHRW,0001043277,US,Logistics Brokerage,21770319161.84,2025-10-29T21:30:00,ok,,44100,64.000,64k,4615.027
443164704,KMB,0000055785,US,Sanitary Paper Products,33037326000.00001,2025-10-30T12:00:00,ok,,16000,24.001,le24k,2060.388
443165346,FOXA,0001754301,US,TV Media Networks,29968355150.69,2025-10-30T12:00:00,ok,,11025,16.001,le24k,2122.501
443166939,BMY,0000014272,US,Large Pharma,111192830334.74,2025-10-30T12:00:00,ok,,44100,64.001,64k,3909.042
443167147,APTV,0001521332,IE,Auto Electronics,16823942940.46,2025-10-30T12:00:00,ok,,44100,64.001,64k,3710.067
443168064,CAH,0000721371,US,Pharma & Specialty Distribution,49987620886.37999,2025-10-30T12:30:00,ok,,16000,24.001,le24k,2967.624
443168134,HSY,0000047111,US,Snack Food & Confectionery,38934743424.0,2025-10-30T12:30:00,ok,,44100,64.001,64k,2959.047
443168306,DTE,0000936340,US,Integrated Electric Utilities,28361192118.72,2025-10-30T12:30:00,ok,,44100,64.001,64k,3266.064
443168327,CMCSA,0001166691,US,Cable & Satellite,103523042888.1338,2025-10-30T12:30:00,ok,,16000,24.001,le24k,3209.292
443168345,ROL,0000084839,US,Pest Control Services,30449228383.62,2025-10-30T12:30:00,ok,,16000,24.001,le24k,3209.292
443168462,AME,0001037868,US,Measuring & Control Devices,51218059703.77,2025-10-30T12:30:00,ok,,44100,64.001,64k,3408.039
443168764,ICE,0001571949,US,Security & Cmdty Exchanges,98321595197.4,2025-10-30T12:30:00,ok,,44100,64.001,64k,3487.033
443169231,CI,0001739940,US,Managed Care,72759729762.08,2025-10-30T12:30:00,ok,,16000,24.000,le24k,3934.296
443169238,BAX,0000010456,US,Surgical Appliances & Supplies,10080634336.05,2025-10-30T12:30:00,ok,,16000,24.000,le24k,3995.748
443169283,KIM,0000879101,US,Shopping Center REIT,13892349429.015,2025-10-30T12:30:00,ok,,44100,64.001,64k,3429.068
443169695,BIIB,0000875045,US,Biotech,25647958213.76,2025-10-30T12:29:00,ok,,16000,24.000,le24k,4237.416
443170609,HII,0001501585,US,Naval Ships,16692913609.26,2025-10-30T13:00:00,ok,,16000,24.001,le24k,2725.992
443170994,SPGI,0000064040,US,Financial Info Services,163717200000.0,2025-10-30T12:30:00,ok,,16000,24.000,le24k,4780.116
443171161,MO,0000764180,US,Tobacco Products,105974535077.76,2025-10-30T13:00:00,ok,,44100,64.001,64k,2748.056
443171303,AMP,0000820027,US,Wealth Management,46422197614.71001,2025-10-30T13:00:00,ok,,44100,64.001,64k,3114.031
443172400,WTW,0001140536,GB,Insurance Brokers & Services,30072724371.04,2025-10-30T13:00:00,ok,,44100,64.001,64k,3398.034
443172429,PWR,0001050915,US,Power Plant Construction,71766494095.35999,2025-10-30T13:00:00,ok,,44100,64.001,64k,3312.065
443172991,MA,0001141391,US,Financial Transaction Processors,468188095271.7599,2025-10-30T13:00:00,ok,,44100,64.001,64k,3790.054
443173537,MRK,0000310158,US,Large Pharma,265328209098.4,2025-10-30T13:00:00,ok,,44100,64.001,64k,3725.061
443174603,BLDR,0001316835,US,Building Materials Dealers,12947880229.29,2025-10-30T13:00:00,ok,,44100,64.000,64k,4790.047
443174763,CMS,0000811156,US,Integrated Electric Utilities,21850159127.0,2025-10-30T13:30:00,ok,,11025,16.001,le24k,2837.577
443176510,VMC,0001396009,US,Aggregates,39603596155.64999,2025-10-30T14:00:00,ok,,44100,64.001,64k,2555.063
443177771,XEL,0000072903,US,Integrated Electric Utilities,44962938145.73,2025-10-30T14:00:00,ok,,44100,64.001,64k,3131.037
443178307,VTR,0000740260,US,Health Care REIT,35685602639.28,2025-10-30T14:00:00,ok,,16000,24.000,le24k,3936.348
443178364,IP,0000051434,US,Corrugated Packaging Matl,21908309772.33,2025-10-30T14:00:00,ok,,44100,64.001,64k,3816.046
443178368,MAA,0000912595,US,Apartment REIT,15488743649.18,2025-10-30T14:00:00,ok,,44100,64.001,64k,4004.049
443178524,HWM,0000004281,US,Aircraft Parts,84770807320.08,2025-10-30T14:00:00,ok,,16000,24.000,le24k,3692.628
443178554,LLY,0000059478,US,Large Pharma,967883890416.6,2025-10-30T14:00:00,ok,,16000,24.000,le24k,3813.480
443178750,TYL,0000860731,US,Enterprise Software,18033781359.36,2025-10-30T14:00:00,ok,,16000,24.000,le24k,4055.112
443178934,TT,0001466258,IE,A/C Heating & Fridge Equip,87345211065.64,2025-10-30T14:00:00,ok,,44100,64.001,64k,3907.030
443180918,EME,0000105634,US,Building Construction,32560451180.4,2025-10-30T14:30:00,ok,,44100,64.001,64k,3393.071
443181258,LHX,0000202058,US,Electronics & Mission Systems,67395140774.1,2025-10-30T14:30:00,ok,,44100,64.001,64k,3513.051
443182856,INVH,0001687229,US,Single Family Housing REIT,16064204534.745,2025-10-30T15:00:00,ok,,44100,64.001,64k,2792.046
443184295,PRU,0001137774,US,Life Insurance,37691500000.0,2025-10-30T15:00:00,ok,,16000,24.001,le24k,3512.412
443187814,PSA,0001393311,US,Self-storage REIT,47991766274.20999,2025-10-30T16:00:00,ok,,16000,24.001,le24k,3027.024
443188899,UDR,0000074208,US,Apartment REIT,12039598422.6,2025-10-30T16:00:00,ok,,44100,64.001,64k,3672.033
443192146,SO,0000092122,US,Integrated Electric Utilities,97180101041.32,2025-10-30T17:00:00,ok,,44100,64.001,64k,2839.066
443192613,EXR,0001289490,US,Self-storage REIT,29120367976.0,2025-10-30T17:00:00,ok,,44100,64.001,64k,3266.064
443193309,AVB,0000915912,US,Apartment REIT,24452739026.775,2025-10-30T17:00:00,ok,,44100,64.001,64k,3237.042
443196601,ESS,0000920522,US,Apartment REIT,15794854541.0208,2025-10-30T18:00:00,ok,,16000,24.001,le24k,3209.292
443196718,WEC,0000783325,US,Integrated Electric Utilities,35795379490.08,2025-10-30T18:00:00,ok,,44100,64.001,64k,3148.042
443204242,WDC,0000106040,US,Hard Disk Drives,95629228895.69998,2025-10-30T20:30:00,ok,,16000,24.001,le24k,3209.292
443204291,SYK,0000310764,US,Medical Devices,136842653963.84,2025-10-30T20:30:00,ok,,44100,64.001,64k,2449.058
443204561,GILD,0000882095,US,Biotech,173347756925.56,2025-10-30T20:30:00,ok,,16000,24.000,le24k,3815.496
443204686,FSLR,0001274494,US,Thin Film Modules,26763723446.81,2025-10-30T20:30:00,ok,,44100,64.001,64k,3722.057
443204808,RMD,0000943819,US,Surgical Appliances & Supplies,37618433289.68001,2025-10-30T20:30:00,ok,,16000,24.000,le24k,3694.680
443204973,DXCM,0001093557,US,Medication Monitor & Delivery,28611593713.91999,2025-10-30T20:30:00,ok,,44100,64.001,64k,3897.051
443205282,MPWR,0001280452,US,Power Management,55657394460.0,2025-10-30T21:00:00,ok,,44100,64.001,64k,2804.036
443205335,RSG,0001060391,US,Solid Waste Collection,67361039142.39999,2025-10-30T21:00:00,ok,,44100,64.001,64k,2720.052
443205341,AMZN,0001018724,US,Online Marketplace,2597829392833.109,2025-10-30T21:00:00,ok,,16000,24.001,le24k,3149.928
443205645,AAPL,0000320193,US,Mobile Phones,3769136143440.0,2025-10-30T21:00:00,ok,,16000,24.001,le24k,3389.544
443205748,GDDY,0001609711,US,Domain Registrar,13966886323.65,2025-10-30T21:00:00,ok,,16000,24.001,le24k,3512.412
443205754,MSI,0000068505,US,Mobile Radio Comm Equipment,67468098589.84,2025-10-30T21:00:00,ok,,16000,24.000,le24k,3813.480
443206012,COIN,0001679788,US,Security & Cmdty Exchanges,56474394100.02,2025-10-30T21:30:00,ok,,44100,64.001,64k,2795.050
443206563,AJG,0000354190,US,Insurance Brokers & Services,62240616000.0,2025-10-30T21:30:00,ok,,44100,64.000,64k,4394.057
443248490,,0001295401,US,Banks,2948629476.78,2025-10-31T12:00:00,excluded,not_sp500,16000,24.001,le24k,2361.420
443248516,TROW,0001113169,US,Investment Management,22969444250.0,2025-10-31T12:00:00,ok,,16000,24.001,le24k,2484.324
443249242,IR,0001699150,US,Fluid Power Valve,33683161173.75,2025-10-31T12:00:00,ok,,44100,64.001,64k,3264.052
443251812,CHTR,0001091667,US,Cable & Satellite,26668463015.27,2025-10-31T12:30:00,ok,,44100,64.001,64k,3590.034
443252063,AON,0000315293,GB,Insurance Brokers & Services,71468124965.15,2025-10-31T12:30:00,ok,,16000,24.000,le24k,4055.112
443252089,CL,0000021665,US,Personal Care Products,68515520070.0,2025-10-31T12:30:00,ok,,44100,64.001,64k,3629.061
443252113,,0001437071,US,Residential Mortgage - REIT,635991571.2294999,2025-10-31T13:00:00,excluded,not_sp500,44100,64.002,64k,1512.829
443252703,CBOE,0001374310,US,Security & Cmdty Exchanges,27688938404.40001,2025-10-31T12:30:00,ok,,11025,16.000,le24k,3831.954
443253619,FRT,0000034903,US,Shopping Center REIT,8606298292.560001,2025-10-31T13:00:00,ok,,44100,64.001,64k,3230.041
443254069,LIN,0001707925,US,Industrial Gas,210827441895.0,2025-10-31T13:00:00,ok,,16000,24.000,le24k,3692.628
443255038,ERIE,0000922621,US,P&C Insurance,14302847594.04,2025-10-31T14:00:00,ok,,16000,24.004,le24k,729.180
443255366,ABBV,0001551152,US,Large Pharma,386473997479.44,2025-10-31T13:00:00,ok,,16000,24.000,le24k,5204.052
443256014,XOM,0000034088,US,Integrated Oils,580197645174.12,2025-10-31T13:30:00,ok,,16000,24.000,le24k,3571.812
443257858,CHD,0000313927,US,Home Cleaning & Detergents,21967098895.08,2025-10-31T14:00:00,ok,,16000,24.000,le24k,3631.176
443258318,WY,0000106535,US,Timber REIT,18720760170.0,2025-10-31T14:00:00,ok,,44100,64.001,64k,3868.056
443258641,VICI,0001705696,US,Gaming REIT,29798461023.48,2025-10-31T14:00:00,ok,,11025,16.001,le24k,3624.438
443261704,D,0000715957,US,Integrated Electric Utilities,51841075046.67,2025-10-31T15:00:00,ok,,44100,64.001,64k,2707.043
443261857,CVX,0000093410,US,Integrated Oils,342157724978.21,2025-10-31T15:00:00,ok,,16000,24.001,le24k,3209.292
443262201,GWW,0000277135,US,Industrial Equip & Sply Whslrs,50878266083.37,2025-10-31T15:00:00,ok,,44100,64.001,64k,3419.037
443263046,LYB,0001489393,US,Olefins,16244928493.08,2025-10-31T15:00:00,ok,,44100,64.001,64k,3885.061
443331808,,,IN,Power Trans & Distr Equip,743815184175.0,2025-11-03T11:30:00,excluded,unresolved,44100,64.001,64k,3826.495
443339356,IDXX,0000874716,US,In Vitro Diagnostics,54916953694.2,2025-11-03T13:30:00,ok,,16000,24.001,le24k,3450.960
443339821,,,US,Enterprise Software,3153867848.28,2025-11-03T13:30:00,excluded,lookalike,16000,24.000,le24k,3692.628
443340797,,0001371489,US,General Management Consulting,275333598.0,2025-11-03T14:00:00,excluded,not_sp500,16000,24.001,le24k,2609.496
443341546,,0001176948,US,Investment Management,49078168525.4,2025-11-03T14:00:00,excluded,not_sp500,44100,64.001,64k,3611.037
443341767,ON,0001097864,US,App Specific Analog,26126430291.16,2025-11-03T14:00:00,ok,,16000,24.000,le24k,3813.480
443348764,PNW,0000764622,US,Integrated Electric Utilities,11212596578.32,2025-11-03T16:00:00,ok,,16000,24.001,le24k,2302.056
443349930,PEG,0000788784,US,Integrated Electric Utilities,40656091345.2,2025-11-03T16:00:00,ok,,44100,64.001,64k,3428.049
443373502,VRTX,0000875320,US,Biotech,121254766523.21,2025-11-03T21:30:00,ok,,16000,24.000,le24k,3694.680
443375444,PLTR,0001321655,US,Enterprise Software,374872976962.2,2025-11-03T22:00:00,ok,,16000,24.001,le24k,2723.940
443377096,CLX,0000021076,US,Home Products,13271465235.2,2025-11-03T22:00:00,ok,,44100,64.001,64k,3102.041
443379434,O,0000726728,US,Single Tenant REIT,55226542601.77499,2025-11-03T22:00:00,ok,,16000,24.000,le24k,3692.628
443379541,SPG,0001063761,US,Regional Mall REIT,59972550021.99999,2025-11-03T22:00:00,ok,,44100,64.001,64k,3841.071
443380032,SBAC,0001034054,US,Infrastructure REIT,19589706966.62,2025-11-03T22:00:00,ok,,44100,64.001,64k,3912.046
443563511,UBER,0001543151,US,Ridesharing Svcs,165769307796.18,2025-11-04T13:00:00,ok,,44100,64.001,64k,2964.062
443565330,LDOS,0001336920,US,IT Services - Government,24007365646.44,2025-11-04T13:00:00,ok,,16000,24.001,le24k,3450.960
443565543,IT,0000749251,US,IT Services,16287993227.1,2025-11-04T13:00:00,ok,,16000,24.000,le24k,3631.176
443565803,GPN,0001123360,US,Financial Transaction Processors,20163646621.57,2025-11-04T13:00:00,ok,,16000,24.000,le24k,3813.480
443567324,YUM,0001041061,US,Fast Food Restaurants,42725217326.52,2025-11-04T13:15:00,ok,,16000,24.001,le24k,3209.292
443567349,WAT,0001000697,US,Life Science Equipment,22922660942.2,2025-11-04T13:00:00,ok,,44100,64.001,64k,3630.054
443567605,NCLH,0001513761,US,Cruise Lines,9464803196.309998,2025-11-04T13:00:00,ok,,44100,64.001,64k,3656.046
443568049,HSIC,0001000228,US,Health Care Distribution,8838778509.56,2025-11-04T13:00:00,ok,,44100,64.001,64k,4049.058
443568115,SWK,0000093556,US,Tools,12285475344.48,2025-11-04T13:00:00,ok,,44100,64.001,64k,3708.056
443570633,BR,0001383312,US,Other Financial Services,23916309563.51,2025-11-04T13:30:00,ok,,44100,64.001,64k,3192.059
443570653,ZTS,0001555280,US,Specialty Pharma,53733723583.02,2025-11-04T13:30:00,ok,,16000,24.001,le24k,3450.960
443570892,CDW,0001402057,US,IT Services,16237753275.2,2025-11-04T13:30:00,ok,,44100,64.001,64k,3381.055
443571196,MAR,0001048286,US,Room Revenue - Hotels,83744544665.65,2025-11-04T13:30:00,ok,,44100,64.001,64k,3364.049
443572314,ADM,0000007084,US,Agricultural Products Whslrs,32390400139.0,2025-11-04T13:30:00,ok,,44100,64.001,64k,3873.071
443575148,TAP,0000024545,US,Brewers,9451129366.48,2025-11-04T13:30:00,ok,,16000,24.000,le24k,4659.300
443575901,APO,0001858681,US,Mixed Asset,77132355725.97002,2025-11-04T13:30:00,ok,,16000,24.000,le24k,4720.716
443576095,FANG,0001539838,US,Crude Oil & Natural Gas E&P,45921460155.78,2025-11-04T14:00:00,ok,,16000,24.001,le24k,3209.292
443581475,PGR,0000080661,US,P&C Personal Lines,124686914000.0,2025-11-04T14:30:00,ok,,16000,24.000,le24k,3752.028
443582070,WMB,0000107263,US,Midstream - Oil & Gas,81723966579.64001,2025-11-04T14:30:00,ok,,44100,64.001,64k,3730.051
443582468,EXC,0001109357,US,Electric Distribution,45186814888.32,2025-11-04T15:00:00,ok,,16000,24.001,le24k,2543.688
443583952,MLM,0000916076,US,Cement & Aggregates,39213513592.89,2025-11-04T15:00:00,ok,,16000,24.001,le24k,3268.692
443585204,,,US,Crude Oil & Natural Gas E&P,21158682170.07999,2025-11-04T15:00:00,excluded,not_sp500,11025,16.001,le24k,3646.746
443585291,PFE,0000078003,US,Large Pharma,147032397294.72,2025-11-04T15:00:00,ok,,44100,64.001,64k,3640.033
443588847,MPC,0001510295,US,Petroleum Refining,51706632412.78999,2025-11-04T16:00:00,ok,,44100,64.001,64k,3716.049
443589372,BALL,0000009389,US,Metal Containers,15077037960.88,2025-11-04T16:00:00,ok,,44100,64.001,64k,3336.046
443589720,,0001418121,US,Hotel REIT,2715912601.7292,2025-11-04T16:00:00,excluded,not_sp500,44100,64.001,64k,3917.505
443589985,ETN,0001551182,IE,Power Trans & Distr Equip,134935986000.0,2025-11-04T16:00:00,ok,,16000,24.000,le24k,4538.448
443607413,SWKS,0000004127,US,Analog ICs,8219017519.76,2025-11-04T21:30:00,ok,,44100,64.002,64k,1975.040
443608101,,0001070081,US,Biotech,6069795857.999999,2025-11-04T21:30:00,excluded,not_sp500,44100,64.001,64k,3080.046
443608480,LYV,0001335258,US,Event Promoters w/ Facilities,34631375874.85,2025-11-04T22:00:00,ok,,44100,64.002,64k,1658.044
443608555,ANET,0001596532,US,Data Networking Equipment,189081653260.5,2025-11-04T21:30:00,ok,,44100,64.001,64k,3280.039
443609475,AMGN,0000318154,US,Biotech,184278855229.62,2025-11-04T21:30:00,ok,,44100,64.001,64k,4038.034
443609807,SMCI,0001375365,US,Servers,18631469060.93,2025-11-04T22:00:00,ok,,44100,64.001,64k,3477.055
443610071,AMD,0000002488,US,App Specific Multimedia,411471218819.6,2025-11-04T22:00:00,ok,,44100,64.001,64k,3467.076
443610072,MTCH,0000891103,US,Dating Services Web,7404341477.985,2025-11-04T22:00:00,ok,,44100,64.001,64k,3680.052
443658897,AIZ,0001267238,US,P&C Insurance,11883746591.9,2025-11-05T13:00:00,ok,,44100,64.001,64k,2557.048
443659318,TRMB,0000864749,US,Measurement Instruments,16671121807.34,2025-11-05T13:00:00,ok,,44100,64.001,64k,3236.049
443659820,BG,0001996862,US,Agricultural Products Whslrs,22294528719.1,2025-11-05T13:00:00,ok,,16000,24.001,le24k,3510.360
443660215,HUM,0000049071,US,Managed Care Medicare,23334177922.68,2025-11-05T13:00:00,ok,,44100,64.001,64k,3203.056
443661183,IRM,0001020569,US,Specialty REIT,27287343861.665,2025-11-05T13:30:00,ok,,16000,24.001,le24k,2484.324
443661385,AFL,0000004977,US,Life Insurance,57086487839.64,2025-11-05T13:00:00,ok,,44100,64.001,64k,4150.073
443662535,EMR,0000032604,US,Diversified Industrials,83456876643.06,2025-11-05T13:30:00,ok,,44100,64.001,64k,3522.038
443662733,AIG,0000005272,US,P&C Insurance,39599486603.06001,2025-11-05T13:30:00,ok,,16000,24.000,le24k,3813.480
443662800,ZBH,0001136869,US,Reconstructive Implants,16986141079.05,2025-11-05T13:30:00,ok,,44100,64.001,64k,3518.067
443663023,MCD,0000063908,US,Fast Food Restaurants,222761880680.0,2025-11-05T13:30:00,ok,,16000,24.000,le24k,3692.628
443663031,COR,0001140859,US,Pharmaceutical Distribution,68189170681.04001,2025-11-05T13:30:00,ok,,44100,64.001,64k,3745.045
443663125,FIS,0001136893,US,Financial Transaction Processors,29098034429.16,2025-11-05T13:30:00,ok,,44100,64.001,64k,3656.046
443663130,JCI,0000833444,US,HVAC Building Products,71452608888.43999,2025-11-05T13:30:00,ok,,44100,64.001,64k,3626.031
443664136,JKHY,0000779152,US,Financial Transaction Processors,13014132104.92,2025-11-05T13:45:00,ok,,16000,24.000,le24k,3781.404
443664256,ES,0000072741,US,Electric Transmission & Dist,26225721235.5,2025-11-05T14:00:00,ok,,16000,24.001,le24k,2967.624
443664840,IFF,0000051253,US,Flavors & Fragrances,18479914708.64,2025-11-05T14:00:00,ok,,16000,24.001,le24k,3270.744
443665092,TECH,0000842023,US,Life Science Equipment,10215080677.56,2025-11-05T13:45:00,ok,,16000,24.001,le24k,3455.064
443665334,CTVA,0001755672,US,Seeds & Agriculture Biotech,49894215215.1,2025-11-05T14:00:00,ok,,16000,24.000,le24k,3694.680
443666477,CRL,0001100682,US,Contract Research,10673851350.48,2025-11-05T14:00:00,ok,,44100,64.000,64k,4745.064
443669985,AES,0000874761,US,Integrated Electric Utilities,10817117139.36,2025-11-05T15:00:00,ok,,16000,24.001,le24k,3149.928
443674343,TRGP,0001389170,US,NGL Pipelines & Services,43174276977.32,2025-11-05T16:00:00,ok,,16000,24.001,le24k,3147.876
443674764,PPL,0000922224,US,Integrated Electric Utilities,27148427795.9,2025-11-05T16:00:00,ok,,16000,24.001,le24k,3453.012
443675014,MOS,0001285785,US,Fertilizers,8931857658.78,2025-11-05T16:00:00,ok,,44100,64.001,64k,3703.040
443678172,SRE,0001032208,US,Electric Transmission & Dist,56639702392.38,2025-11-05T17:00:00,ok,,16000,24.001,le24k,3029.076
443693707,QCOM,0000804328,US,App Specific Communication,163090486922.7,2025-11-05T21:45:00,ok,,44100,64.001,64k,2556.056
443694044,MCK,0000927653,US,Pharma & Specialty Distribution,102026937423.0,2025-11-05T21:30:00,ok,,44100,64.001,64k,3519.060
443694299,FTNT,0001262039,US,Security Software,61038636212.16,2025-11-05T21:30:00,ok,,44100,64.001,64k,3890.051
443694542,FICO,0000814547,US,Credit Agencies,36192148179.78,2025-11-05T22:00:00,ok,,44100,64.001,64k,2882.038
443694587,APP,0001751008,US,E-Marketing,183293273800.0,2025-11-05T22:00:00,ok,,44100,64.001,64k,3052.042
443694601,TKO,0001973266,US,Pro Sports & Related Activities,38017380797.75999,2025-11-05T22:00:00,ok,,16000,24.001,le24k,3450.960
443694926,,0001564408,US,Adv Rev - Social Networking Web,13187478759.26,2025-11-05T22:00:00,excluded,not_sp500,44100,64.001,64k,2969.051
443695078,PAYC,0001590955,US,Enterprise Software,7857966548.25,2025-11-05T22:00:00,ok,,11025,16.001,le24k,3033.078
443695087,DASH,0001792789,US,Online Food Delivery Svcs,89070153936.54,2025-11-05T22:00:00,ok,,44100,64.001,64k,3856.039
443695284,HOOD,0001783879,US,Retail Securities Brokerage,93130540203.8,2025-11-05T22:00:00,ok,,44100,64.001,64k,4190.041
443695299,PTC,0000857005,US,Engineering Software,19254290408.01,2025-11-05T22:00:00,ok,,44100,64.001,64k,2936.033
443695558,AMCR,0001748790,CH,Plastic Packaging Film & Sheet,20362043039.561,2025-11-05T22:30:00,ok,,44100,64.001,64k,2940.056
443696205,CPAY,0001175454,US,Financial Transaction Processors,22221476907.84,2025-11-05T22:30:00,ok,,16000,24.000,le24k,4180.068
443747192,DD,0001666700,US,Basic & Diversified Chemicals,18698868710.12,2025-11-06T13:00:00,ok,,44100,64.001,64k,3281.058
443747222,MRNA,0001682852,US,Biotech,17697781893.6,2025-11-06T13:00:00,ok,,16000,24.001,le24k,3270.744
443747234,WBD,0001437107,US,Cable Networks,69345598340.06,2025-11-06T13:00:00,ok,,44100,64.001,64k,2771.069
443747503,BDX,0000010795,US,Medication Monitor & Delivery,57631713817.91999,2025-11-06T13:00:00,ok,,44100,64.001,64k,3394.038
443747614,ALB,0000915913,US,Specialty Chemicals,21695187548.2,2025-11-06T13:00:00,ok,,16000,24.000,le24k,3754.080
443747757,DDOG,0001561550,US,Infrastructure Software,49325005265.2,2025-11-06T13:00:00,ok,,16000,24.000,le24k,3813.480
443748309,PODD,0001145197,US,Medication Monitor & Delivery,18163569063.6,2025-11-06T13:00:00,ok,,44100,64.001,64k,3588.049
443748425,TPR,0001116132,US,Handbags & Purses,25785868752.0,2025-11-06T13:00:00,ok,,44100,64.001,64k,3665.058
443748429,EPAM,0001352010,US,IT Outsourcing,12062225640.3,2025-11-06T13:00:00,ok,,44100,64.001,64k,3619.056
443749656,VTRS,0001792044,US,Generic Pharma,14938455239.84,2025-11-06T13:30:00,ok,,44100,64.001,64k,3487.060
443749658,ROK,0001024478,US,Industrial Automation Controls,46648528456.5,2025-11-06T13:30:00,ok,,44100,64.001,64k,3698.051
443751018,STE,0001757898,US,Medical Equipment,25602628767.74,2025-11-06T14:00:00,ok,,44100,64.003,64k,1399.040
443752152,MET,0001099219,US,Life Insurance,50247077686.56001,2025-11-06T14:00:00,ok,,44100,64.001,64k,3489.045
443752448,APD,0000002969,US,Industrial Gas,56959004954.62,2025-11-06T14:00:00,ok,,16000,24.000,le24k,3813.480
443752575,HST,0001070750,US,Hotel REIT,12656924897.805,2025-11-06T14:00:00,ok,,16000,24.000,le24k,3694.680
443752596,NRG,0001013871,US,Fossil Electric - Deregulated,29725188574.88,2025-11-06T14:00:00,ok,,16000,24.001,le24k,3272.796
443752735,EVRG,0001711269,US,Integrated Electric Utilities,17610026530.95,2025-11-06T14:00:00,ok,,44100,64.001,64k,3302.060
443752741,ALL,0000899051,US,P&C Insurance,51637651439.64001,2025-11-06T14:00:00,ok,,44100,64.001,64k,3684.049
443753354,RL,0001037038,US,Apparel Design,21405545867.42,2025-11-06T14:00:00,ok,,16000,24.000,le24k,3633.228
443754120,ATO,0000731802,US,Natural Gas Distributors,26850167502.0,2025-11-06T15:00:00,ok,,16000,24.001,le24k,1937.484
443755839,VST,0001692819,US,Fossil Electric - Deregulated,56123054163.6,2025-11-06T15:00:00,ok,,44100,64.001,64k,3353.051
443756807,AEE,0001002910,US,Integrated Electric Utilities,28018390000.0,2025-11-06T15:00:00,ok,,11025,16.001,le24k,3490.429
443757425,TPL,0001811074,US,Royalty Income - Oil & Gas,24457905239.4,2025-11-06T15:30:00,ok,,16000,24.001,le24k,1818.720
443757629,CMI,0000026172,US,Commercial Vehicle Parts & Svcs,79765629158.57999,2025-11-06T15:00:00,ok,,44100,64.001,64k,3675.063
443760700,DVN,0001090012,US,Crude Oil & Natural Gas E&P,24985359000.0,2025-11-06T16:00:00,ok,,44100,64.001,64k,2985.064
443760865,PH,0000076334,US,Diversified Industrials,115621086692.73,2025-11-06T16:00:00,ok,,44100,64.001,64k,3595.050
443761646,CF,0001324404,US,Nitrogenous Fertilizers,14532157581.48,2025-11-06T16:00:00,ok,,16000,24.000,le24k,3995.748
443761839,APA,0001841666,US,Crude Oil Production,9224947218.51,2025-11-06T16:00:00,ok,,44100,64.001,64k,3719.053
443763342,,0001370755,US,BDCs,436931340.55,2025-11-06T17:00:00,excluded,not_sp500,44100,64.002,64k,1517.845
443765658,COP,0001163165,US,Crude Oil Production,125289448020.0,2025-11-06T17:00:00,ok,,44100,64.001,64k,3726.054
443777172,,0000012659,US,Tax Preparation Services,4936908160.249999,2025-11-06T21:30:00,excluded,not_sp500,44100,64.002,64k,1511.053
443778022,SOLV,0001964738,US,Health Care Supplies,13286082866.2,2025-11-06T21:30:00,ok,,16000,24.001,le24k,2666.592
443778028,TTWO,0000946581,US,Video Games,44934516365.76,2025-11-06T21:30:00,ok,,16000,24.001,le24k,2787.408
443778035,WYNN,0001174922,US,Casinos,11736639189.52,2025-11-06T21:30:00,ok,,44100,64.001,64k,2720.052
443778349,EXPE,0001324424,US,Travel Info & Booking Web,32564121062.88,2025-11-06T21:30:00,ok,,16000,24.001,le24k,3029.076
443778870,,0002023554,US,Hard Disk Drives,77325853835.77,2025-11-06T21:30:00,excluded,not_sp500,44100,64.001,64k,3483.037
443779430,NWSA,0001564708,US,Newspaper Publishers,15693903647.95,2025-11-06T22:00:00,ok,,44100,64.001,64k,2207.060
443779476,MNST,0000865752,US,Sports & Energy Drinks,79060556798.72,2025-11-06T22:00:00,ok,,44100,64.001,64k,2802.051
443780200,AKAM,0001086222,US,Infrastructure Software,14688640697.7,2025-11-06T21:30:00,ok,,44100,64.001,64k,4069.042
443780209,ABNB,0001559720,US,Travel Info & Booking Web,80975570401.8,2025-11-06T22:00:00,ok,,44100,64.001,64k,3589.068
443780316,XYZ,0001512673,US,Financial Transaction Processors,39024246300.0,2025-11-06T22:00:00,ok,,16000,24.000,le24k,3756.132
443780465,MCHP,0000827054,US,Semiconductor Devices,43387071833.52,2025-11-06T22:00:00,ok,,44100,64.000,64k,4256.052
443780478,TTD,0001671933,US,Advertising & Marketing,15412168411.29,2025-11-06T22:00:00,ok,,16000,24.000,le24k,3874.896
443780738,GEN,0000849399,US,Security Software,15288392292.53,2025-11-06T22:00:00,ok,,44100,64.001,64k,3631.047
443795914,,,IN,Industrial Engines,1115452800000.0,2025-11-07T04:30:00,excluded,unresolved,44100,64.001,64k,3530.553
443824240,,0001572694,US,BDCs,1065816316.64,2025-11-07T14:00:00,excluded,not_sp500,44100,64.003,64k,1256.882
443824402,MTD,0001037646,US,Life Science Equipment,28633325649.8,2025-11-07T13:30:00,ok,,16000,24.000,le24k,4055.112
443826902,KKR,0001404912,US,Private Equity,104083337685.7,2025-11-07T14:00:00,ok,,16000,24.000,le24k,4057.164
443828203,,0001782524,US,BDCs,1408945857.15,2025-11-07T15:00:00,excluded,not_sp500,16000,24.001,le24k,2060.388
443828583,DUK,0001326160,US,Integrated Electric Utilities,93505985573.75998,2025-11-07T15:00:00,ok,,16000,24.001,le24k,2183.256
443829112,LNT,0000352541,US,Integrated Electric Utilities,17032377433.14,2025-11-07T15:00:00,ok,,16000,24.001,le24k,2543.688
443830006,EOG,0000821189,US,Crude Oil & Natural Gas E&P,60239280696.14001,2025-11-07T15:00:00,ok,,16000,24.000,le24k,3694.680
443830016,CEG,0001868275,US,Nuclear Power Generation,104340259314.2,2025-11-07T15:00:00,ok,,16000,24.000,le24k,3754.080
443833806,CPT,0000906345,US,Apartment REIT,11378448566.85,2025-11-07T16:00:00,ok,,16000,24.000,le24k,3876.948
443833979,BEN,0000038777,US,Investment Management,13378884669.18,2025-11-07T16:00:00,ok,,16000,24.000,le24k,3874.896
443908527,TSN,0000100493,US,Meat Products,22807473285.19999,2025-11-10T14:00:00,ok,,44100,64.001,64k,4134.060
443909205,,0001736035,US,BDCs,6020978721.24,2025-11-10T14:30:00,excluded,not_sp500,16000,24.001,le24k,3209.292
443933579,PSKY,0002041610,US,TV Media Networks,12509914505.76,2025-11-10T21:30:00,ok,,16000,24.001,le24k,2721.888
443997424,OXY,0000797468,US,Crude Oil & Natural Gas E&P,44166983756.21999,2025-11-11T18:00:00,ok,,16000,24.001,le24k,3510.360
444042735,,,IN,Electricity Marketing & Trading,51694893179.43999,2025-11-12T10:30:00,excluded,unresolved,16000,24.001,le24k,2605.140
444052742,,0001858985,CH,Athletic Footwear,14831102942.68,2025-11-12T13:00:00,excluded,not_sp500,16000,24.000,le24k,3752.028
444066143,TDG,0001260221,US,Aircraft Structure & Equipment,79718037235.68,2025-11-12T16:00:00,ok,,16000,24.001,le24k,3209.292
444085051,CSCO,0000858877,US,Data Networking Equipment,311978426694.4799,2025-11-12T21:30:00,ok,,16000,24.001,le24k,3450.960
444132883,DIS,0001744489,US,TV Media Networks,194292273913.32,2025-11-13T13:30:00,ok,,16000,24.001,le24k,2541.672
444162394,AMAT,0000006951,US,Front End Capital Equipment,267285701991.75,2025-11-13T21:30:00,ok,,16000,24.000,le24k,3692.628
444344086,,,IN,Other Machinery & Equipment,12755769289.76,2025-11-18T10:30:00,excluded,unresolved,16000,24.001,le24k,1822.032
444353350,MDT,0001613103,IE,Medical Devices,129303953018.88,2025-11-18T13:00:00,ok,,16000,24.000,le24k,4116.564
444359927,HD,0000354950,US,Home Centers,373615460320.5,2025-11-18T14:00:00,ok,,44100,64.001,64k,3717.068
444549390,TGT,0000027419,US,Supercenters,46068524967.32,2025-11-19T13:00:00,ok,,11025,16.000,le24k,3908.441
444560632,LOW,0000060667,US,Home Centers,151131541544.94,2025-11-19T14:00:00,ok,,16000,24.000,le24k,3813.480
444571762,WSM,0000719955,US,Home Furnishings Stores,24558999866.92,2025-11-19T15:00:00,ok,,44100,64.001,64k,3956.036
444589194,TJX,0000109198,US,Off-Price Apparel,164115931970.05,2025-11-19T16:00:00,ok,,44100,64.001,64k,3675.037
444641780,PANW,0001327567,US,Security Software,128066780000.0,2025-11-19T21:30:00,ok,,44100,64.001,64k,3756.042
444642745,NVDA,0001045810,US,App Specific Multimedia,4653936000000.0,2025-11-19T22:00:00,ok,,16000,24.000,le24k,3934.296
444783240,WMT,0000104169,US,Supercenters,929082362993.48,2025-11-20T13:00:00,ok,,16000,24.000,le24k,3811.428
444790959,J,0000052988,US,Engineering Services,16142672113.7,2025-11-20T15:00:00,ok,,16000,24.001,le24k,2543.688
444811967,ROST,0000745732,US,Off-Price Apparel,60173694405.12,2025-11-20T21:15:00,ok,,44100,64.001,64k,3596.042
444812736,INTU,0000896878,US,Enterprise Software,149906245279.9,2025-11-20T21:30:00,ok,,16000,24.000,le24k,3872.844
444814277,CPRT,0000900075,US,Automobiles Wholesalers,39320878324.07999,2025-11-20T22:30:00,ok,,44100,64.001,64k,2784.052
444957849,KEYS,0001601046,US,Elec Measuring Instruments,37991183840.00001,2025-11-24T21:30:00,ok,,44100,64.001,64k,3587.030
444986490,,,GB,Apartment REIT,1407573897.184,2025-11-25T09:00:00,excluded,lookalike,44100,64.001,64k,2306.717
445001211,BBY,0000764478,US,Electronics & Appliances Stores,13737121352.68,2025-11-25T13:00:00,ok,,11025,16.001,le24k,3638.282
445003232,SJM,0000091419,US,Packaged Food,11027925638.72,2025-11-25T14:00:00,ok,,44100,64.001,64k,2204.056
445009082,ADI,0000006281,US,Analog ICs,155200657486.875,2025-11-25T15:00:00,ok,,44100,64.001,64k,2527.033
445030291,WDAY,0001327811,US,Enterprise Software,49738560000.0,2025-11-25T21:30:00,ok,,44100,64.001,64k,3486.067
445030409,DELL,0001571996,US,Personal Computers,78962023153.71999,2025-11-25T21:30:00,ok,,44100,64.001,64k,3323.037
445031038,ADSK,0000769397,US,Engineering Software,56885960000.0,2025-11-25T22:00:00,ok,,44100,64.001,64k,3556.049
445031126,HPQ,0000047217,US,Personal Computers,17487605163.15,2025-11-25T22:00:00,ok,,11025,16.000,le24k,3701.864
445032164,NTAP,0001002047,US,Network Storage & Fabric,19673334366.84,2025-11-25T22:30:00,ok,,11025,16.000,le24k,3995.638
445080142,DE,0000315189,US,Farm Machinery & Equipment,142316801194.58,2025-11-26T15:00:00,ok,,44100,64.001,64k,3952.065
445339910,CRWD,0001535527,US,Infrastructure Software,118282067063.6,2025-12-02T22:00:00,ok,,16000,24.000,le24k,3813.480
445381353,DLTR,0000935703,US,Dollar Stores,23683414571.7,2025-12-03T13:00:00,ok,,44100,64.001,64k,3561.038
445412819,CRM,0001108524,US,Enterprise Software,213598520000.0,2025-12-03T22:00:00,ok,,44100,64.001,64k,4179.043
445456099,HRL,0000048465,US,Cured & Smoked Meat,13532639457.0,2025-12-04T14:00:00,ok,,16000,24.000,le24k,4055.112
445456907,DG,0000029534,US,Dollar Stores,31926041049.83999,2025-12-04T14:00:00,ok,,44100,64.001,64k,3888.039
445459647,BF-A,0000014693,US,Distillers,12261231210.31,2025-12-04T15:00:00,ok,,44100,64.001,64k,3728.039
445459835,KR,0000056873,US,Supermarkets,39122735071.2,2025-12-04T15:00:00,ok,,44100,64.001,64k,3746.064
445479225,ULTA,0001403568,US,Cosmetics & Beauty Stores,28312381792.12,2025-12-04T21:30:00,ok,,16000,24.000,le24k,3872.844
445480106,HPE,0001645590,US,Servers,28972715142.41,2025-12-04T22:00:00,ok,,16000,24.000,le24k,3752.028
445480196,COO,0000711404,US,Ophthalmic Goods,15772311532.48,2025-12-04T22:00:00,ok,,44100,64.001,64k,3856.065
445662695,CPB,0000016732,US,Packaged Food,8043661930.099999,2025-12-09T13:00:00,ok,,16000,24.000,le24k,3631.176
445671889,AZO,0000866787,US,Auto Parts & Accessories Stores,62661818516.93999,2025-12-09T15:00:00,ok,,44100,64.001,64k,3374.054
445770166,ORCL,0001341439,US,Infrastructure Software,496476864000.0001,2025-12-10T22:00:00,ok,,44100,64.001,64k,2804.036
445771253,ADBE,0000796343,US,Content & Collaboration Software,122977590000.0,2025-12-10T22:00:00,ok,,16000,24.000,le24k,3754.080
445771371,SNPS,0000883241,US,Engineering Software,97830564638.1,2025-12-10T22:00:00,ok,,44100,64.001,64k,3768.059
445813752,NDSN,0000072331,US,General Purpose Machinery,15147992385.84,2025-12-11T13:30:00,ok,,16000,24.000,le24k,3692.628
445840835,LULU,0001397187,CA,Family Clothing Stores,21156137460.7,2025-12-11T21:30:00,ok,,44100,64.001,64k,3330.064
445841507,AVGO,0001730168,US,App Specific Communication,1579982080778.76,2025-12-11T22:00:00,ok,,44100,64.001,64k,3295.033
445841743,COST,0000909832,US,Warehouse Clubs,426460852700.58,2025-12-11T22:00:00,ok,,44100,64.001,64k,3722.057
446266716,JBL,0000898293,US,EMS/ODM,25725118946.54,2025-12-17T13:30:00,ok,,44100,64.001,64k,3280.039
446267951,GIS,0000040704,US,Packaged Food,23664365292.35,2025-12-17T14:00:00,ok,,44100,64.001,64k,2357.029
446277434,LEN,0000920760,US,Homebuilding,27121649685.66,2025-12-17T16:00:00,ok,,44100,64.001,64k,3905.045
446315338,MU,0000723125,US,Memory ICs,489911671128.08,2025-12-17T23:00:00,ok,,16000,24.001,le24k,2426.976
446501468,ACN,0001467373,IE,IT Services - Commercial,166337223748.85,2025-12-18T13:00:00,ok,,44100,64.001,64k,3506.051
446506015,DRI,0000940944,US,Casual Rest - Owned,22624862428.5,2025-12-18T13:30:00,ok,,44100,64.000,64k,4563.043
446506136,FDS,0001013237,US,Data & Analytics,10011606033.74,2025-12-18T14:00:00,ok,,44100,64.001,64k,3655.053
446509822,CTAS,0000723254,US,Uniform Rental,75643125437.36,2025-12-18T15:00:00,ok,,44100,64.001,64k,3393.045
446542479,NKE,0000320187,US,Athletic Footwear,92139062940.48,2025-12-18T22:00:00,ok,,16000,24.000,le24k,3813.480
446549708,FDX,0001048911,US,Courier Services,73981394054.4,2025-12-18T22:30:00,ok,,44100,64.001,64k,3878.060
446678917,CAG,0000023217,US,Perishable Prepared Food,8457572317.999999,2025-12-19T14:30:00,ok,,16000,24.001,le24k,2484.324
446679551,PAYX,0000723531,US,Other Professional Services,36776215252.50001,2025-12-19T14:30:00,ok,,44100,64.001,64k,3762.051
446680574,LW,0001679273,US,Frozen Food,6314868325.48,2025-12-19T15:00:00,ok,,16000,24.001,le24k,3086.424
446681167,CCL,0000815097,US,Cruise Lines,27299572110.74142,2025-12-19T15:00:00,ok,,44100,64.001,64k,3759.047
