call_id,decode_ok,codec,sample_rate,channels,bit_rate,duration_sec,peak_dbfs,rms_dbfs,clip_ratio,silence_ratio,reason
430133280,True,mp3,16000,1,24000,3754.008,-0.085987,-23.928159,1.664887235189696e-08,0.16528214058147986,
436857631,True,mp3,16000,1,24000,5265.432,0.285223,-20.759909,1.1869871266023376e-08,0.18713165377503688,
437094698,True,mp3,44100,1,64001,3777.999433,2.003266,-12.717677,6.002048799357661e-09,0.12496721277300414,
437328595,True,mp3,16000,1,24001,2603.016,-1.290901,-28.281005,0.0,0.1686615683499448,
437395404,True,mp3,16000,1,24000,3692.556,0.238443,-27.6331,1.692594506352781e-08,0.2240060464892069,
437438945,True,mp3,44100,1,64002,1513.026372,-4.953082,-29.927693,0.0,0.17980364852490488,
437444632,True,mp3,44100,1,64001,2270.681882,-1.625654,-30.476755,0.0,0.21284552972004558,
437643018,True,mp3,44100,1,64001,2659.645147,-2.865553,-25.384673,0.0,0.14015347063139622,
437695776,True,mp3,16000,1,24000,3756.06,-5.509551,-29.740037,0.0,0.1722649632859965,
437763254,True,mp3,44100,1,64001,3475.005147,-6.080051,-26.933178,0.0,0.19095311860843125,
438063010,True,mp3,16000,1,24002,1676.736,0.994506,-21.319464,3.7274800564907055e-08,0.17683714311614945,
438282711,True,mp3,44100,1,64000,5283.253311,-1.191808,-23.140724,0.0,0.20908486740548032,
438606467,True,mp3,44100,1,64000,4596.363515,-1.014024,-25.906686,0.0,0.15928480713301457,
441502101,True,mp3,44100,1,64002,1701.761066,-0.99655,-28.824455,0.0,0.1456936969317172,
441514131,True,mp3,44100,1,64001,2479.008413,0.396997,-21.621747,9.147099640847364e-09,0.09075764197497299,
441515294,True,mp3,44100,1,64000,4261.996168,-0.925682,-20.162666,0.0,0.1554326946546424,
441660275,True,mp3,16000,1,24001,3147.804,-0.231103,-26.662921,0.0,0.1396746871787443,
441674347,True,mp3,11025,1,16000,3958.125714,0.681777,-27.029533,2.2915630880150883e-08,0.24933501291010285,
441832346,True,mp3,44100,1,64001,3440.027188,0.130554,-23.017492,6.59173190234568e-09,0.17968046594403833,
441902014,True,mp3,16000,1,24000,3872.772,0.962149,-23.004538,1.613831126645204e-08,0.15421769652331713,
441905261,True,mp3,16000,1,24000,3631.104,2.249719,-24.308196,1.721239600958827e-08,0.17703187515422308,
441905781,True,mp3,44100,1,64001,3425.00678,-4.664339,-28.702244,0.0,0.196003955647644,
441906992,True,mp3,16000,1,24000,4720.644,1.4399,-24.280875,1.323971898749408e-08,0.0920063491337199,
441909927,True,mp3,16000,1,24001,3268.62,-1.05956,-23.473328,0.0,0.17236470926568398,
441913997,True,mp3,16000,1,24000,4417.56,-1.957249,-24.341405,0.0,0.15018896811814667,
441917254,True,mp3,44100,1,64000,5142.009229,-3.343195,-25.290586,0.0,0.13769410311573752,
441978375,True,mp3,16000,1,24000,3813.408,-2.062256,-28.254112,0.0,0.1641491765371028,
441980949,True,mp3,16000,1,24000,4661.28,-2.352828,-29.052088,0.0,0.2030125600693372,
441982971,True,mp3,44100,1,64001,3857.019841,-0.079788,-28.023104,5.879082269378668e-09,0.12249011114174355,
441983377,True,mp3,16000,1,24000,4237.344,-2.720782,-28.148288,0.0,0.1532551065006759,
441986358,True,mp3,44100,1,64000,4291.018209,-5.843463,-25.853047,0.0,0.13038150964416007,
441992336,True,mp3,16000,1,24000,3633.156,-4.127307,-28.89633,0.0,0.2197764989997677,
441995462,True,mp3,16000,1,24001,3332.124,-2.64613,-24.655762,0.0,0.15728400023528535,
442011537,True,mp3,44100,1,64001,3795.005147,-3.868036,-26.93413,0.0,0.18298998317537726,
442047798,True,mp3,44100,1,64000,4454.02229,-2.886346,-27.635603,0.0,0.16200561829698432,
442050823,True,mp3,44100,1,64001,3642.998617,-3.692049,-28.360166,0.0,0.12157863083811321,
442053366,True,mp3,44100,1,64001,3751.014943,-0.18275,-20.183785,0.0,0.12512230133229837,
442053828,True,mp3,16000,1,24000,3813.408,0.990318,-19.814712,1.638953922580537e-08,0.19311677087791287,
442059893,True,mp3,44100,1,64001,4215.994535,-0.653183,-25.664628,0.0,0.1871763016884461,
442060260,True,mp3,44100,1,64001,4061.010045,-1.054491,-25.74885,0.0,0.16894172937215673,
442062256,True,mp3,44100,1,64000,4342.009229,-0.606251,-21.218745,0.0,0.11449202357280387,
442063108,True,mp3,44100,1,64001,3555.018209,-0.828986,-26.310262,0.0,0.20100454146506455,
442080290,True,mp3,44100,1,64001,2586.005964,-0.980516,-24.819172,0.0,0.2586522959774582,
442081004,True,mp3,16000,1,24001,3510.288,-1.052783,-22.82271,0.0,0.22428420830427587,
442123638,True,mp3,16000,1,24000,3571.74,0.922781,-23.266436,1.7498474133055596e-08,0.1536751418076344,
442124818,True,mp3,44100,1,64001,3137.00678,-0.409589,-23.282437,0.0,0.1657333941114402,
442126415,True,mp3,44100,1,64001,2839.001882,-3.164834,-24.660975,0.0,0.16150192252672835,
442128152,True,mp3,16000,1,24000,4720.644,0.668571,-25.481712,1.323971898749408e-08,0.14794930162071107,
442129163,True,mp3,44100,1,64001,3767.001882,-0.894945,-18.398862,0.0,0.1511562764862988,
442131088,True,mp3,44100,1,64001,3270.02229,-1.626316,-25.27273,0.0,0.16848000476473815,
442134323,True,mp3,44100,1,64001,4164.010862,-3.526491,-25.532524,0.0,0.16684318317707594,
442226489,True,mp3,44100,1,64001,3744.014127,-1.798808,-23.796505,0.0,0.163003024908191,
442277393,True,mp3,16000,1,24000,3754.008,-0.042379,-22.5899,1.664887235189696e-08,0.15260062152238357,
442277397,True,mp3,44100,1,64001,3393.00678,-1.104348,-21.986148,0.0,0.15131819954689274,
442279182,True,mp3,44100,1,64001,3334.02229,0.377834,-22.560572,6.801315344461831e-09,0.17766774168747385,
442279184,True,mp3,44100,1,64001,3329.999433,-0.976083,-23.243822,0.0,0.14571952361050147,
442279576,True,mp3,44100,1,64001,3601.019841,-0.486809,-22.035498,0.0,0.1560304777004421,
442279776,True,mp3,16000,1,24000,3934.224,-1.640007,-27.787195,0.0,0.1781004304787933,
442279894,True,mp3,44100,1,64001,3695.008413,0.546388,-26.37719,6.13685665329554e-09,0.096406709859364,
442279895,True,mp3,44100,1,64001,4057.013311,-1.321132,-23.835578,0.0,0.16205575791861135,
442279925,True,mp3,44100,1,64001,3728.001066,-0.933014,-23.362455,0.0,0.16013265834189547,
442281346,True,mp3,16000,1,24001,3391.488,-1.049793,-25.333128,0.0,0.2164046197421309,
442281905,True,mp3,44100,1,64001,3514.005964,0.274745,-20.386261,6.452959157033942e-09,0.17249125676213567,
442281910,True,mp3,44100,1,64001,3909.003515,-3.185443,-28.494142,0.0,0.12902634189624154,
442282201,True,mp3,44100,1,64001,3774.028821,-0.347703,-28.157218,0.0,0.22086960792714094,
442282274,True,mp3,16000,1,24000,4116.492,1.205301,-23.212383,1.5182830429404454e-08,0.17552938448562513,
442282593,True,mp3,16000,1,24000,6172.704,-2.638282,-24.00057,0.0,0.1535365207857043,
442284170,True,mp3,16000,1,24000,3571.74,0.326902,-26.616868,1.7498474133055596e-08,0.17365460503844066,
442290567,True,mp3,16000,1,24000,3692.556,-0.103166,-25.740077,0.0,0.18279170498700628,
442291183,True,mp3,44100,1,64001,4134.02229,-0.784413,-27.486466,0.0,0.2032776659266634,
442293248,True,mp3,44100,1,64001,2518.009229,-0.431511,-25.012614,0.0,0.2139936485514764,
442309263,True,mp3,16000,1,24001,2361.348,2.481137,-22.2703,2.6467932723173375e-08,0.14045516162801927,
442309312,True,mp3,44100,1,64001,2711.994535,-0.562099,-20.955039,0.0,0.2386848150488622,
442309685,True,mp3,16000,1,24001,2301.984,-2.604359,-19.754719,0.0,0.09027216783435506,
442309805,True,mp3,44100,1,64001,3772.017392,-0.564016,-32.32971,0.0,0.274696449490814,
442311906,True,mp3,16000,1,24000,5265.432,1.147373,-22.274908,1.1869871266023376e-08,0.1778809877328204,
442352639,True,mp3,44100,1,64000,4690.012494,-0.369325,-26.095036,0.0,0.16815867313977353,
442353770,True,mp3,16000,1,24000,3754.008,-3.998377,-27.586826,0.0,0.2019723740599381,
442354994,True,mp3,16000,1,24001,3450.888,-0.827483,-23.882253,0.0,0.14482605114973307,
442355516,True,mp3,44100,1,64001,3713.999433,-1.69844,-23.536712,0.0,0.2103010996878631,
442355559,True,mp3,16000,1,24000,3633.156,-1.679611,-22.537536,0.0,0.17742617905754665,
442355648,True,mp3,44100,1,64001,3476.023923,-4.04017,-29.948357,0.0,0.19663656958093956,
442356642,True,mp3,11025,1,16000,3701.237551,-0.047813,-24.416337,2.4506113589169318e-08,0.1668817314449645,
442357293,True,mp3,44100,1,64001,3550.002698,-4.272849,-29.717485,0.0,0.1078228603081473,
442357729,True,mp3,16000,1,24000,3751.956,-0.170467,-18.341322,0.0,0.1499945718979647,
442357804,True,mp3,16000,1,24000,3874.824,-7.074348,-29.84124,0.0,0.17595308173997065,
442359691,True,mp3,16000,1,24000,3754.008,2.597664,-22.6701,1.664887235189696e-08,0.19886324616250153,
442362693,True,mp3,44100,1,64001,3937.032902,-0.443524,-23.528232,0.0,0.12303277317137341,
442365113,True,mp3,16000,1,24001,3029.004,0.252134,-31.001974,2.063384531681041e-08,0.33768466763332106,
442365214,True,mp3,16000,1,24001,2967.552,-2.345834,-22.85642,0.0,0.21438934414628624,
442372040,True,mp3,16000,1,24000,3936.276,-0.259706,-19.871887,0.0,0.1296672654559792,
442382024,True,mp3,16000,1,24001,2422.8,-1.265775,-25.935604,0.0,0.173109198035331,
442382333,True,mp3,44100,1,64001,3257.013311,-0.390028,-23.227682,0.0,0.21937557749207492,
442382381,True,mp3,44100,1,64001,3216.001066,-1.290083,-26.292692,0.0,0.14560204439932237,
442383612,True,mp3,44100,1,64001,3547.99127,-0.007807,-18.779893,6.3911479022511e-09,0.15628759875725398,
442383712,True,mp3,16000,1,24000,3813.408,2.501108,-19.848554,1.638953922580537e-08,0.16203241955751915,
442384253,True,mp3,44100,1,64001,4186.032086,-0.9971,-28.572602,0.0,0.1961716035924336,
442385006,True,mp3,44100,1,64001,3947.011678,-4.578968,-29.510958,0.0,0.3367523801382581,
442422860,True,mp3,16000,1,24001,2119.68,1.866201,-27.006204,2.9485582729468598e-08,0.21586520135114737,
442422984,True,mp3,16000,1,24001,2121.732,1.201999,-18.261542,2.9457066208173324e-08,0.1717016833417227,
442423347,True,mp3,44100,1,64001,2319.008413,-4.217539,-30.456133,0.0,0.25087507476843296,
442424958,True,mp3,44100,1,64001,3644.017392,-1.184078,-27.36159,0.0,0.19277107720236697,
442425250,True,mp3,44100,1,64001,3362.025556,-0.46965,-25.584717,0.0,0.17864946384125582,
442425254,True,mp3,16000,1,24000,3756.06,-6.138139,-28.112722,0.0,0.10700442218707902,
442425362,True,mp3,16000,1,24000,4358.16,-0.549757,-27.228463,0.0,0.2167870463681921,
442426079,True,mp3,44100,1,64001,3560.007596,-0.451335,-27.408326,0.0,0.16330808357072954,
442426734,True,mp3,16000,1,24001,3389.472,-0.298564,-21.099525,0.0,0.12983022193427177,
442426759,True,mp3,16000,1,24001,2727.936,-2.23564,-27.559795,0.0,0.17803514378636448,
442428414,True,mp3,16000,1,24000,3872.772,-0.34365,-26.477083,0.0,0.18179222944185716,
442428582,True,mp3,11025,1,16001,3362.011429,1.338328,-21.848801,2.697877439528696e-08,0.16997685643501123,
442428701,True,mp3,44100,1,64001,2882.025556,-0.319504,-21.886073,0.0,0.17973275876114403,
442428924,True,mp3,44100,1,64001,3150.01576,1.568237,-18.854002,7.198610639352163e-09,0.13317901431705853,
442429614,True,mp3,44100,1,64000,4718.01576,-2.112823,-29.54263,0.0,0.17762788757619577,
442429618,True,mp3,44100,1,64001,2295.994535,0.690313,-24.195718,9.876215563377013e-09,0.2083056565289255,
442429851,True,mp3,16000,1,24000,4175.892,0.34868,-24.212094,1.4966862169807074e-08,0.19226714915040907,
442433195,True,mp3,16000,1,24001,3389.472,-0.76495,-23.948802,0.0,0.1443433593786879,
442434693,True,mp3,44100,1,64001,3898.032086,-3.355094,-29.613344,0.0,0.15688776708545543,
442436357,True,mp3,44100,1,64001,2322.012494,-0.802768,-25.760818,0.0,0.15507994419947338,
442438190,True,mp3,44100,1,64001,3587.018209,-0.144927,-25.289515,0.0,0.12891287611526034,
442438255,True,mp3,44100,1,64001,3747.018209,-7.082902,-31.99547,0.0,0.16868745352819822,
442439317,True,mp3,44100,1,64000,4564.023923,-0.676895,-24.377718,0.0,0.14687302987653514,
442453227,True,mp3,44100,1,64002,1566.028821,0.415322,-19.846431,1.4479769886338585e-08,0.11062263074403532,
442454175,True,mp3,16000,1,24000,3692.556,-0.695179,-24.081436,0.0,0.18764488175670185,
442454180,True,mp3,44100,1,64001,3518.028821,-0.447444,-25.632192,0.0,0.19477512574931802,
442454997,True,mp3,16000,1,24001,3450.888,-8.902318,-29.714901,0.0,0.24054938844726345,
442455010,True,mp3,44100,1,64001,3660.030454,-0.292706,-23.143767,0.0,0.16500342895780726,
442455187,True,mp3,44100,1,64001,3915.0378,-0.590667,-23.297626,0.0,0.1655877687822069,
442455618,True,mp3,44100,1,64001,3721.992902,-1.113621,-23.399441,0.0,0.20021721363293454,
442493488,True,mp3,16000,1,24000,3813.408,-1.017241,-24.677308,0.0,0.19046625302091985,
442494446,True,mp3,16000,1,24001,3088.404,0.618799,-26.583296,2.0236989720256806e-08,0.21021812398895998,
442497368,True,mp3,44100,1,64001,3861.016576,-2.333974,-26.511852,0.0,0.17083815622551735,
442499140,True,mp3,16000,1,24001,3510.288,0.04405,-24.029131,1.7804806899035063e-08,0.12978296709557732,
442499460,True,mp3,44100,1,64001,3540.023923,0.292823,-20.572175,6.405532125008699e-09,0.14934520119060787,
442500245,True,mp3,44100,1,64001,3443.005147,-1.37432,-26.556144,0.0,0.18890070482953011,
442502254,True,mp3,16000,1,24001,2664.468,-0.743549,-24.271739,0.0,0.18471601723120715,
442567155,True,mp3,44100,1,64001,3401.175556,3.036706,-18.992199,6.6670292641649134e-09,0.21844076019226805,
442574566,True,mp3,16000,1,24000,3633.156,-2.321446,-23.812265,0.0,0.18160413535779912,
442608025,True,mp3,44100,1,64000,4344.020658,-3.710596,-27.779974,0.0,0.22725481661371968,
442608842,True,mp3,44100,1,64001,4112.993719,-1.047645,-25.149337,0.0,0.2054668104879739,
442651946,True,mp3,16000,1,24000,3934.224,1.597125,-22.794423,1.5886233219054128e-08,0.20492692256465317,
442654416,True,mp3,16000,1,24000,3756.06,-4.796642,-31.705352,0.0,0.2140777620698285,
442654439,True,mp3,16000,1,24001,3510.288,1.055621,-23.027271,1.7804806899035063e-08,0.17054348247209347,
442654600,True,mp3,44100,1,64001,3767.001882,-5.442759,-29.330305,0.0,0.18448343769635528,
442654623,True,mp3,16000,1,24000,3995.676,-5.395648,-35.38731,0.0,0.19980883460020282,
442654925,True,mp3,44100,1,64001,3908.010862,-0.515312,-26.56158,0.0,0.17337776503856606,
442655128,True,mp3,44100,1,64001,3865.013311,-0.653385,-21.225119,0.0,0.15377499148799179,
442656193,True,mp3,44100,1,64001,3525.003515,-0.468265,-25.79901,0.0,0.18289758840141188,
442656508,True,mp3,16000,1,24000,3872.772,-3.858601,-27.013128,0.0,0.21436884768842576,
442656682,True,mp3,44100,1,64001,3578.005964,-0.739864,-26.493192,0.0,0.1451482013236801,
442656752,True,mp3,44100,1,64001,3392.014127,-1.411723,-22.538293,0.0,0.13368957882291274,
442656851,True,mp3,44100,1,64001,3856.993719,-0.516151,-30.342747,0.0,0.3435498731752018,
442657197,True,mp3,44100,1,64000,4267.011678,0.546456,-22.437445,5.3141961336406606e-09,0.1072752402717938,
442657466,True,mp3,44100,1,64001,2544.027188,-1.236974,-20.530092,0.0,0.14470018313342017,
442657853,True,mp3,16000,1,24001,3086.352,0.146783,-22.690076,2.0250444537758493e-08,0.1717102132226007,
442658026,True,mp3,44100,1,64001,3290.005964,-1.049262,-22.770246,0.0,0.19060241679245782,
442658327,True,mp3,16000,1,24001,3448.836,0.700772,-25.109162,1.8122056253182234e-08,0.13939368615962025,
442658892,True,mp3,16000,1,24000,3811.356,-0.895938,-26.766788,0.0,0.161822761505354,
442659068,True,mp3,44100,1,64001,3511.028005,-4.835193,-30.061019,0.0,0.1868241267417632,
442659690,True,mp3,22050,1,32000,3540.741224,4.923665,-17.770373,1.280846891866192e-08,0.17086205478652627,
442659699,True,mp3,16000,1,24000,4235.292,0.54079,-24.243651,1.4756951822920356e-08,0.18480505476363845,
442663562,True,mp3,44100,1,64001,2738.012494,-0.724143,-26.991855,0.0,0.19708124750434391,
442664548,True,mp3,44100,1,64001,3492.010862,-1.211512,-26.492751,0.0,0.14599222944799647,
442664800,True,mp3,16000,1,24000,3872.772,-0.693218,-28.166076,0.0,0.19525172382985623,
442665204,True,mp3,16000,1,24000,3872.772,1.188703,-22.209369,1.613831126645204e-08,0.24522244531823717,
442665280,True,mp3,44100,1,64001,3735.994535,-1.045971,-22.675881,0.0,0.15431434617984527,
442665288,True,mp3,16000,1,24000,4057.092,0.721372,-18.855455,1.5405122683932234e-08,0.16404028870925283,
442665621,True,mp3,44100,1,64001,3994.998617,-1.315994,-22.502627,0.0,0.10049972365234489,
442666405,True,mp3,16000,1,24000,4841.496,1.468286,-27.226688,1.2909233013927926e-08,0.18577103585338084,
442668774,True,mp3,16000,1,24001,3029.004,0.515604,-18.861023,2.063384531681041e-08,0.16619496738862016,
442670214,True,mp3,44100,1,64000,4710.02229,-0.216092,-23.333162,0.0,0.16018332388826126,
442677423,True,mp3,44100,1,64001,3703.001882,0.70385,-23.87479,6.123609353575691e-09,0.10789333106798567,
442681663,True,mp3,44100,1,64000,5137.019841,-2.965014,-25.898823,0.0,0.1712151656452985,
442693967,True,mp3,16000,1,24001,3147.804,-1.188347,-31.041096,0.0,0.22304576460287867,
442696066,True,mp3,44100,1,64001,3642.005964,-1.362413,-26.527569,0.0,0.10724697237206392,
442701632,True,mp3,16000,1,24001,2787.336,-0.515149,-23.471478,0.0,0.13199638328497176,
442704217,True,mp3,44100,1,64001,3608.020658,-0.669817,-23.96333,0.0,0.18715987296323291,
442705806,True,mp3,44100,1,64001,4025.013311,-1.170528,-21.883874,0.0,0.16758750043298926,
442708634,True,mp3,16000,1,24000,3934.224,-0.080151,-25.271929,1.5886233219054128e-08,0.1727069566959075,
442915423,True,mp3,16000,1,24000,3874.824,-1.567879,-25.602615,0.0,0.14555244109151796,
442917062,True,mp3,44100,1,64001,3599.034535,-9.169469,-29.817626,0.0,0.18175090976169253,
442917449,True,mp3,44100,1,64001,3731.03127,-1.077426,-25.341151,0.0,0.39009856998598674,
442917978,True,mp3,16000,1,24000,4417.56,-1.263612,-19.725842,0.0,0.16455312525466545,
442918559,True,mp3,44100,1,64001,4137.026372,-5.147621,-29.522049,0.0,0.16190538366720372,
442918811,True,mp3,16000,1,24001,3211.272,1.545286,-18.916742,1.946269266508723e-08,0.10627849431627094,
442919233,True,mp3,44100,1,64001,3323.024739,-0.486086,-21.493337,0.0,0.13824152393708677,
442919557,True,mp3,44100,1,64001,3678.028821,-2.151007,-25.258381,0.0,0.14779647154918257,
442919591,True,mp3,16000,1,24000,3573.792,-5.129215,-28.337295,0.0,0.21499372347355414,
442919668,True,mp3,16000,1,24001,2060.316,-0.300729,-24.729007,0.0,0.17187203564890047,
442919687,True,mp3,16000,1,24000,3692.556,-0.944872,-31.956849,0.0,0.2946819736789367,
442919753,True,mp3,16000,1,24000,3692.556,0.783653,-24.176728,1.692594506352781e-08,0.2009692221323116,
442919761,True,mp3,44100,1,64001,3691.011678,0.066946,-19.892591,6.143501819997055e-09,0.1364156166183769,
442919806,True,mp3,16000,1,24000,3694.608,-4.797886,-27.975728,0.0,0.1492174980403875,
442920086,True,mp3,44100,1,64001,3706.005964,-0.239809,-22.966194,0.0,0.1361606734856296,
442921197,True,mp3,44100,1,64001,3169.00678,-1.004269,-27.816478,0.0,0.12925278910258436,
442921833,True,mp3,16000,1,24001,2119.68,-4.073923,-27.369409,0.0,0.22400475873716788,
442922200,True,mp3,16000,1,24000,4057.092,-0.040018,-24.132715,1.5405122683932234e-08,0.15960660468138263,
442922567,True,mp3,16000,1,24000,4177.944,4.689995,-24.47855,1.495951118540603e-08,0.13460446477980556,
442927650,True,mp3,16000,1,24001,2361.348,-0.268764,-23.297958,0.0,0.21000508396051748,
442928239,True,mp3,16000,1,24000,4298.76,-4.074587,-30.917371,0.0,0.1611082144618448,
442928262,True,mp3,16000,1,24000,4362.264,-0.323289,-23.679589,0.0,0.14923219502533547,
442928406,True,mp3,44100,1,64001,3858.012494,-0.972764,-22.48793,0.0,0.18567602492580212,
442929366,True,mp3,44100,1,64001,3322.998617,-1.241174,-26.541424,0.0,0.16746583496998188,
442930819,True,mp3,44100,1,64001,2849.00678,-1.301976,-22.766326,0.0,0.15995465163477077,
442931393,True,mp3,16000,1,24001,3270.672,0.703509,-20.757643,1.9109222814149508e-08,0.17183644278606963,
442931445,True,mp3,44100,1,64002,2050.730862,0.01638,-24.805617,1.1057392944726492e-08,0.21696062328046245,
442931690,True,mp3,16000,1,24001,3510.288,-1.464145,-28.949005,0.0,0.2406760607676635,
442932100,True,mp3,44100,1,64001,4076.030454,-0.533546,-23.270547,0.0,0.20393896056008218,
442933004,True,mp3,11025,1,16001,3639.222857,-3.99303,-28.507841,0.0,0.2242820668236971,
442933194,True,mp3,44100,1,64000,4814.01576,-4.799533,-27.181592,0.0,0.14454974177317606,
442935165,True,mp3,16000,1,24000,3813.408,0.025015,-25.586008,1.638953922580537e-08,0.1705516501250325,
442935453,True,mp3,16000,1,24000,3815.424,-2.029637,-25.852143,0.0,0.18586066135768922,
442938114,True,mp3,44100,1,64001,3938.275556,-0.302214,-23.398194,0.0,0.22585439498891174,
442956987,True,mp3,44100,1,64001,3348.023923,-2.269365,-27.755904,0.0,0.13971510053633507,
442961795,True,mp3,44100,1,64001,3295.021474,1.726981,-26.003127,6.8818176576113626e-09,0.15958899392593154,
442962768,True,mp3,16000,1,24000,3754.008,0.20472,-25.635339,1.664887235189696e-08,0.20418770977579165,
442963610,True,mp3,44100,1,64001,3514.998617,-0.761702,-23.447475,0.0,0.17363532863091308,
442966069,True,mp3,44100,1,64001,2584.020658,-0.501251,-25.718872,0.0,0.1913648954272408,
442967820,True,mp3,44100,1,64001,2956.004331,-1.216507,-22.011788,0.0,0.11009144965965206,
442970974,True,mp3,16000,1,24000,3635.208,-4.258548,-28.058147,0.0,0.16977059414481924,
442973020,True,mp3,11025,1,16000,4098.403265,-0.24666,-25.839857,0.0,0.14230166415798032,
442976392,True,mp3,44100,1,64001,3237.996168,-3.76707,-21.924181,0.0,0.09951800875633401,
442977512,True,mp3,44100,1,64001,3530.019025,-0.710289,-22.126669,0.0,0.09905623383998617,
442978823,True,mp3,16000,1,24000,3872.772,-6.248678,-27.452183,0.0,0.18739862429288376,
442978858,True,mp3,16000,1,24000,3692.556,-4.368272,-23.243939,0.0,0.12304781782591787,
442980128,True,mp3,16000,1,24000,4116.492,-19.546602,-38.420141,0.0,0.21169914164779136,
442982074,True,mp3,44100,1,64000,4614.988821,-0.456914,-21.991082,0.0,0.19227218730461146,
443164704,True,mp3,16000,1,24001,2060.316,-0.834456,-28.663314,0.0,0.19151620139823214,
443165346,True,mp3,11025,1,16001,2122.396735,0.325718,-27.52974,4.273609470045075e-08,0.17944907741294658,
443166939,True,mp3,44100,1,64001,3909.003515,-4.966541,-25.892989,0.0,0.1646956787144255,
443167147,True,mp3,44100,1,64001,3710.028821,-6.352297,-30.066394,0.0,0.21932249350577215,
443168064,True,mp3,16000,1,24001,2967.552,-2.411026,-25.960138,0.0,0.14867231846316425,
443168134,True,mp3,44100,1,64001,2959.008413,-6.091343,-31.75071,0.0,0.19339162115454248,
443168306,True,mp3,44100,1,64001,3266.025556,-0.970502,-26.41907,0.0,0.2170967035752123,
443168327,True,mp3,16000,1,24001,3209.22,0.319336,-24.001406,1.9475137260767412e-08,0.16548599628570182,
443168345,True,mp3,16000,1,24001,3209.22,-2.686138,-24.974689,0.0,0.12895720019194698,
443168462,True,mp3,44100,1,64001,3408.001066,-0.752093,-29.22029,0.0,0.2825279122139805,
443168764,True,mp3,44100,1,64001,3486.995351,-0.698996,-25.389761,0.0,0.19740827581046008,
443169231,True,mp3,16000,1,24000,3934.224,-2.465949,-29.507094,0.0,0.1912046533191806,
443169238,True,mp3,16000,1,24000,3995.676,-0.423831,-22.942901,0.0,0.21606232487318794,
443169283,True,mp3,44100,1,64001,3429.029637,-1.178645,-25.903621,0.0,0.15291442201087047,
443169695,True,mp3,16000,1,24000,4237.344,-6.004853,-29.138431,0.0,0.18895220260616083,
443170609,True,mp3,16000,1,24001,2725.92,1.768969,-18.093208,2.292803897399777e-08,0.12215305805012619,
443170994,True,mp3,16000,1,24000,4780.044,-2.617437,-33.004787,0.0,0.15798567983893036,
443171161,True,mp3,44100,1,64001,2748.017392,-2.365043,-28.28189,0.0,0.22105326216945573,
443171303,True,mp3,44100,1,64001,3113.992902,-1.213169,-23.48397,0.0,0.15659930460560825,
443172400,True,mp3,44100,1,64001,3397.996168,-1.180876,-26.466954,0.0,0.14654601900069006,
443172429,True,mp3,44100,1,64001,3312.027188,-1.35803,-21.328398,0.0,0.16234745624920277,
443172991,True,mp3,44100,1,64001,3790.01576,-0.317351,-19.07638,0.0,0.09599537126990733,
443173537,True,mp3,44100,1,64001,3725.023107,-2.513242,-25.293295,0.0,0.176070246857666,
443174603,True,mp3,44100,1,64000,4790.009229,-1.528568,-26.784545,0.0,0.21193227162360442,
443174763,True,mp3,11025,1,16001,2837.472653,-0.293557,-24.562102,0.0,0.17199432512028515,
443176510,True,mp3,44100,1,64001,2555.024739,-1.455677,-29.363467,0.0,0.20429468882727714,
443177771,True,mp3,44100,1,64001,3130.998617,-1.105969,-25.869178,0.0,0.17840665561686514,
443178307,True,mp3,16000,1,24000,3936.276,-0.055878,-27.11383,1.5877951647699502e-08,0.23373635436133036,
443178364,True,mp3,44100,1,64001,3816.007596,-0.141298,-22.04922,0.0,0.10580664263436651,
443178368,True,mp3,44100,1,64001,4004.010862,-0.060433,-23.948306,5.663255606641456e-09,0.11476460949720571,
443178524,True,mp3,16000,1,24000,3692.556,0.759676,-24.061897,1.692594506352781e-08,0.18616245819968608,
443178554,True,mp3,16000,1,24000,3813.408,0.87112,-19.96037,1.638953922580537e-08,0.11990943061954032,
443178750,True,mp3,16000,1,24000,4055.04,-0.389732,-25.775689,0.0,0.19340818561592488,
443178934,True,mp3,44100,1,64001,3906.992086,-0.491887,-22.9268,0.0,0.1741123639429865,
443180918,True,mp3,44100,1,64001,3393.032902,-0.159924,-24.511876,0.0,0.20046247668246162,
443181258,True,mp3,44100,1,64001,3513.013311,-0.688793,-27.622053,0.0,0.2048443097971512,
443182856,True,mp3,44100,1,64001,2792.007596,0.134262,-19.359532,8.121660195666224e-09,0.1343686519827076,
443184295,True,mp3,16000,1,24001,3512.34,-3.59546,-31.19867,0.0,0.21113414874414208,
443187814,True,mp3,16000,1,24001,3026.952,-0.318323,-22.847126,0.0,0.14975473545665738,
443188899,True,mp3,44100,1,64001,3671.994535,-6.15396,-23.429809,0.0,0.17304184549936974,
443192146,True,mp3,44100,1,64001,2839.028005,-0.71024,-24.479877,0.0,0.18584666479892648,
443192613,True,mp3,44100,1,64001,3266.025556,-1.293528,-22.774631,0.0,0.20885349189839592,
443193309,True,mp3,44100,1,64001,3237.003515,0.225642,-19.756391,7.005162910142218e-09,0.14809398592821732,
443196601,True,mp3,16000,1,24001,3209.22,-0.119576,-23.963727,0.0,0.18743724612211068,
443196718,True,mp3,44100,1,64001,3148.004331,-0.191886,-27.625563,0.0,0.2095246215212402,
443204242,True,mp3,16000,1,24001,3209.22,0.824352,-20.63207,1.9475137260767412e-08,0.11216976928973396,
443204291,True,mp3,44100,1,64001,2449.019841,-3.157439,-24.074133,0.0,0.15891440872977397,
443204561,True,mp3,16000,1,24000,3815.424,-1.047447,-25.778138,0.0,0.14598380258655394,
443204686,True,mp3,44100,1,64001,3722.019025,-1.221503,-29.259365,0.0,0.20922980236512895,
443204808,True,mp3,16000,1,24000,3694.608,-0.099539,-18.657528,1.69165443262181e-08,0.08618243586329051,
443204973,True,mp3,44100,1,64001,3897.013311,-0.680293,-26.069028,0.0,0.11900778493389139,
443205282,True,mp3,44100,1,64001,2803.9978,-0.70277,-22.456729,0.0,0.1811245155042561,
443205335,True,mp3,44100,1,64001,2720.014127,-0.119432,-22.358065,0.0,0.1754674353571841,
443205341,True,mp3,16000,1,24001,3149.856,-0.625273,-27.950388,0.0,0.19649397686751394,
443205645,True,mp3,16000,1,24001,3389.472,-13.027944,-33.679827,0.0,0.21574452894138083,
443205748,True,mp3,16000,1,24001,3512.34,-2.833845,-24.846544,0.0,0.10276911716975008,
443205754,True,mp3,16000,1,24000,3813.408,-5.391051,-24.945098,0.0,0.20327859384571492,
443206012,True,mp3,44100,1,64001,2795.011678,0.612626,-19.989517,8.112931026334857e-09,0.14731318986639313,
443206563,True,mp3,44100,1,64000,4394.019025,-0.973091,-25.594385,0.0,0.15260426028765317,
443248490,True,mp3,16000,1,24001,2361.348,-0.431028,-18.580366,0.0,0.16738271868441246,
443248516,True,mp3,16000,1,24001,2484.252,1.526435,-24.202381,2.5158478286421828e-08,0.18451852630087445,
443249242,True,mp3,44100,1,64001,3264.014127,-0.400658,-22.85118,0.0,0.14707010427102848,
443251812,True,mp3,44100,1,64001,3589.996168,-2.253659,-21.883529,0.0,0.158516665859572,
443252063,True,mp3,16000,1,24000,4055.04,0.258863,-21.160357,1.5412918244949495e-08,0.13917522391887627,
443252089,True,mp3,44100,1,64001,3629.023107,-5.613793,-28.698149,0.0,0.13541451638930002,
443252113,True,mp3,44100,1,64002,1512.79127,-2.082524,-21.978046,0.0,0.16190810381924006,
443252703,True,mp3,11025,1,16000,3831.849796,-1.587344,-24.615929,0.0,0.14964866540400268,
443253619,True,mp3,44100,1,64001,3230.002698,-6.791778,-30.007951,0.0,0.23172897485920307,
443254069,True,mp3,16000,1,24000,3692.556,-0.401375,-20.380233,0.0,0.18246245689977347,
443255038,True,mp3,16000,1,24004,729.108,-4.461568,-23.092885,0.0,0.1851194486962151,
443255366,True,mp3,16000,1,24000,5203.98,-2.292837,-28.624951,0.0,0.19455250346849914,
443256014,True,mp3,16000,1,24000,3571.74,-15.528971,-40.017196,0.0,0.42549352304479054,
443257858,True,mp3,16000,1,24000,3631.104,-0.803701,-29.637475,0.0,0.27553953150336646,
443258318,True,mp3,44100,1,64001,3868.017392,-1.206558,-26.562064,0.0,0.1656531636401701,
443258641,True,mp3,11025,1,16001,3624.333061,-1.013277,-28.566176,0.0,0.15984637290485484,
443261704,True,mp3,44100,1,64001,2707.005147,0.110775,-19.874045,8.376687788457003e-09,0.12644060850025418,
443261857,True,mp3,16000,1,24001,3209.22,-5.913898,-28.805237,0.0,0.19372525691601075,
443262201,True,mp3,44100,1,64001,3418.998617,-3.329077,-28.612245,0.0,0.2325587097480829,
443263046,True,mp3,44100,1,64001,3885.023107,-3.969242,-25.617459,0.0,0.20808778499756808,
443331808,True,mp3,44100,1,64001,3826.456576,-0.82194,-21.252758,0.0,0.22974240750929142,
443339356,True,mp3,16000,1,24001,3450.888,-5.923574,-26.161038,0.0,0.14722690217706283,
443339821,True,mp3,16000,1,24000,3692.556,-0.037088,-23.877701,1.692594506352781e-08,0.16091217682277534,
443340797,True,mp3,16000,1,24001,2609.424,-0.991003,-23.485754,0.0,0.18045549975780095,
443341546,True,mp3,44100,1,64001,3610.998617,-1.223496,-28.346274,0.0,0.13853819207929094,
443341767,True,mp3,16000,1,24000,3813.408,1.403467,-19.101226,1.638953922580537e-08,0.1494934730298987,
443348764,True,mp3,16000,1,24001,2301.984,-0.176027,-26.748944,0.0,0.18022039075858043,
443349930,True,mp3,44100,1,64001,3428.010862,-0.45733,-25.823234,0.0,0.18939207550270593,
443373502,True,mp3,16000,1,24000,3694.608,-3.90082,-26.745238,0.0,0.10096714617626551,
443375444,True,mp3,16000,1,24001,2723.868,-11.283841,-31.207775,0.0,0.14713895240151137,
443377096,True,mp3,44100,1,64001,3102.002698,-1.452326,-28.062456,0.0,0.14997707232812987,
443379434,True,mp3,16000,1,24000,3692.556,-4.382555,-31.38143,0.0,0.2548032316910021,
443379541,True,mp3,44100,1,64001,3841.032902,-0.213356,-22.755507,0.0,0.18906088141600616,
443380032,True,mp3,44100,1,64001,3912.007596,-1.096401,-24.012323,0.0,0.14118652800284592,
443563511,True,mp3,44100,1,64001,2964.023923,-0.823907,-25.10248,0.0,0.0956714157397845,
443565330,True,mp3,16000,1,24001,3450.888,-0.628917,-23.894066,0.0,0.16535098589116773,
443565543,True,mp3,16000,1,24000,3631.104,0.25024,-24.156934,1.721239600958827e-08,0.14191908824423646,
443565803,True,mp3,16000,1,24000,3813.408,-5.928785,-27.671865,0.0,0.16106643663620573,
443567324,True,mp3,16000,1,24001,3209.22,-1.383305,-22.53291,0.0,0.13285968615426802,
443567349,True,mp3,44100,1,64001,3630.01576,-9.184796,-28.092713,0.0,0.14703528614983205,
443567605,True,mp3,44100,1,64001,3656.007596,-1.928229,-25.526849,0.0,0.12282000740131942,
443568049,True,mp3,44100,1,64001,4049.019841,-1.357974,-30.584165,0.0,0.25021499567406047,
443568115,True,mp3,44100,1,64001,3708.017392,-0.586151,-22.637495,0.0,0.13466064050219537,
443570633,True,mp3,44100,1,64001,3192.020658,-0.152135,-26.00771,0.0,0.22407087535835116,
443570653,True,mp3,16000,1,24001,3450.888,-0.23045,-25.401369,0.0,0.16233822250968447,
443570892,True,mp3,44100,1,64001,3381.016576,-1.508734,-27.172801,0.0,0.15459337606039586,
443571196,True,mp3,44100,1,64001,3364.010862,0.00899,-21.224854,6.740684823514615e-09,0.1174169321097751,
443572314,True,mp3,44100,1,64001,3873.032902,-1.722657,-27.05776,0.0,0.2039655381166705,
443575148,True,mp3,16000,1,24000,4659.228,-0.822007,-25.360712,0.0,0.14920544412078568,
443575901,True,mp3,16000,1,24000,4720.644,-3.016021,-30.557322,0.0,0.22693218721852354,
443576095,True,mp3,16000,1,24001,3209.22,2.745009,-24.161138,1.9475137260767412e-08,0.16683189965162876,
443581475,True,mp3,16000,1,24000,3751.956,-1.301315,-28.810011,0.0,0.17332626768544193,
443582070,True,mp3,44100,1,64001,3730.012494,0.307414,-18.099878,6.079265685011566e-09,0.0969730952863666,
443582468,True,mp3,16000,1,24001,2543.616,0.627734,-24.670136,2.4571318941223832e-08,0.12256909848027374,
443583952,True,mp3,16000,1,24001,3268.62,4.033808,-19.352985,1.9121219352509622e-08,0.12219194675428775,
443585204,True,mp3,11025,1,16001,3646.641633,-0.410477,-18.153104,0.0,0.14212750227765525,
443585291,True,mp3,44100,1,64001,3639.994535,-0.280215,-22.559633,0.0,0.1418905388548887,
443588847,True,mp3,44100,1,64001,3716.010862,-3.467989,-29.172678,0.0,0.1374959611191793,
443589372,True,mp3,44100,1,64001,3336.007596,-0.890337,-23.92888,0.0,0.21199260992330188,
443589720,True,mp3,44100,1,64001,3917.467188,-0.264513,-20.29308,0.0,0.13259583094688066,
443589985,True,mp3,16000,1,24000,4538.376,0.997673,-19.737257,1.3771445997422867e-08,0.1693969653461943,
443607413,True,mp3,44100,1,64002,1975.001882,-0.693947,-20.904237,0.0,0.1728162565872431,
443608101,True,mp3,44100,1,64001,3080.007596,-0.262568,-24.565148,0.0,0.15564428562532676,
443608480,True,mp3,44100,1,64002,1658.005964,-3.411558,-28.02483,0.0,0.19979358650847412,
443608555,True,mp3,44100,1,64001,3280.001066,-1.254439,-20.283195,0.0,0.11556543134367384,
443609475,True,mp3,44100,1,64001,4037.996168,-9.781402,-27.908346,0.0,0.13328365248711152,
443609807,True,mp3,44100,1,64001,3477.016576,-3.738485,-28.899879,0.0,0.23551459997411298,
443610071,True,mp3,44100,1,64001,3467.0378,-0.896042,-22.780123,0.0,0.15145530025660522,
443610072,True,mp3,44100,1,64001,3680.014127,-4.66146,-28.817365,0.0,0.18832302814146235,
443658897,True,mp3,44100,1,64001,2557.010045,-5.427403,-29.480499,0.0,0.22582880428222954,
443659318,True,mp3,44100,1,64001,3236.010862,-0.478859,-19.972347,0.0,0.12946413620536235,
443659820,True,mp3,16000,1,24001,3510.288,-3.055514,-26.677645,0.0,0.18693196769040032,
443660215,True,mp3,44100,1,64001,3203.018209,-0.872676,-21.815558,0.0,0.18961182121709255,
443661183,True,mp3,16000,1,24001,2484.252,0.316574,-20.344316,2.5158478286421828e-08,0.13228001547347049,
443661385,True,mp3,44100,1,64001,4150.035351,0.110404,-19.156304,5.463986458187098e-09,0.14174855784258594,
443662535,True,mp3,44100,1,64001,3521.999433,-3.436641,-29.184539,0.0,0.20124555681607914,
443662733,True,mp3,16000,1,24000,3813.408,-0.11703,-25.358858,0.0,0.1888338229216491,
443662800,True,mp3,44100,1,64001,3518.028821,-6.234136,-29.911165,0.0,0.2021837026331741,
443663023,True,mp3,16000,1,24000,3692.556,-3.358556,-26.540538,0.0,0.157750510215688,
443663031,True,mp3,44100,1,64001,3745.00678,-1.77458,-26.064729,0.0,0.14281317909923782,
443663125,True,mp3,44100,1,64001,3656.007596,-0.982071,-23.293444,0.0,0.1495172216266916,
443663130,True,mp3,44100,1,64001,3625.992902,-0.751331,-24.234348,0.0,0.1691043952848863,
443664136,True,mp3,16000,1,24000,3781.332,0.226646,-24.810473,1.6528567182146398e-08,0.12362534154631226,
443664256,True,mp3,16000,1,24001,2967.552,1.112976,-24.648394,2.1061130521049e-08,0.19921836281217647,
443664840,True,mp3,16000,1,24001,3270.672,-0.688044,-21.185985,0.0,0.16899900784915148,
443665092,True,mp3,16000,1,24001,3454.992,-0.142194,-21.321245,0.0,0.1564772158662017,
443665334,True,mp3,16000,1,24000,3694.608,-0.86008,-26.162866,0.0,0.20311114332021152,
443666477,True,mp3,44100,1,64000,4745.026372,-0.75663,-26.902508,0.0,0.1996607946355161,
443669985,True,mp3,16000,1,24001,3149.856,-0.599647,-26.653889,0.0,0.21513226858624648,
443674343,True,mp3,16000,1,24001,3147.804,0.097772,-27.44364,1.9855111690562692e-08,0.15459157241048044,
443674764,True,mp3,16000,1,24001,3452.94,1.161597,-24.282028,1.810051724038066e-08,0.2437134360863496,
443675014,True,mp3,44100,1,64001,3703.001882,-0.858807,-25.219516,0.0,0.25328819533124936,
443678172,True,mp3,16000,1,24001,3029.004,1.439501,-21.499971,2.063384531681041e-08,0.2201859627785239,
443693707,True,mp3,44100,1,64001,2556.017392,-3.682649,-25.572749,0.0,0.14824190797211914,
443694044,True,mp3,44100,1,64001,3519.021474,-1.422863,-27.44074,0.0,0.2083604420766885,
443694299,True,mp3,44100,1,64001,3890.012494,-4.794654,-24.371717,0.0,0.13286614472246472,
443694542,True,mp3,44100,1,64001,2881.999433,-1.158736,-25.133509,0.0,0.169612653424835,
443694587,True,mp3,44100,1,64001,3052.004331,0.622304,-23.214895,7.42978531538744e-09,0.13168437636794428,
443694601,True,mp3,16000,1,24001,3450.888,-1.767608,-26.962428,0.0,0.20621793347103703,
443694926,True,mp3,44100,1,64001,2969.013311,-1.615917,-27.329327,0.0,0.13496830597402462,
443695078,True,mp3,11025,1,16001,3032.973061,-0.212879,-27.306853,0.0,0.19993666966499968,
443695087,True,mp3,44100,1,64001,3856.001066,-0.718184,-25.880255,0.0,0.12949075595509704,
443695284,True,mp3,44100,1,64001,4190.002698,-3.793791,-33.506005,0.0,0.19658077461218856,
443695299,True,mp3,44100,1,64001,2935.994535,-1.397158,-25.229115,0.0,0.18490624744981007,
443695558,True,mp3,44100,1,64001,2940.017392,-1.397473,-26.427497,0.0,0.189713217859767,
443696205,True,mp3,16000,1,24000,4179.996,-0.732353,-25.055461,0.0,0.1375937747308849,
443747192,True,mp3,44100,1,64001,3281.019841,-0.801668,-23.414828,0.0,0.1774295829380204,
443747222,True,mp3,16000,1,24001,3270.672,1.208933,-26.097338,1.9109222814149508e-08,0.19054948096293362,
443747234,True,mp3,44100,1,64001,2771.03127,-1.147782,-22.832962,0.0,0.1482077132965735,
443747503,True,mp3,44100,1,64001,3393.999433,-3.281041,-25.733851,0.0,0.169844263494902,
443747614,True,mp3,16000,1,24000,3754.008,-5.491935,-30.207317,0.0,0.19579799430368824,
443747757,True,mp3,16000,1,24000,3813.408,0.724862,-23.432205,1.638953922580537e-08,0.1868213870637498,
443748309,True,mp3,44100,1,64001,3588.010862,-0.050393,-27.163324,6.319862964641776e-09,0.15707727280564737,
443748425,True,mp3,44100,1,64001,3665.019841,1.296193,-15.122317,6.187070723632058e-09,0.09722354597206669,
443748429,True,mp3,44100,1,64001,3619.018209,-1.140284,-24.970714,0.0,0.17132906003568552,
443749656,True,mp3,44100,1,64001,3487.021474,-3.356542,-28.665949,0.0,0.19377067535661524,
443749658,True,mp3,44100,1,64001,3698.012494,-0.37471,-25.70671,0.0,0.19051168895266582,
443751018,True,mp3,44100,1,64003,1399.001882,-0.645371,-23.318025,0.0,0.19040307981515636,
443752152,True,mp3,44100,1,64001,3489.00678,-1.241882,-26.652497,0.0,0.18281491588273727,
443752448,True,mp3,16000,1,24000,3813.408,-0.591159,-26.789732,0.0,0.16931311283765074,
443752575,True,mp3,16000,1,24000,3694.608,0.7413,-22.487022,1.69165443262181e-08,0.194895827108045,
443752596,True,mp3,16000,1,24001,3272.724,1.615193,-22.443647,1.909724131946354e-08,0.15273611645833868,
443752735,True,mp3,44100,1,64001,3302.02229,-0.625538,-24.315241,0.0,0.21678289670176637,
443752741,True,mp3,44100,1,64001,3684.010862,-0.224762,-23.282472,0.0,0.10692311525546201,
443753354,True,mp3,16000,1,24000,3633.156,-1.60721,-27.378468,0.0,0.22706602551610774,
443754120,True,mp3,16000,1,24001,1937.412,-0.603643,-27.891864,0.0,0.22324957623881755,
443755839,True,mp3,44100,1,64001,3353.013311,-0.949129,-20.415987,0.0,0.13221765375807062,
443756807,True,mp3,11025,1,16001,3490.324898,-1.182957,-24.260583,0.0,0.17423139787028505,
443757425,True,mp3,16000,1,24001,1818.648,-3.262274,-25.908976,0.0,0.21239243767897914,
443757629,True,mp3,44100,1,64001,3675.024739,-3.003549,-23.403104,0.0,0.15094612292350068,
443760700,True,mp3,44100,1,64001,2985.026372,-0.897971,-25.38104,0.0,0.15041075389199277,
443760865,True,mp3,44100,1,64001,3595.011678,-4.687898,-30.61191,0.0,0.19711316887688843,
443761646,True,mp3,16000,1,24000,3995.676,-0.446415,-25.928039,0.0,0.175476406245151,
443761839,True,mp3,44100,1,64001,3719.014943,0.114996,-23.523075,6.097242766458304e-09,0.15768024113583132,
443763342,True,mp3,44100,1,64002,1517.80678,-1.664905,-28.615104,0.0,0.2447052166943147,
443765658,True,mp3,44100,1,64001,3726.01576,-0.18692,-21.955929,0.0,0.15903118160724045,
443777172,True,mp3,44100,1,64002,1511.014943,-1.909924,-24.166429,0.0,0.18263695622499215,
443778022,True,mp3,16000,1,24001,2666.52,-2.182194,-24.280269,0.0,0.19420097055338045,
443778028,True,mp3,16000,1,24001,2787.336,-0.415317,-23.345988,0.0,0.20181392447842675,
443778035,True,mp3,44100,1,64001,2720.014127,-1.379845,-28.084433,0.0,0.181174531818893,
443778349,True,mp3,16000,1,24001,3029.004,0.903693,-27.012245,2.063384531681041e-08,0.2319115537648679,
443778870,True,mp3,44100,1,64001,3482.998617,0.453535,-20.859114,6.510406536541913e-09,0.16060562162433956,
443779430,True,mp3,44100,1,64001,2207.021474,-7.294327,-32.892168,0.0,0.2387954404652068,
443779476,True,mp3,44100,1,64001,2802.012494,-0.041434,-24.322666,8.092660902593408e-09,0.12125951819542458,
443780200,True,mp3,44100,1,64001,4069.003515,-0.410872,-23.734511,0.0,0.1419270575390496,
443780209,True,mp3,44100,1,64001,3589.029637,-0.993593,-24.258553,0.0,0.14065643587774027,
443780316,True,mp3,16000,1,24000,3756.06,1.004898,-20.885322,1.6639776787378263e-08,0.11695740243766074,
443780465,True,mp3,44100,1,64000,4256.014127,-0.605971,-27.645869,0.0,0.23804122372923692,
443780478,True,mp3,16000,1,24000,3874.824,-1.262377,-24.679468,0.0,0.1977383829562323,
443780738,True,mp3,44100,1,64001,3631.008413,-0.321428,-19.524717,0.0,0.12139973221262818,
443795914,True,mp3,44100,1,64001,3530.515351,-0.358142,-22.496766,0.0,0.16818046289809205,
443824240,True,mp3,44100,1,64003,1256.843515,-10.721173,-35.136729,0.0,0.4358270416822734,
443824402,True,mp3,16000,1,24000,4055.04,-2.030189,-30.245877,0.0,0.21505815873579545,
443826902,True,mp3,16000,1,24000,4057.092,-6.03497,-31.462476,0.0,0.30042146197325575,
443828203,True,mp3,16000,1,24001,2060.316,-7.01097,-32.451063,0.0,0.2349544817396943,
443828583,True,mp3,16000,1,24001,2183.184,-0.456012,-26.178943,0.0,0.20193194252064872,
443829112,True,mp3,16000,1,24001,2543.616,-0.640121,-26.884974,0.0,0.19880347741168478,
443830006,True,mp3,16000,1,24000,3694.608,-3.660937,-25.834906,0.0,0.14629756336802172,
443830016,True,mp3,16000,1,24000,3754.008,0.16406,-25.428046,1.664887235189696e-08,0.1590044016954679,
443833806,True,mp3,16000,1,24000,3876.876,-1.121716,-25.358581,0.0,0.13070178127956633,
443833979,True,mp3,16000,1,24000,3874.824,-0.637905,-25.735181,0.0,0.16588123615420983,
443908527,True,mp3,44100,1,64001,4134.02229,-0.840268,-25.73959,0.0,0.17733631571686567,
443909205,True,mp3,16000,1,24001,3209.22,-0.894652,-24.681427,0.0,0.17687524912595584,
443933579,True,mp3,16000,1,24001,2721.816,4.995711,-11.837671,2.296261025726941e-08,0.07995783734095177,
443997424,True,mp3,16000,1,24001,3510.288,-0.464339,-22.220749,0.0,0.14080152540190433,
444042735,True,mp3,16000,1,24001,2605.068,-9.300777,-32.2648,0.0,0.2770563113899522,
444052742,True,mp3,16000,1,24000,3751.956,-0.644482,-22.843612,0.0,0.21758966443103275,
444066143,True,mp3,16000,1,24001,3209.22,-0.506909,-27.472236,0.0,0.20589935934588469,
444085051,True,mp3,16000,1,24001,3450.888,-0.958941,-26.142465,0.0,0.18530867243445745,
444132883,True,mp3,16000,1,24001,2541.6,0.317016,-22.180827,2.4590808939250867e-08,0.1500250180988354,
444162394,True,mp3,16000,1,24000,3692.556,1.245405,-24.431442,1.692594506352781e-08,0.14155527715761115,
444344086,True,mp3,16000,1,24001,1821.96,-0.68874,-23.621709,0.0,0.26858034808667586,
444353350,True,mp3,16000,1,24000,4116.492,-3.333887,-32.948878,0.0,0.23939290905946128,
444359927,True,mp3,44100,1,64001,3717.029637,-1.495201,-27.920709,0.0,0.20775353882388212,
444549390,True,mp3,11025,1,16000,3908.336327,-6.968649,-34.001396,0.0,0.20422322497835535,
444560632,True,mp3,16000,1,24000,3813.408,-3.1452,-28.221281,0.0,0.1717193596908592,
444571762,True,mp3,44100,1,64001,3955.9978,-0.994375,-25.231652,0.0,0.21284167574612908,
444589194,True,mp3,44100,1,64001,3674.998617,-2.002323,-22.099446,0.0,0.15376865487402713,
444641780,True,mp3,44100,1,64001,3756.004331,1.015093,-22.56085,6.0371967023310235e-09,0.1546683392256184,
444642745,True,mp3,16000,1,24000,3934.224,-1.444292,-24.005783,0.0,0.1970057637795916,
444783240,True,mp3,16000,1,24000,3811.356,-2.563066,-26.13362,0.0,0.12652015371956857,
444790959,True,mp3,16000,1,24001,2543.616,0.716001,-22.323167,2.4571318941223832e-08,0.18624136937336452,
444811967,True,mp3,44100,1,64001,3596.004331,-0.796318,-27.125658,0.0,0.2119997852694466,
444812736,True,mp3,16000,1,24000,3872.772,-3.688589,-27.457242,0.0,0.14449374814732188,
444814277,True,mp3,44100,1,64001,2784.014127,-0.872515,-28.091052,0.0,0.17622515857298307,
444957849,True,mp3,44100,1,64001,3586.992086,-1.175448,-23.911219,0.0,0.16511782875452932,
444986490,True,mp3,44100,1,64001,2306.678617,-1.058993,-24.066653,0.0,0.05703691144070634,
445001211,True,mp3,11025,1,16001,3638.177959,-1.044179,-27.6862,0.0,0.1327944642743079,
445003232,True,mp3,44100,1,64001,2204.017392,-1.487705,-28.247641,0.0,0.20749240439750574,
445009082,True,mp3,44100,1,64001,2526.995351,-1.154556,-23.041011,0.0,0.16985979132495838,
445030291,True,mp3,44100,1,64001,3486.028821,-0.159797,-22.906807,0.0,0.12808036850134807,
445030409,True,mp3,44100,1,64001,3322.998617,-6.756911,-24.433094,0.0,0.19150464665992367,
445031038,True,mp3,44100,1,64001,3556.010862,-0.479392,-23.768117,0.0,0.13570643980783206,
445031126,True,mp3,11025,1,16000,3701.76,-1.343744,-28.486787,0.0,0.21741977329702628,
445032164,True,mp3,11025,1,16000,3995.533061,0.044977,-24.778284,2.2701088054069995e-08,0.19184278850846428,
445080142,True,mp3,44100,1,64001,3952.027188,-0.800609,-23.589685,0.0,0.15891915063414286,
445339910,True,mp3,16000,1,24000,3813.408,-3.349385,-25.199154,0.0,0.16448244641014023,
445381353,True,mp3,44100,1,64001,3561.000249,-2.783161,-24.161261,0.0,0.17302989579206848,
445412819,True,mp3,44100,1,64001,4179.005147,-6.918077,-33.818405,0.0,0.2036053381295345,
445456099,True,mp3,16000,1,24000,4055.04,-0.117868,-26.748974,0.0,0.19627332356770832,
445456907,True,mp3,44100,1,64001,3888.001066,-9.17836,-30.054286,0.0,0.1855842070903383,
445459647,True,mp3,44100,1,64001,3728.001066,-0.711753,-28.029639,0.0,0.10983701768072403,
445459835,True,mp3,44100,1,64001,3746.025556,-0.520802,-26.042467,0.0,0.18193266885443532,
445479225,True,mp3,16000,1,24000,3872.772,-15.201513,-35.832804,0.0,0.2717184858803978,
445480106,True,mp3,16000,1,24000,3751.956,-4.517192,-29.820558,0.0,0.1813105292279547,
445480196,True,mp3,44100,1,64001,3856.027188,-0.105645,-23.533566,0.0,0.1399720421265868,
445662695,True,mp3,16000,1,24000,3631.104,0.882264,-22.681049,1.721239600958827e-08,0.15372049189447617,
445671889,True,mp3,44100,1,64001,3374.01576,-0.438802,-26.581457,0.0,0.15016309882322543,
445770166,True,mp3,44100,1,64001,2803.9978,-0.404028,-25.487354,0.0,0.166190951005739,
445771253,True,mp3,16000,1,24000,3754.008,1.367788,-27.179426,1.664887235189696e-08,0.1486562117075936,
445771371,True,mp3,44100,1,64001,3768.020658,-0.219485,-20.375395,0.0,0.13342445401210962,
445813752,True,mp3,16000,1,24000,3692.556,-2.594952,-26.801389,0.0,0.2197634708857496,
445840835,True,mp3,44100,1,64001,3330.025556,-5.052827,-30.069549,0.0,0.17611403370262904,
445841507,True,mp3,44100,1,64001,3294.995351,0.007796,-29.009637,6.881872216089136e-09,0.26970800936951006,
445841743,True,mp3,44100,1,64001,3722.019025,-0.995195,-23.429433,0.0,0.13021910977470083,
446266716,True,mp3,44100,1,64001,3280.001066,-3.344399,-25.471198,0.0,0.16620452921523532,
446267951,True,mp3,44100,1,64001,2356.990454,-1.571709,-23.083654,0.0,0.11991088658011169,
446277434,True,mp3,44100,1,64001,3905.00678,-3.288481,-30.537547,0.0,0.19792293446414963,
446315338,True,mp3,16000,1,24001,2426.904,0.134984,-22.635759,2.575297580786055e-08,0.1997787032367164,
446501468,True,mp3,44100,1,64001,3506.012494,-4.22959,-22.773737,0.0,0.13146119039471968,
446506015,True,mp3,44100,1,64000,4563.005147,0.059546,-24.003627,4.969474333030326e-09,0.1982403814720045,
446506136,True,mp3,44100,1,64001,3655.014943,-0.803907,-22.30797,0.0,0.1459224072452718,
446509822,True,mp3,44100,1,64001,3393.00678,0.327877,-20.826212,6.683080356576287e-09,0.08703287471768624,
446542479,True,mp3,16000,1,24000,3813.408,-5.214354,-28.23675,0.0,0.2688070400544605,
446549708,True,mp3,44100,1,64001,3878.02229,-0.875975,-25.370809,0.0,0.18128508255686174,
446678917,True,mp3,16000,1,24001,2484.252,-3.179193,-21.695356,0.0,0.1394275383495716,
446679551,True,mp3,44100,1,64001,3762.012494,0.998894,-27.123162,6.027554931202664e-09,0.12523583500889884,
446680574,True,mp3,16000,1,24001,3086.352,3.970713,-11.806462,2.0250444537758493e-08,0.12083967804061235,
446681167,True,mp3,44100,1,64001,3759.008413,-3.764056,-29.475761,0.0,0.14440664115640542,
