call_id,ticker,call_date,tier,anchor_et,session_rule,source_ref
436857631,FCX,2025-07-23,edgar_8k,2025-07-23T08:09,before_open,0000831259-25-000028
437094698,KDP,2025-07-24,edgar_8k,2025-07-24T07:01,before_open,0001418135-25-000102
437328595,EA,2025-07-29,edgar_8k,2025-07-29T16:07,after_close,0000712515-25-000027
437438945,AWK,2025-07-31,edgar_8k,2025-07-30T16:33,before_open,0001410636-25-000151
437763254,KVUE,2025-08-07,edgar_8k,2025-08-07T06:47,before_open,0001944048-25-000174
441514131,STZ,2025-10-07,edgar_8k,2025-10-06T16:08,before_open,0000016918-25-000140
441515294,MKC,2025-10-07,edgar_8k,2025-10-07T07:28,before_open,0000063754-25-000063
441660275,PEP,2025-10-09,edgar_8k,2025-10-08T19:16,before_open,0000077476-25-000055
441674347,DAL,2025-10-09,edgar_8k,2025-10-09T06:30,before_open,0000027904-25-000018
441832346,FAST,2025-10-13,edgar_8k,2025-10-14T09:20,after_call_date,0000815556-25-000116
441902014,BLK,2025-10-14,edgar_8k,2025-10-14T06:38,before_open,0001193125-25-237960
441905261,DPZ,2025-10-14,edgar_8k,2025-10-14T06:05,before_open,0001193125-25-237850
441905781,JPM,2025-10-14,edgar_8k,2025-10-14T06:30,before_open,0001628280-25-044845
441906992,JNJ,2025-10-14,edgar_8k,2025-10-14T07:22,before_open,0000200406-25-000201
441909927,GS,2025-10-14,edgar_8k,2025-10-14T07:37,before_open,0001193125-25-238058
441913997,WFC,2025-10-14,edgar_8k,2025-10-14T06:28,before_open,0000072971-25-000239
441917254,C,2025-10-14,edgar_8k,2025-10-14T10:08,intraday,0001104659-25-099097
441978375,SYF,2025-10-15,edgar_8k,2025-10-15T06:00,before_open,0001601712-25-000256
441980949,BAC,2025-10-15,edgar_8k,2025-10-15T06:50,before_open,0000070858-25-000390
441982971,ABT,2025-10-15,edgar_8k,2025-10-15T07:33,before_open,0001628280-25-045049
441983377,CFG,2025-10-15,edgar_8k,2025-10-15T06:32,before_open,0000759944-25-000139
441986358,MS,2025-10-15,edgar_8k,2025-10-15T07:48,before_open,0000895421-25-000535
441992336,PNC,2025-10-15,edgar_8k,2025-10-15T06:39,before_open,0000713676-25-000126
441995462,PLD,2025-10-15,edgar_8k,2025-10-15T08:05,before_open,0001193125-25-239551
442011537,JBHT,2025-10-15,edgar_8k,2025-10-15T16:21,after_close,0001437749-25-031039
442050823,SCHW,2025-10-16,edgar_8k,2025-10-16T16:25,after_close,0000316709-25-000046
442053366,USB,2025-10-16,edgar_8k,2025-10-16T06:49,before_open,0000036104-25-000060
442053828,TRV,2025-10-16,edgar_8k,2025-10-16T06:58,before_open,0000086312-25-000068
442059893,SNA,2025-10-16,edgar_8k,2025-10-16T06:32,before_open,0000091440-25-000078
442060260,KEY,2025-10-16,edgar_8k,2025-10-16T06:30,before_open,0000091576-25-000118
442062256,UAL,2025-10-16,edgar_8k,2025-10-15T16:00,before_open,0000100517-25-000190
442063108,MTB,2025-10-16,edgar_8k,2025-10-16T06:02,before_open,0000036270-25-000018
442080290,IBKR,2025-10-16,edgar_8k,2025-10-16T16:01,after_close,0001381197-25-000143
442081004,CSX,2025-10-16,edgar_8k,2025-10-16T16:01,after_close,0000277948-25-000053
442123638,TFC,2025-10-17,edgar_8k,2025-10-17T06:30,before_open,0000092230-25-000150
442124818,AXP,2025-10-17,edgar_8k,2025-10-17T07:00,before_open,0000004962-25-000218
442126415,HBAN,2025-10-17,edgar_8k,2025-10-17T07:02,before_open,0000049196-25-000075
442128152,FITB,2025-10-17,edgar_8k,2025-10-17T06:30,before_open,0000035527-25-000200
442129163,SLB,2025-10-17,edgar_8k,2025-10-17T07:03,before_open,0001193125-25-241946
442131088,RF,2025-10-17,edgar_8k,2025-10-17T06:02,before_open,0001281761-25-000074
442134323,STT,2025-10-17,edgar_8k,2025-10-17T07:30,before_open,0000093751-25-000560
442226489,WRB,2025-10-20,edgar_8k,2025-10-20T16:15,after_close,0000011544-25-000030
442277393,NDAQ,2025-10-21,edgar_8k,2025-10-21T07:18,before_open,0001193125-25-244271
442277397,DHR,2025-10-21,edgar_8k,2025-10-20T17:39,before_open,0000313616-25-000180
442279182,RTX,2025-10-21,edgar_8k,2025-10-21T06:56,before_open,0000101829-25-000040
442279184,DGX,2025-10-21,edgar_8k,2025-10-21T06:50,before_open,0001022079-25-000219
442279576,GPC,2025-10-21,edgar_8k,2025-10-21T07:41,before_open,0000040987-25-000194
442279776,ELV,2025-10-21,edgar_8k,2025-10-21T06:01,before_open,0001193125-25-244191
442279894,GM,2025-10-21,edgar_8k,2025-10-21T07:38,before_open,0001467858-25-000141
442279895,KO,2025-10-21,edgar_8k,2025-10-21T06:59,before_open,0001628280-25-045577
442279925,PHM,2025-10-21,edgar_8k,2025-10-21T07:27,before_open,0000822416-25-000059
442281905,HAL,2025-10-21,edgar_8k,2025-10-21T06:53,before_open,0000045012-25-000068
442281910,MMM,2025-10-21,edgar_8k,2025-10-21T06:33,before_open,0000066740-25-000086
442282201,PNR,2025-10-21,edgar_8k,2025-10-21T06:52,before_open,0000077360-25-000044
442282274,PM,2025-10-21,edgar_8k,2025-10-21T07:03,before_open,0001628280-25-045579
442282593,EFX,2025-10-21,edgar_8k,2025-10-21T06:32,before_open,0000033185-25-000061
442284170,NOC,2025-10-21,edgar_8k,2025-10-21T06:29,before_open,0001133421-25-000052
442290567,LMT,2025-10-21,edgar_8k,2025-10-21T07:34,before_open,0001628280-25-045582
442291183,STLD,2025-10-21,edgar_8k,2025-10-21T10:54,intraday,0001104659-25-101080
442293248,PCAR,2025-10-21,edgar_8k,2025-10-21T08:05,before_open,0001193125-25-244291
442309263,TXN,2025-10-21,edgar_8k,2025-10-21T16:05,after_close,0000097476-25-000056
442309312,OMC,2025-10-21,edgar_8k,2025-10-21T16:09,after_close,0000029989-25-000035
442309685,NFLX,2025-10-21,edgar_8k,2025-10-21T16:02,after_close,0001065280-25-000404
442309805,ISRG,2025-10-21,edgar_8k,2025-10-21T16:03,after_close,0001035267-25-000206
442311906,COF,2025-10-21,edgar_8k,2025-10-21T16:05,after_close,0000927628-25-000267
442352639,GEV,2025-10-22,edgar_8k,2025-10-22T06:36,before_open,0001996810-25-000159
442353770,BSX,2025-10-22,edgar_8k,2025-10-22T06:32,before_open,0000885725-25-000046
442354994,CME,2025-10-22,edgar_8k,2025-10-22T07:05,before_open,0001156375-25-000204
442355516,CB,2025-10-22,edgar_8k,2025-10-21T16:19,before_open,0001193125-25-245172
442355559,TMO,2025-10-22,edgar_8k,2025-10-22T06:05,before_open,0000097745-25-000150
442355648,WAB,2025-10-22,edgar_8k,2025-10-22T07:11,before_open,0001628280-25-045773
442356642,T,2025-10-22,edgar_8k,2025-10-22T06:35,before_open,0000732717-25-000163
442357293,HLT,2025-10-22,edgar_8k,2025-10-22T06:01,before_open,0001585689-25-000158
442357729,MCO,2025-10-22,edgar_8k,2025-10-22T06:56,before_open,0001628280-25-045770
442357804,NTRS,2025-10-22,edgar_8k,2025-10-22T07:05,before_open,0000073124-25-000244
442359691,LII,2025-10-22,edgar_8k,2025-10-22T06:51,before_open,0001069202-25-000046
442362693,EQT,2025-10-22,edgar_8k,2025-10-21T16:31,before_open,0000033213-25-000047
442365113,TDY,2025-10-22,edgar_8k,2025-10-22T07:09,before_open,0001094285-25-000137
442365214,AVY,2025-10-22,edgar_8k,2025-10-22T09:07,before_open,0001193125-25-245839
442372040,APH,2025-10-22,edgar_8k,2025-10-22T09:28,before_open,0001104659-25-101429
442382024,CCI,2025-10-22,edgar_8k,2025-10-22T16:17,after_close,0001051470-25-000185
442382333,LVS,2025-10-22,edgar_8k,2025-10-22T16:10,after_close,0001300514-25-000157
442382381,KMI,2025-10-22,edgar_8k,2025-10-22T16:21,after_close,0001506307-25-000063
442383612,LRCX,2025-10-22,edgar_8k,2025-10-22T16:08,after_close,0000707549-25-000082
442383712,RJF,2025-10-22,edgar_8k,2025-10-22T16:15,after_close,0000720005-25-000086
442384253,IBM,2025-10-22,edgar_8k,2025-10-22T16:13,after_close,0000051143-25-000061
442385006,TSLA,2025-10-22,edgar_8k,2025-10-22T16:06,after_close,0001628280-25-045861
442422860,CNP,2025-10-23,edgar_8k,2025-10-23T06:07,before_open,0001130310-25-000138
442422984,TXT,2025-10-23,edgar_8k,2025-10-23T06:34,before_open,0000217346-25-000074
442423347,ALLE,2025-10-23,edgar_8k,2025-10-23T06:03,before_open,0001579241-25-000041
442424958,DOW,2025-10-23,edgar_8k,2025-10-23T07:01,before_open,0001751788-25-000153
442425250,WST,2025-10-23,edgar_8k,2025-10-23T07:15,before_open,0000105770-25-000090
442425254,TMUS,2025-10-23,edgar_8k,2025-10-23T07:00,before_open,0001283699-25-000153
442425362,MOH,2025-10-23,edgar_8k,2025-10-22T16:18,before_open,0001179929-25-000125
442426079,ROP,2025-10-23,edgar_8k,2025-10-23T07:02,before_open,0000882835-25-000041
442426734,HAS,2025-10-23,edgar_8k,2025-10-23T06:45,before_open,0000046080-25-000156
442426759,CBRE,2025-10-23,edgar_8k,2025-10-23T07:02,before_open,0001138118-25-000023
442428414,HON,2025-10-23,edgar_8k,2025-10-23T06:05,before_open,0000773840-25-000104
442428582,URI,2025-10-23,edgar_8k,2025-10-22T16:33,before_open,0001067701-25-000041
442428701,FE,2025-10-23,edgar_8k,2025-10-22T16:26,before_open,0001031296-25-000080
442428924,PKG,2025-10-23,edgar_8k,2025-10-22T18:09,before_open,0001193125-25-247121
442429614,UNP,2025-10-23,edgar_8k,2025-10-23T07:47,before_open,0000100885-25-000320
442429618,DOV,2025-10-23,edgar_8k,2025-10-23T06:38,before_open,0000029905-25-000032
442429851,BX,2025-10-23,edgar_8k,2025-10-23T06:57,before_open,0001193125-25-247643
442433195,VLO,2025-10-23,edgar_8k,2025-10-23T08:20,before_open,0001628280-25-045978
442434693,LUV,2025-10-23,edgar_8k,2025-10-22T16:15,before_open,0000092380-25-000138
442436357,PCG,2025-10-23,edgar_8k,2025-10-22T20:30,before_open,0001004980-25-000147
442438190,ORLY,2025-10-23,edgar_8k,2025-10-22T16:32,before_open,0000898173-25-000055
442438255,POOL,2025-10-23,edgar_8k,2025-10-23T10:29,intraday,0001193125-25-248060
442439317,GL,2025-10-23,edgar_8k,2025-10-22T16:17,before_open,0000320335-25-000060
442453227,VRSN,2025-10-23,edgar_8k,2025-10-23T16:07,after_close,0001014473-25-000045
442454175,NSC,2025-10-23,edgar_8k,2025-10-23T16:15,after_close,0001193125-25-248775
442454180,DECK,2025-10-23,edgar_8k,2025-10-23T16:10,after_close,0000910521-25-000041
442454997,F,2025-10-23,edgar_8k,2025-10-23T12:08,intraday,0000037996-25-000185
442455010,INTC,2025-10-23,edgar_8k,2025-10-23T16:10,after_close,0000050863-25-000169
442455187,DLR,2025-10-23,edgar_8k,2025-10-23T16:10,after_close,0001104659-25-101827
442455618,NEM,2025-10-23,edgar_8k,2025-10-23T16:05,after_close,0001164727-25-000044
442493488,PG,2025-10-24,edgar_8k,2025-10-24T07:04,before_open,0000080424-25-000240
442494446,GD,2025-10-24,edgar_8k,2025-10-24T07:50,before_open,0000040533-25-000043
442497368,BKR,2025-10-24,edgar_8k,2025-10-23T17:25,before_open,0001701605-25-000114
442499140,HCA,2025-10-24,edgar_8k,2025-10-24T03:16,before_open,0001193125-25-249345
442499460,ITW,2025-10-24,edgar_8k,2025-10-24T09:43,intraday,0000049826-25-000050
442500245,DOC,2025-10-24,edgar_8k,2025-10-23T16:17,before_open,0001628280-25-046095
442574566,RVTY,2025-10-27,edgar_8k,2025-10-27T06:45,before_open,0000031791-25-000032
442608025,FFIV,2025-10-27,edgar_8k,2025-10-27T16:17,after_close,0001048695-25-000153
442608842,CDNS,2025-10-27,edgar_8k,2025-10-27T16:03,after_close,0000813672-25-000144
442651946,CARR,2025-10-28,edgar_8k,2025-10-28T06:56,before_open,0001783180-25-000063
442654416,EG,2025-10-28,edgar_8k,2025-10-27T16:20,before_open,0001095073-25-000077
442654439,NXPI,2025-10-28,edgar_8k,2025-10-28T06:41,before_open,0001413447-25-000118
442654600,INCY,2025-10-28,edgar_8k,2025-10-28T07:04,before_open,0000879169-25-000115
442654623,UNH,2025-10-28,edgar_8k,2025-10-28T06:02,before_open,0000731766-25-000301
442654925,PYPL,2025-10-28,edgar_8k,2025-10-28T07:01,before_open,0001633917-25-000194
442655128,BRO,2025-10-28,edgar_8k,2025-10-27T17:04,before_open,0001193125-25-251743
442656193,AMT,2025-10-28,edgar_8k,2025-10-28T07:04,before_open,0001053507-25-000147
442656508,ZBRA,2025-10-28,edgar_8k,2025-10-28T07:53,before_open,0001628280-25-046567
442656682,DHI,2025-10-28,edgar_8k,2025-10-28T11:28,intraday,0000882184-25-000044
442656752,UPS,2025-10-28,edgar_8k,2025-10-28T06:09,before_open,0001628280-25-046550
442656851,GLW,2025-10-28,edgar_8k,2025-10-28T07:05,before_open,0000024741-25-000109
442657197,REGN,2025-10-28,edgar_8k,2025-10-28T06:50,before_open,0000872589-25-000026
442657466,XYL,2025-10-28,edgar_8k,2025-10-28T07:03,before_open,0001524472-25-000043
442657853,LH,2025-10-28,edgar_8k,2025-10-28T06:55,before_open,0000920148-25-000093
442658026,IQV,2025-10-28,edgar_8k,2025-10-28T07:05,before_open,0001628280-25-046554
442658327,UHS,2025-10-28,edgar_8k,2025-10-28T08:00,before_open,0001193125-25-252399
442658892,IVZ,2025-10-28,edgar_8k,2025-10-28T06:58,before_open,0000914208-25-000360
442659068,NEE,2025-10-28,edgar_8k,2025-10-28T07:35,before_open,0000753308-25-000055
442659690,HIG,2025-10-28,edgar_8k,2025-10-27T16:06,before_open,0000874766-25-000106
442659699,WELL,2025-10-28,edgar_8k,2025-10-27T16:07,before_open,0000766704-25-000037
442663562,AOS,2025-10-28,edgar_8k,2025-10-28T06:57,before_open,0000091142-25-000148
442664548,NUE,2025-10-28,edgar_8k,2025-10-27T16:53,before_open,0001193125-25-251721
442664800,SHW,2025-10-28,edgar_8k,2025-10-28T07:05,before_open,0000089800-25-000124
442665204,HUBB,2025-10-28,edgar_8k,2025-10-28T08:11,before_open,0001628280-25-046573
442665280,PFG,2025-10-28,edgar_8k,2025-10-27T16:31,before_open,0001104659-25-102607
442665288,ACGL,2025-10-28,edgar_8k,2025-10-27T16:06,before_open,0000947484-25-000076
442665621,SYY,2025-10-28,edgar_8k,2025-10-28T08:05,before_open,0000096021-25-000154
442666405,WM,2025-10-28,edgar_8k,2025-10-27T16:40,before_open,0001104659-25-102615
442668774,CINF,2025-10-28,edgar_8k,2025-10-27T16:07,before_open,0000020286-25-000061
442670214,MSCI,2025-10-28,edgar_8k,2025-10-28T06:46,before_open,0001408198-25-000194
442677423,ECL,2025-10-28,edgar_8k,2025-10-28T08:10,before_open,0001104659-25-102859
442681663,ARE,2025-10-28,edgar_8k,2025-10-27T16:08,before_open,0001035443-25-000199
442693967,EIX,2025-10-28,edgar_8k,2025-10-28T16:09,after_close,0000827052-25-000099
442696066,BKNG,2025-10-28,edgar_8k,2025-10-28T16:02,after_close,0001075531-25-000050
442701632,MDLZ,2025-10-28,edgar_8k,2025-10-28T16:09,after_close,0001628280-25-046750
442704217,STX,2025-10-28,edgar_8k,2025-10-28T16:07,after_close,0001137789-25-000283
442705806,V,2025-10-28,edgar_8k,2025-10-28T16:06,after_close,0001403161-25-000077
442708634,CSGP,2025-10-28,edgar_8k,2025-10-28T16:03,after_close,0001057352-25-000116
442915423,SW,2025-10-29,edgar_8k,2025-10-29T06:48,before_open,0001104659-25-103425
442917062,CVS,2025-10-29,edgar_8k,2025-10-29T06:32,before_open,0000064803-25-000036
442917449,MAS,2025-10-29,edgar_8k,2025-10-29T07:03,before_open,0000062996-25-000034
442917978,PPG,2025-10-29,edgar_8k,2025-10-28T16:11,before_open,0000079879-25-000306
442918811,TEL,2025-10-29,edgar_8k,2025-10-29T06:10,before_open,0001104659-25-103388
442919233,ADP,2025-10-29,edgar_8k,2025-10-29T06:55,before_open,0000008670-25-000042
442919557,VRSK,2025-10-29,edgar_8k,2025-10-29T07:21,before_open,0001437749-25-032072
442919591,VLTO,2025-10-29,edgar_8k,2025-10-28T16:31,before_open,0001967680-25-000135
442919687,VZ,2025-10-29,edgar_8k,2025-10-29T06:31,before_open,0000732712-25-000114
442919753,CTSH,2025-10-29,edgar_8k,2025-10-29T06:32,before_open,0001058290-25-000338
442919761,OTIS,2025-10-29,edgar_8k,2025-10-29T06:05,before_open,0001781335-25-000046
442919806,TER,2025-10-29,edgar_8k,2025-10-29T07:00,before_open,0001193125-25-254602
442920086,GEHC,2025-10-29,edgar_8k,2025-10-29T06:25,before_open,0001932393-25-000052
442921197,EXE,2025-10-29,edgar_8k,2025-10-28T16:02,before_open,0000895126-25-000097
442921833,KHC,2025-10-29,edgar_8k,2025-10-29T07:01,before_open,0001637459-25-000164
442922200,IEX,2025-10-29,edgar_8k,2025-10-29T07:08,before_open,0001628280-25-046909
442922567,CNC,2025-10-29,edgar_8k,2025-10-28T20:02,before_open,0001071739-25-000185
442927650,GRMN,2025-10-29,edgar_8k,2025-10-29T07:00,before_open,0001193125-25-254600
442928239,ODFL,2025-10-29,edgar_8k,2025-10-29T09:12,before_open,0001193125-25-255040
442928262,BXP,2025-10-29,edgar_8k,2025-10-28T16:22,before_open,0001037540-25-000010
442928406,GNRC,2025-10-29,edgar_8k,2025-10-29T07:00,before_open,0001437749-25-032069
442929366,BA,2025-10-29,edgar_8k,2025-10-29T07:30,before_open,0001628280-25-046915
442930819,OKE,2025-10-29,edgar_8k,2025-10-28T16:43,before_open,0001039684-25-000121
442931393,REG,2025-10-29,edgar_8k,2025-10-28T17:00,before_open,0001193125-25-253799
442931690,ETR,2025-10-29,edgar_8k,2025-10-29T08:32,before_open,0000065984-25-000126
442932100,NI,2025-10-29,edgar_8k,2025-10-29T06:39,before_open,0001111711-25-000054
442933004,CAT,2025-10-29,edgar_8k,2025-10-29T06:32,before_open,0000018230-25-000043
442933194,EQR,2025-10-29,edgar_8k,2025-10-28T16:37,before_open,0001193125-25-253637
442935165,PSX,2025-10-29,edgar_8k,2025-10-29T09:36,intraday,0001534701-25-000153
442935453,FTV,2025-10-29,edgar_8k,2025-10-29T07:34,before_open,0001659166-25-000129
442938114,AEP,2025-10-29,edgar_8k,2025-10-29T07:02,before_open,0000004904-25-000169
442956987,SBUX,2025-10-29,edgar_8k,2025-10-29T16:08,after_close,0000829224-25-000074
442961795,ALGN,2025-10-29,edgar_8k,2025-10-29T16:05,after_close,0001097149-25-000075
442962768,META,2025-10-29,edgar_8k,2025-10-29T16:08,after_close,0001628280-25-047114
442963610,CMG,2025-10-29,edgar_8k,2025-10-29T16:12,after_close,0001058090-25-000086
442966069,DVA,2025-10-29,edgar_8k,2025-10-29T16:09,after_close,0000927066-25-000163
442967820,MGM,2025-10-29,edgar_8k,2025-10-29T16:15,after_close,0000789570-25-000073
442970974,KLAC,2025-10-29,edgar_8k,2025-10-29T16:11,after_close,0000319201-25-000031
442973020,NOW,2025-10-29,edgar_8k,2025-10-29T16:11,after_close,0001373715-25-000305
442976392,GOOGL,2025-10-29,edgar_8k,2025-10-29T16:01,after_close,0001652044-25-000087
442977512,MSFT,2025-10-29,edgar_8k,2025-10-29T16:07,after_close,0001193125-25-256310
442978823,EQIX,2025-10-29,edgar_8k,2025-10-29T16:11,after_close,0001101239-25-000061
442980128,EBAY,2025-10-29,edgar_8k,2025-10-29T16:07,after_close,0001065088-25-000124
442982074,CHRW,2025-10-29,edgar_8k,2025-10-29T16:26,after_close,0001043277-25-000050
443164704,KMB,2025-10-30,edgar_8k,2025-10-30T06:32,before_open,0001628280-25-047278
443165346,FOXA,2025-10-30,edgar_8k,2025-10-30T07:35,before_open,0001628280-25-047323
443166939,BMY,2025-10-30,edgar_8k,2025-10-30T07:09,before_open,0000014272-25-000147
443167147,APTV,2025-10-30,edgar_8k,2025-10-30T06:48,before_open,0001521332-25-000048
443168064,CAH,2025-10-30,edgar_8k,2025-10-30T06:52,before_open,0000721371-25-000128
443168134,HSY,2025-10-30,edgar_8k,2025-10-30T06:49,before_open,0001628280-25-047294
443168306,DTE,2025-10-30,edgar_8k,2025-10-30T06:48,before_open,0000936340-25-000219
443168327,CMCSA,2025-10-30,edgar_8k,2025-10-30T07:16,before_open,0001166691-25-000052
443168345,ROL,2025-10-30,edgar_8k,2025-10-29T16:09,before_open,0000084839-25-000097
443168462,AME,2025-10-30,edgar_8k,2025-10-30T10:59,intraday,0001037868-25-000075
443168764,ICE,2025-10-30,edgar_8k,2025-10-30T07:30,before_open,0001104659-25-104017
443169231,CI,2025-10-30,edgar_8k,2025-10-30T06:15,before_open,0001140361-25-039777
443169238,BAX,2025-10-30,edgar_8k,2025-10-30T07:17,before_open,0001628280-25-047311
443169283,KIM,2025-10-30,edgar_8k,2025-10-30T06:55,before_open,0001193125-25-257371
443169695,BIIB,2025-10-30,edgar_8k,2025-10-30T06:13,before_open,0000875045-25-000047
443170609,HII,2025-10-30,edgar_8k,2025-10-30T07:13,before_open,0001501585-25-000109
443170994,SPGI,2025-10-30,edgar_8k,2025-10-30T07:10,before_open,0000064040-25-000163
443171161,MO,2025-10-30,edgar_8k,2025-10-30T07:03,before_open,0000764180-25-000128
443171303,AMP,2025-10-30,edgar_8k,2025-10-30T07:31,before_open,0000820027-25-000077
443172400,WTW,2025-10-30,edgar_8k,2025-10-30T06:03,before_open,0001171843-25-006785
443172429,PWR,2025-10-30,edgar_8k,2025-10-30T06:58,before_open,0001193125-25-257378
443172991,MA,2025-10-30,edgar_8k,2025-10-30T08:03,before_open,0001141391-25-000191
443173537,MRK,2025-10-30,edgar_8k,2025-10-30T06:40,before_open,0001104659-25-103974
443174603,BLDR,2025-10-30,edgar_8k,2025-10-30T07:00,before_open,0001193125-25-257380
443174763,CMS,2025-10-30,edgar_8k,2025-10-30T06:41,before_open,0001104659-25-103975
443176510,VMC,2025-10-30,edgar_8k,2025-10-30T07:05,before_open,0001140361-25-039792
443177771,XEL,2025-10-30,edgar_8k,2025-10-29T17:35,before_open,0000072903-25-000254
443178307,VTR,2025-10-30,edgar_8k,2025-10-29T16:23,before_open,0000740260-25-000274
443178364,IP,2025-10-30,edgar_8k,2025-10-30T07:46,before_open,0000051434-25-000068
443178368,MAA,2025-10-30,edgar_8k,2025-10-29T16:15,before_open,0001193125-25-256342
443178524,HWM,2025-10-30,edgar_8k,2025-10-30T07:05,before_open,0001104659-25-104005
443178554,LLY,2025-10-30,edgar_8k,2025-10-30T07:03,before_open,0000059478-25-000251
443178750,TYL,2025-10-30,edgar_8k,2025-10-29T16:53,before_open,0000860731-25-000045
443178934,TT,2025-10-30,edgar_8k,2025-10-30T06:00,before_open,0001628280-25-047261
443180918,EME,2025-10-30,edgar_8k,2025-10-30T08:48,before_open,0000105634-25-000082
443181258,LHX,2025-10-30,edgar_8k,2025-10-30T06:55,before_open,0000202058-25-000169
443182856,INVH,2025-10-30,edgar_8k,2025-10-29T16:17,before_open,0001687229-25-000047
443184295,PRU,2025-10-30,edgar_8k,2025-10-29T16:21,before_open,0001137774-25-000174
443187814,PSA,2025-10-30,edgar_8k,2025-10-29T16:28,before_open,0001628280-25-047143
443188899,UDR,2025-10-30,edgar_8k,2025-10-29T16:19,before_open,0000074208-25-000069
443192146,SO,2025-10-30,edgar_8k,2025-10-30T08:12,before_open,0000092122-25-000086
443192613,EXR,2025-10-30,edgar_8k,2025-10-29T16:25,before_open,0001289490-25-000020
443193309,AVB,2025-10-30,edgar_8k,2025-10-30T07:03,before_open,0000915912-25-000022
443196601,ESS,2025-10-30,edgar_8k,2025-10-29T16:37,before_open,0001140361-25-039716
443196718,WEC,2025-10-30,edgar_8k,2025-10-30T07:26,before_open,0000783325-25-000057
443204242,WDC,2025-10-30,edgar_8k,2025-10-30T16:11,after_close,0001628280-25-047539
443204291,SYK,2025-10-30,edgar_8k,2025-10-30T16:15,after_close,0000310764-25-000126
443204561,GILD,2025-10-30,edgar_8k,2025-10-30T16:04,after_close,0000882095-25-000044
443204686,FSLR,2025-10-30,edgar_8k,2025-10-30T16:09,after_close,0001274494-25-000081
443204808,RMD,2025-10-30,edgar_8k,2025-10-30T16:06,after_close,0001193125-25-258519
443204973,DXCM,2025-10-30,edgar_8k,2025-10-30T16:02,after_close,0001093557-25-000278
443205282,MPWR,2025-10-30,edgar_8k,2025-10-30T16:01,after_close,0001437749-25-032411
443205335,RSG,2025-10-30,edgar_8k,2025-10-30T16:10,after_close,0001628280-25-047534
443205341,AMZN,2025-10-30,edgar_8k,2025-10-30T16:13,after_close,0001018724-25-000121
443205645,AAPL,2025-10-30,edgar_8k,2025-10-30T16:30,after_close,0000320193-25-000077
443205748,GDDY,2025-10-30,edgar_8k,2025-10-30T16:11,after_close,0001609711-25-000206
443205754,MSI,2025-10-30,edgar_8k,2025-10-30T16:12,after_close,0000068505-25-000050
443206012,COIN,2025-10-30,edgar_8k,2025-10-30T16:06,after_close,0001679788-25-000207
443206563,AJG,2025-10-30,edgar_8k,2025-10-30T16:52,after_close,0001193125-25-258781
443248516,TROW,2025-10-31,edgar_8k,2025-10-31T07:01,before_open,0001628280-25-047662
443249242,IR,2025-10-31,edgar_8k,2025-10-30T16:42,before_open,0001628280-25-047573
443251812,CHTR,2025-10-31,edgar_8k,2025-10-31T07:00,before_open,0001091667-25-000167
443252063,AON,2025-10-31,edgar_8k,2025-10-31T06:32,before_open,0001628280-25-047660
443252089,CL,2025-10-31,edgar_8k,2025-10-31T07:57,before_open,0000021665-25-000052
443252703,CBOE,2025-10-31,edgar_8k,2025-10-31T07:30,before_open,0001628280-25-047668
443253619,FRT,2025-10-31,edgar_8k,2025-10-31T07:32,before_open,0000034903-25-000062
443254069,LIN,2025-10-31,edgar_8k,2025-10-31T06:45,before_open,0001654954-25-012384
443255038,ERIE,2025-10-31,edgar_8k,2025-10-30T16:21,before_open,0001628280-25-047550
443255366,ABBV,2025-10-31,edgar_8k,2025-10-31T07:51,before_open,0001551152-25-000047
443256014,XOM,2025-10-31,edgar_8k,2025-10-31T06:31,before_open,0000034088-25-000059
443257858,CHD,2025-10-31,edgar_8k,2025-10-31T07:04,before_open,0001193125-25-259387
443258318,WY,2025-10-31,edgar_8k,2025-10-30T16:05,before_open,0001193125-25-258510
443258641,VICI,2025-10-31,edgar_8k,2025-10-30T16:15,before_open,0001705696-25-000130
443261704,D,2025-10-31,edgar_8k,2025-10-31T07:31,before_open,0001193125-25-259408
443261857,CVX,2025-10-31,edgar_8k,2025-10-31T06:16,before_open,0000093410-25-000103
443262201,GWW,2025-10-31,edgar_8k,2025-10-31T08:07,before_open,0000277135-25-000145
443263046,LYB,2025-10-31,edgar_8k,2025-10-31T06:32,before_open,0001489393-25-000054
443339356,IDXX,2025-11-03,edgar_8k,2025-11-03T06:34,before_open,0001104659-25-105185
443341767,ON,2025-11-03,edgar_8k,2025-11-03T08:05,before_open,0001140361-25-040094
443348764,PNW,2025-11-03,edgar_8k,2025-11-03T08:20,before_open,0000764622-25-000086
443349930,PEG,2025-11-03,edgar_8k,2025-11-03T09:03,before_open,0001193125-25-261789
443373502,VRTX,2025-11-03,edgar_8k,2025-11-03T16:06,after_close,0000875320-25-000230
443375444,PLTR,2025-11-03,edgar_8k,2025-11-03T16:06,after_close,0001321655-25-000130
443377096,CLX,2025-11-03,edgar_8k,2025-11-03T16:12,after_close,0000021076-25-000051
443379434,O,2025-11-03,edgar_8k,2025-11-03T16:11,after_close,0000726728-25-000146
443379541,SPG,2025-11-03,edgar_8k,2025-11-03T16:08,after_close,0001104659-25-105545
443380032,SBAC,2025-11-03,edgar_8k,2025-11-03T16:31,after_close,0001193125-25-262644
443563511,UBER,2025-11-04,edgar_8k,2025-11-04T06:56,before_open,0001543151-25-000030
443565330,LDOS,2025-11-04,edgar_8k,2025-11-03T19:10,before_open,0001336920-25-000057
443565543,IT,2025-11-04,edgar_8k,2025-11-04T06:02,before_open,0000749251-25-000080
443565803,GPN,2025-11-04,edgar_8k,2025-11-04T06:59,before_open,0001123360-25-000075
443567324,YUM,2025-11-04,edgar_8k,2025-11-04T07:01,before_open,0001041061-25-000091
443567349,WAT,2025-11-04,edgar_8k,2025-11-04T07:00,before_open,0001193125-25-263520
443567605,NCLH,2025-11-04,edgar_8k,2025-11-04T07:00,before_open,0001171843-25-006936
443568049,HSIC,2025-11-04,edgar_8k,2025-11-04T06:15,before_open,0001000228-25-000063
443568115,SWK,2025-11-04,edgar_8k,2025-11-04T06:31,before_open,0000093556-25-000152
443570633,BR,2025-11-04,edgar_8k,2025-11-04T07:59,before_open,0001383312-25-000032
443570653,ZTS,2025-11-04,edgar_8k,2025-11-04T07:06,before_open,0001555280-25-000272
443570892,CDW,2025-11-04,edgar_8k,2025-11-04T07:03,before_open,0001402057-25-000191
443571196,MAR,2025-11-04,edgar_8k,2025-11-04T07:00,before_open,0001048286-25-000011
443572314,ADM,2025-11-04,edgar_8k,2025-11-04T06:05,before_open,0000007084-25-000049
443575148,TAP,2025-11-04,edgar_8k,2025-11-04T06:32,before_open,0000024545-25-000037
443575901,APO,2025-11-04,edgar_8k,2025-11-04T06:30,before_open,0001858681-25-000135
443576095,FANG,2025-11-04,edgar_8k,2025-11-03T16:06,before_open,0001539838-25-000144
443581475,PGR,2025-11-04,earnings25_metadata,2025-11-04T09:30,intraday,443581475
443582070,WMB,2025-11-04,edgar_8k,2025-11-03T16:22,before_open,0000107263-25-000143
443582468,EXC,2025-11-04,edgar_8k,2025-11-04T06:52,before_open,0001109357-25-000179
443583952,MLM,2025-11-04,edgar_8k,2025-11-04T07:02,before_open,0001193125-25-263528
443585291,PFE,2025-11-04,edgar_8k,2025-11-04T07:00,before_open,0000078003-25-000149
443588847,MPC,2025-11-04,edgar_8k,2025-11-04T06:34,before_open,0001510295-25-000059
443589372,BALL,2025-11-04,edgar_8k,2025-11-04T08:05,before_open,0000009389-25-000048
443589985,ETN,2025-11-04,edgar_8k,2025-11-04T07:01,before_open,0001551182-25-000033
443607413,SWKS,2025-11-04,edgar_8k,2025-11-04T16:08,after_close,0000004127-25-000082
443608480,LYV,2025-11-04,edgar_8k,2025-11-04T16:21,after_close,0001335258-25-000150
443608555,ANET,2025-11-04,edgar_8k,2025-11-04T16:08,after_close,0001596532-25-000284
443609475,AMGN,2025-11-04,edgar_8k,2025-11-04T16:04,after_close,0000318154-25-000070
443609807,SMCI,2025-11-04,edgar_8k,2025-11-04T16:08,after_close,0001375365-25-000029
443610071,AMD,2025-11-04,edgar_8k,2025-11-04T16:16,after_close,0000002488-25-000163
443610072,MTCH,2025-11-04,edgar_8k,2025-11-04T16:13,after_close,0000891103-25-000179
443658897,AIZ,2025-11-05,edgar_8k,2025-11-04T16:20,before_open,0001267238-25-000049
443659318,TRMB,2025-11-05,edgar_8k,2025-11-05T07:03,before_open,0000864749-25-000283
443659820,BG,2025-11-05,edgar_8k,2025-11-05T06:22,before_open,0001628280-25-049208
443660215,HUM,2025-11-05,edgar_8k,2025-11-05T06:11,before_open,0000049071-25-000055
443661183,IRM,2025-11-05,edgar_8k,2025-11-05T06:48,before_open,0001020569-25-000203
443661385,AFL,2025-11-05,edgar_8k,2025-11-04T16:38,before_open,0001628280-25-048906
443662535,EMR,2025-11-05,edgar_8k,2025-11-05T06:55,before_open,0000032604-25-000079
443662733,AIG,2025-11-05,edgar_8k,2025-11-04T16:19,before_open,0000005272-25-000156
443662800,ZBH,2025-11-05,edgar_8k,2025-11-05T06:30,before_open,0001193125-25-265649
443663023,MCD,2025-11-05,edgar_8k,2025-11-05T07:01,before_open,0000063908-25-000057
443663031,COR,2025-11-05,edgar_8k,2025-11-05T06:33,before_open,0001140859-25-000128
443663125,FIS,2025-11-05,edgar_8k,2025-11-05T07:02,before_open,0001136893-25-000125
443663130,JCI,2025-11-05,edgar_8k,2025-11-05T06:57,before_open,0000833444-25-000084
443664136,JKHY,2025-11-05,edgar_8k,2025-11-04T16:18,before_open,0000779152-25-000090
443664256,ES,2025-11-05,edgar_8k,2025-11-04T16:20,before_open,0001104659-25-106306
443664840,IFF,2025-11-05,edgar_8k,2025-11-04T16:21,before_open,0000051253-25-000047
443665092,TECH,2025-11-05,edgar_8k,2025-11-05T06:31,before_open,0001104659-25-106631
443665334,CTVA,2025-11-05,edgar_8k,2025-11-04T16:40,before_open,0001755672-25-000020
443666477,CRL,2025-11-05,edgar_8k,2025-11-05T07:16,before_open,0001100682-25-000041
443669985,AES,2025-11-05,edgar_8k,2025-11-04T16:17,before_open,0000874761-25-000086
443674343,TRGP,2025-11-05,edgar_8k,2025-11-05T06:15,before_open,0001193125-25-265621
443674764,PPL,2025-11-05,edgar_8k,2025-11-05T07:59,before_open,0000922224-25-000049
443675014,MOS,2025-11-05,edgar_8k,2025-11-04T17:01,before_open,0001628280-25-048961
443678172,SRE,2025-11-05,edgar_8k,2025-11-05T10:51,intraday,0001032208-25-000062
443693707,QCOM,2025-11-05,edgar_8k,2025-11-05T16:01,after_close,0000804328-25-000084
443694044,MCK,2025-11-05,edgar_8k,2025-11-05T16:05,after_close,0000927653-25-000138
443694299,FTNT,2025-11-05,edgar_8k,2025-11-05T16:09,after_close,0001262039-25-000036
443694542,FICO,2025-11-05,edgar_8k,2025-11-05T16:19,after_close,0000814547-25-000026
443694587,APP,2025-11-05,edgar_8k,2025-11-05T16:07,after_close,0001751008-25-000079
443694601,TKO,2025-11-05,edgar_8k,2025-11-05T11:11,intraday,0001193125-25-266943
443695078,PAYC,2025-11-05,edgar_8k,2025-11-05T16:10,after_close,0001193125-25-266939
443695087,DASH,2025-11-05,edgar_8k,2025-11-05T16:09,after_close,0001792789-25-000018
443695284,HOOD,2025-11-05,edgar_8k,2025-11-05T16:05,after_close,0001783879-25-000309
443695299,PTC,2025-11-05,edgar_8k,2025-11-05T16:03,after_close,0001193125-25-266865
443695558,AMCR,2025-11-05,edgar_8k,2025-11-05T16:20,after_close,0001748790-25-000034
443696205,CPAY,2025-11-05,edgar_8k,2025-11-05T16:17,after_close,0001175454-25-000025
443747192,DD,2025-11-06,edgar_8k,2025-11-06T06:05,before_open,0001666700-25-000058
443747222,MRNA,2025-11-06,edgar_8k,2025-11-06T07:03,before_open,0001682852-25-000073
443747234,WBD,2025-11-06,edgar_8k,2025-11-06T07:04,before_open,0001437107-25-000213
443747503,BDX,2025-11-06,edgar_8k,2025-11-06T06:32,before_open,0001628280-25-049835
443747614,ALB,2025-11-06,edgar_8k,2025-11-05T16:20,before_open,0000915913-25-000160
443747757,DDOG,2025-11-06,edgar_8k,2025-11-06T07:07,before_open,0001561550-25-000310
443748309,PODD,2025-11-06,edgar_8k,2025-11-06T07:11,before_open,0001145197-25-000067
443748425,TPR,2025-11-06,edgar_8k,2025-11-06T06:45,before_open,0001140361-25-040658
443748429,EPAM,2025-11-06,edgar_8k,2025-11-05T19:51,before_open,0001352010-25-000053
443749656,VTRS,2025-11-06,edgar_8k,2025-11-06T07:53,before_open,0001792044-25-000042
443749658,ROK,2025-11-06,edgar_8k,2025-11-06T07:02,before_open,0001024478-25-000112
443751018,STE,2025-11-06,edgar_8k,2025-11-05T16:41,before_open,0001757898-25-000011
443752152,MET,2025-11-06,edgar_8k,2025-11-05T16:32,before_open,0001099219-25-000227
443752448,APD,2025-11-06,edgar_8k,2025-11-06T07:44,before_open,0000002969-25-000051
443752575,HST,2025-11-06,edgar_8k,2025-11-05T16:35,before_open,0001070750-25-000164
443752596,NRG,2025-11-06,edgar_8k,2025-11-06T07:00,before_open,0001013871-25-000023
443752735,EVRG,2025-11-06,edgar_8k,2025-11-06T07:00,before_open,0001193125-25-268034
443752741,ALL,2025-11-06,edgar_8k,2025-11-05T16:17,before_open,0000899051-25-000100
443753354,RL,2025-11-06,edgar_8k,2025-11-06T08:13,before_open,0001628280-25-049886
443754120,ATO,2025-11-06,edgar_8k,2025-11-05T16:35,before_open,0000731802-25-000053
443755839,VST,2025-11-06,edgar_8k,2025-11-06T07:00,before_open,0001193125-25-268033
443756807,AEE,2025-11-06,edgar_8k,2025-11-05T16:35,before_open,0001002910-25-000127
443757425,TPL,2025-11-06,edgar_8k,2025-11-05T16:17,before_open,0001811074-25-000094
443757629,CMI,2025-11-06,edgar_8k,2025-11-06T07:37,before_open,0000026172-25-000036
443760700,DVN,2025-11-06,edgar_8k,2025-11-05T16:19,before_open,0001193125-25-267018
443760865,PH,2025-11-06,edgar_8k,2025-11-06T07:56,before_open,0000076334-25-000068
443761646,CF,2025-11-06,edgar_8k,2025-11-05T16:50,before_open,0001324404-25-000028
443761839,APA,2025-11-06,edgar_8k,2025-11-05T17:22,before_open,0001841666-25-000028
443765658,COP,2025-11-06,edgar_8k,2025-11-06T07:11,before_open,0001163165-25-000056
443778022,SOLV,2025-11-06,edgar_8k,2025-11-06T16:11,after_close,0001964738-25-000089
443778028,TTWO,2025-11-06,edgar_8k,2025-11-06T16:13,after_close,0001628280-25-050182
443778035,WYNN,2025-11-06,edgar_8k,2025-11-06T16:05,after_close,0001174922-25-000150
443778349,EXPE,2025-11-06,edgar_8k,2025-11-06T16:02,after_close,0001324424-25-000049
443779430,NWSA,2025-11-06,edgar_8k,2025-11-06T16:20,after_close,0001564708-25-000571
443779476,MNST,2025-11-06,edgar_8k,2025-11-06T16:27,after_close,0001104659-25-107778
443780200,AKAM,2025-11-06,edgar_8k,2025-11-06T16:03,after_close,0001086222-25-000252
443780209,ABNB,2025-11-06,edgar_8k,2025-11-06T16:00,after_close,0001193125-25-269432
443780316,XYZ,2025-11-06,edgar_8k,2025-11-06T16:29,after_close,0001193125-25-269715
443780465,MCHP,2025-11-06,edgar_8k,2025-11-06T16:21,after_close,0000827054-25-000182
443780478,TTD,2025-11-06,edgar_8k,2025-11-06T16:13,after_close,0001671933-25-000143
443780738,GEN,2025-11-06,edgar_8k,2025-11-06T16:07,after_close,0000849399-25-000087
443824402,MTD,2025-11-07,edgar_8k,2025-11-06T16:42,before_open,0001037646-25-000056
443826902,KKR,2025-11-07,edgar_8k,2025-11-07T06:50,before_open,0001404912-25-000040
443828583,DUK,2025-11-07,edgar_8k,2025-11-06T17:48,before_open,0001326160-25-000190
443829112,LNT,2025-11-07,edgar_8k,2025-11-06T18:10,before_open,0000352541-25-000079
443830006,EOG,2025-11-07,edgar_8k,2025-11-06T16:26,before_open,0000821189-25-000129
443830016,CEG,2025-11-07,edgar_8k,2025-11-07T07:00,before_open,0001868275-25-000089
443833806,CPT,2025-11-07,edgar_8k,2025-11-06T16:32,before_open,0001628280-25-050242
443833979,BEN,2025-11-07,edgar_8k,2025-11-07T08:41,before_open,0000038777-25-000234
443908527,TSN,2025-11-10,edgar_8k,2025-11-10T07:32,before_open,0000100493-25-000094
443933579,PSKY,2025-11-10,edgar_8k,2025-11-10T16:03,after_close,0002041610-25-000042
443997424,OXY,2025-11-11,edgar_8k,2025-11-10T16:15,before_open,0001628280-25-051056
444066143,TDG,2025-11-12,edgar_8k,2025-11-12T07:18,before_open,0001260221-25-000078
444085051,CSCO,2025-11-12,edgar_8k,2025-11-12T16:15,after_close,0001193125-25-277624
444132883,DIS,2025-11-13,edgar_8k,2025-11-13T06:42,before_open,0001744489-25-000154
444162394,AMAT,2025-11-13,edgar_8k,2025-11-13T16:03,after_close,0001628280-25-051998
444353350,MDT,2025-11-18,edgar_8k,2025-11-18T06:47,before_open,0001628280-25-052771
444359927,HD,2025-11-18,edgar_8k,2025-11-18T06:05,before_open,0000354950-25-000238
444549390,TGT,2025-11-19,edgar_8k,2025-11-19T07:58,before_open,0000027419-25-000123
444560632,LOW,2025-11-19,edgar_8k,2025-11-19T08:45,before_open,0000060667-25-000203
444571762,WSM,2025-11-19,edgar_8k,2025-11-19T09:03,before_open,0000719955-25-000043
444589194,TJX,2025-11-19,edgar_8k,2025-11-19T09:12,before_open,0000109198-25-000058
444641780,PANW,2025-11-19,edgar_8k,2025-11-19T16:16,after_close,0001327567-25-000032
444642745,NVDA,2025-11-19,edgar_8k,2025-11-19T16:20,after_close,0001045810-25-000228
444783240,WMT,2025-11-20,edgar_8k,2025-11-20T06:58,before_open,0000104169-25-000177
444790959,J,2025-11-20,edgar_8k,2025-11-20T06:44,before_open,0001628280-25-053313
444811967,ROST,2025-11-20,edgar_8k,2025-11-20T16:03,after_close,0000745732-25-000055
444812736,INTU,2025-11-20,edgar_8k,2025-11-20T16:01,after_close,0000896878-25-000046
444814277,CPRT,2025-11-20,edgar_8k,2025-11-20T16:16,after_close,0001193125-25-289803
444957849,KEYS,2025-11-24,edgar_8k,2025-11-24T16:08,after_close,0001601046-25-000121
445001211,BBY,2025-11-25,edgar_8k,2025-11-25T07:00,before_open,0000764478-25-000050
445003232,SJM,2025-11-25,edgar_8k,2025-11-25T07:20,before_open,0000091419-25-000104
445009082,ADI,2025-11-25,edgar_8k,2025-11-25T07:03,before_open,0000006281-25-000151
445030291,WDAY,2025-11-25,edgar_8k,2025-11-25T16:03,after_close,0001327811-25-000196
445030409,DELL,2025-11-25,edgar_8k,2025-11-25T16:10,after_close,0001571996-25-000118
445031038,ADSK,2025-11-25,edgar_8k,2025-11-25T16:03,after_close,0000769397-25-000126
445031126,HPQ,2025-11-25,edgar_8k,2025-11-25T16:17,after_close,0000047217-25-000068
445032164,NTAP,2025-11-25,edgar_8k,2025-11-25T16:05,after_close,0001193125-25-297164
445080142,DE,2025-11-26,edgar_8k,2025-11-26T06:00,before_open,0001104659-25-116130
445339910,CRWD,2025-12-02,edgar_8k,2025-12-02T16:11,after_close,0001535527-25-000030
445381353,DLTR,2025-12-03,edgar_8k,2025-12-03T06:30,before_open,0000935703-25-000104
445412819,CRM,2025-12-03,edgar_8k,2025-12-03T16:04,after_close,0001108524-25-000234
445456099,HRL,2025-12-04,edgar_8k,2025-12-03T17:37,before_open,0000048465-25-000056
445456907,DG,2025-12-04,edgar_8k,2025-12-04T06:53,before_open,0001104659-25-118286
445459647,BF-A,2025-12-04,edgar_8k,2025-12-04T08:02,before_open,0000014693-25-000107
445459835,KR,2025-12-04,edgar_8k,2025-12-04T08:06,before_open,0001104659-25-118315
445479225,ULTA,2025-12-04,edgar_8k,2025-12-04T16:07,after_close,0001104659-25-118457
445480106,HPE,2025-12-04,edgar_8k,2025-12-04T16:07,after_close,0001645590-25-000126
445480196,COO,2025-12-04,edgar_8k,2025-12-04T16:48,after_close,0001628280-25-055405
445662695,CPB,2025-12-09,edgar_8k,2025-12-09T07:16,before_open,0000016732-25-000125
445671889,AZO,2025-12-09,edgar_8k,2025-12-09T06:55,before_open,0001171843-25-007831
445770166,ORCL,2025-12-10,edgar_8k,2025-12-10T16:14,after_close,0001193125-25-314207
445771253,ADBE,2025-12-10,edgar_8k,2025-12-10T16:05,after_close,0000796343-25-000135
445771371,SNPS,2025-12-10,edgar_8k,2025-12-10T16:12,after_close,0001193125-25-314200
445813752,NDSN,2025-12-11,edgar_8k,2025-12-10T16:34,before_open,0000072331-25-000138
445840835,LULU,2025-12-11,edgar_8k,2025-12-11T16:08,after_close,0001397187-25-000054
445841507,AVGO,2025-12-11,edgar_8k,2025-12-11T16:17,after_close,0001730168-25-000116
445841743,COST,2025-12-11,edgar_8k,2025-12-11T16:22,after_close,0000909832-25-000164
446266716,JBL,2025-12-17,edgar_8k,2025-12-17T07:31,before_open,0001628280-25-057488
446267951,GIS,2025-12-17,edgar_8k,2025-12-17T07:02,before_open,0001628280-25-057486
446277434,LEN,2025-12-17,edgar_8k,2025-12-16T16:33,before_open,0001628280-25-057408
446315338,MU,2025-12-17,edgar_8k,2025-12-17T16:03,after_close,0000723125-25-000044
446501468,ACN,2025-12-18,edgar_8k,2025-12-18T06:42,before_open,0001467373-25-000221
446506015,DRI,2025-12-18,edgar_8k,2025-12-18T07:07,before_open,0000940944-25-000067
446506136,FDS,2025-12-18,edgar_8k,2025-12-18T06:57,before_open,0001628280-25-057794
446509822,CTAS,2025-12-18,edgar_8k,2025-12-18T08:31,before_open,0000723254-25-000038
446542479,NKE,2025-12-18,edgar_8k,2025-12-18T16:15,after_close,0000320187-25-000138
446549708,FDX,2025-12-18,edgar_8k,2025-12-18T16:10,after_close,0001048911-25-000076
446678917,CAG,2025-12-19,edgar_8k,2025-12-19T07:32,before_open,0000023217-25-000094
446679551,PAYX,2025-12-19,edgar_8k,2025-12-19T08:36,before_open,0001193125-25-325838
446680574,LW,2025-12-19,edgar_8k,2025-12-19T08:32,before_open,0001679273-25-000075
446681167,CCL,2025-12-19,edgar_8k,2025-12-19T09:17,before_open,0001628280-25-058106
