metric,value
n_calls,514
F0semitoneFrom27.5Hz_sma3nz_amean__mean,29.142009942911944
F0semitoneFrom27.5Hz_sma3nz_amean__std,2.3047467460679103
F0semitoneFrom27.5Hz_sma3nz_stddevNorm__mean,0.23606047631469682
F0semitoneFrom27.5Hz_sma3nz_stddevNorm__std,0.04487406788865625
F0semitoneFrom27.5Hz_sma3nz_percentile20.0__mean,24.114591657883462
F0semitoneFrom27.5Hz_sma3nz_percentile20.0__std,1.9396519279125126
F0semitoneFrom27.5Hz_sma3nz_percentile50.0__mean,27.694520642321397
F0semitoneFrom27.5Hz_sma3nz_percentile50.0__std,2.5202295122757152
F0semitoneFrom27.5Hz_sma3nz_percentile80.0__mean,33.02462948528245
F0semitoneFrom27.5Hz_sma3nz_percentile80.0__std,3.507578049970061
F0semitoneFrom27.5Hz_sma3nz_pctlrange0-2__mean,8.910037827398991
F0semitoneFrom27.5Hz_sma3nz_pctlrange0-2__std,3.0118682877210583
F0semitoneFrom27.5Hz_sma3nz_meanRisingSlope__mean,364.54484368112765
F0semitoneFrom27.5Hz_sma3nz_meanRisingSlope__std,91.63942147638872
F0semitoneFrom27.5Hz_sma3nz_stddevRisingSlope__mean,639.5722128426519
F0semitoneFrom27.5Hz_sma3nz_stddevRisingSlope__std,115.41678809134895
F0semitoneFrom27.5Hz_sma3nz_meanFallingSlope__mean,147.0288684785598
F0semitoneFrom27.5Hz_sma3nz_meanFallingSlope__std,43.380388579939485
F0semitoneFrom27.5Hz_sma3nz_stddevFallingSlope__mean,271.100452200448
F0semitoneFrom27.5Hz_sma3nz_stddevFallingSlope__std,55.14134988057324
loudness_sma3_amean__mean,0.48307908323488347
loudness_sma3_amean__std,0.14066771289769928
loudness_sma3_stddevNorm__mean,0.8739809236173963
loudness_sma3_stddevNorm__std,0.08199456037044671
loudness_sma3_percentile20.0__mean,0.09736872843651515
loudness_sma3_percentile20.0__std,0.04366359010322364
loudness_sma3_percentile50.0__mean,0.37852870181550774
loudness_sma3_percentile50.0__std,0.12098867699067788
loudness_sma3_percentile80.0__mean,0.8283171022332596
loudness_sma3_percentile80.0__std,0.24997164971436817
loudness_sma3_pctlrange0-2__mean,0.7309483734434217
loudness_sma3_pctlrange0-2__std,0.2229958277648392
loudness_sma3_meanRisingSlope__mean,9.05056873740853
loudness_sma3_meanRisingSlope__std,2.5614024140885148
loudness_sma3_stddevRisingSlope__mean,5.380045257653707
loudness_sma3_stddevRisingSlope__std,1.4446469870747052
loudness_sma3_meanFallingSlope__mean,6.598336519898144
loudness_sma3_meanFallingSlope__std,1.902047999759203
loudness_sma3_stddevFallingSlope__mean,4.334736672124974
loudness_sma3_stddevFallingSlope__std,1.1737085858847256
spectralFlux_sma3_amean__mean,0.23408925985547818
spectralFlux_sma3_amean__std,0.10615646836321752
spectralFlux_sma3_stddevNorm__mean,1.0843949073251584
spectralFlux_sma3_stddevNorm__std,0.12456384648348762
mfcc1_sma3_amean__mean,33.62718587162894
mfcc1_sma3_amean__std,4.3373075633805085
mfcc1_sma3_stddevNorm__mean,0.4736011615639067
mfcc1_sma3_stddevNorm__std,0.16387730477715323
mfcc2_sma3_amean__mean,-19.465858295240988
mfcc2_sma3_amean__std,8.179147717289748
mfcc2_sma3_stddevNorm__mean,-0.8776255136334015
mfcc2_sma3_stddevNorm__std,3.7951517081684822
mfcc3_sma3_amean__mean,19.35080419556176
mfcc3_sma3_amean__std,5.134477388537807
mfcc3_sma3_stddevNorm__mean,1.2210812782035263
mfcc3_sma3_stddevNorm__std,0.8681009752424359
mfcc4_sma3_amean__mean,-5.3098562673832275
mfcc4_sma3_amean__std,5.02691236232857
mfcc4_sma3_stddevNorm__mean,-1.0934298397965931
mfcc4_sma3_stddevNorm__std,117.26500340005681
jitterLocal_sma3nz_amean__mean,0.03123346769073362
jitterLocal_sma3nz_amean__std,0.007797112038047434
jitterLocal_sma3nz_stddevNorm__mean,1.75694403249466
jitterLocal_sma3nz_stddevNorm__std,0.13750044716506699
shimmerLocaldB_sma3nz_amean__mean,1.4902393910671488
shimmerLocaldB_sma3nz_amean__std,0.16215237868057156
shimmerLocaldB_sma3nz_stddevNorm__mean,0.7098835353025666
shimmerLocaldB_sma3nz_stddevNorm__std,0.062486642795381686
HNRdBACF_sma3nz_amean__mean,4.286901632983397
HNRdBACF_sma3nz_amean__std,1.0553295684707649
HNRdBACF_sma3nz_stddevNorm__mean,0.8758933069293137
HNRdBACF_sma3nz_stddevNorm__std,0.5678457391822558
logRelF0-H1-H2_sma3nz_amean__mean,2.5304857098319884
logRelF0-H1-H2_sma3nz_amean__std,2.088563774050024
logRelF0-H1-H2_sma3nz_stddevNorm__mean,-8.734668966397237
logRelF0-H1-H2_sma3nz_stddevNorm__std,140.73393548984808
logRelF0-H1-A3_sma3nz_amean__mean,20.124591011017678
logRelF0-H1-A3_sma3nz_amean__std,4.520910554781268
logRelF0-H1-A3_sma3nz_stddevNorm__mean,0.7382268955503456
logRelF0-H1-A3_sma3nz_stddevNorm__std,0.32646143597796085
F1frequency_sma3nz_amean__mean,727.7532816489846
F1frequency_sma3nz_amean__std,76.79978642514477
F1frequency_sma3nz_stddevNorm__mean,0.36898326940457643
F1frequency_sma3nz_stddevNorm__std,0.03439325915763514
F1bandwidth_sma3nz_amean__mean,1255.960728151789
F1bandwidth_sma3nz_amean__std,73.6489628256405
F1bandwidth_sma3nz_stddevNorm__mean,0.2330190366286248
F1bandwidth_sma3nz_stddevNorm__std,0.03623105694628638
F1amplitudeLogRelF0_sma3nz_amean__mean,-103.86246794763706
F1amplitudeLogRelF0_sma3nz_amean__std,10.450933562442946
F1amplitudeLogRelF0_sma3nz_stddevNorm__mean,-0.9377839522371032
F1amplitudeLogRelF0_sma3nz_stddevNorm__std,0.10117322960549958
F2frequency_sma3nz_amean__mean,1764.219752449006
F2frequency_sma3nz_amean__std,64.4133275226786
F2frequency_sma3nz_stddevNorm__mean,0.15815671595675937
F2frequency_sma3nz_stddevNorm__std,0.0104299628949149
F2bandwidth_sma3nz_amean__mean,1016.3599598212928
F2bandwidth_sma3nz_amean__std,37.98355935467499
F2bandwidth_sma3nz_stddevNorm__mean,0.33216742492835344
F2bandwidth_sma3nz_stddevNorm__std,0.021049036933450203
F2amplitudeLogRelF0_sma3nz_amean__mean,-103.45119240311797
F2amplitudeLogRelF0_sma3nz_amean__std,9.96177486339287
F2amplitudeLogRelF0_sma3nz_stddevNorm__mean,-0.8954575664802285
F2amplitudeLogRelF0_sma3nz_stddevNorm__std,0.09076464169393764
F3frequency_sma3nz_amean__mean,2788.570213703794
F3frequency_sma3nz_amean__std,46.1798420787146
F3frequency_sma3nz_stddevNorm__mean,0.10527687637200615
F3frequency_sma3nz_stddevNorm__std,0.0076195256393220764
F3bandwidth_sma3nz_amean__mean,951.7709095283241
F3bandwidth_sma3nz_amean__std,38.61392958724284
F3bandwidth_sma3nz_stddevNorm__mean,0.34758895624008623
F3bandwidth_sma3nz_stddevNorm__std,0.020848209457888015
F3amplitudeLogRelF0_sma3nz_amean__mean,-105.7414627372059
F3amplitudeLogRelF0_sma3nz_amean__std,9.637807327853293
F3amplitudeLogRelF0_sma3nz_stddevNorm__mean,-0.8532006938865676
F3amplitudeLogRelF0_sma3nz_stddevNorm__std,0.08172563773479567
alphaRatioV_sma3nz_amean__mean,-10.701854991570753
alphaRatioV_sma3nz_amean__std,3.3356700440539164
alphaRatioV_sma3nz_stddevNorm__mean,-1.050190751074817
alphaRatioV_sma3nz_stddevNorm__std,2.8289125250315625
hammarbergIndexV_sma3nz_amean__mean,20.99354164887959
hammarbergIndexV_sma3nz_amean__std,3.404724898355309
hammarbergIndexV_sma3nz_stddevNorm__mean,0.5279888130347552
hammarbergIndexV_sma3nz_stddevNorm__std,0.12589026056837854
slopeV0-500_sma3nz_amean__mean,0.06844237323574982
slopeV0-500_sma3nz_amean__std,0.01603669412934388
slopeV0-500_sma3nz_stddevNorm__mean,0.42209571814490665
slopeV0-500_sma3nz_stddevNorm__std,0.14967790675089368
slopeV500-1500_sma3nz_amean__mean,-0.014160769757613583
slopeV500-1500_sma3nz_amean__std,0.005514167074412109
slopeV500-1500_sma3nz_stddevNorm__mean,-1.7297509764882841
slopeV500-1500_sma3nz_stddevNorm__std,2.381244040389932
spectralFluxV_sma3nz_amean__mean,0.33777636200450506
spectralFluxV_sma3nz_amean__std,0.14894347694358873
spectralFluxV_sma3nz_stddevNorm__mean,0.7685848040803397
spectralFluxV_sma3nz_stddevNorm__std,0.10868783029417989
mfcc1V_sma3nz_amean__mean,41.0492387615753
mfcc1V_sma3nz_amean__std,3.517471878016914
mfcc1V_sma3nz_stddevNorm__mean,0.24979298729956845
mfcc1V_sma3nz_stddevNorm__std,0.0899316805084291
mfcc2V_sma3nz_amean__mean,-18.60032966920829
mfcc2V_sma3nz_amean__std,8.362744504068576
mfcc2V_sma3nz_stddevNorm__mean,-32.4352593628349
mfcc2V_sma3nz_stddevNorm__std,708.179117411469
mfcc3V_sma3nz_amean__mean,17.815706811352463
mfcc3V_sma3nz_amean__std,5.694797658811604
mfcc3V_sma3nz_stddevNorm__mean,1.2680269340596775
mfcc3V_sma3nz_stddevNorm__std,3.8035625782506424
mfcc4V_sma3nz_amean__mean,-6.888967013555481
mfcc4V_sma3nz_amean__std,5.832422434373779
mfcc4V_sma3nz_stddevNorm__mean,-4.693392627086157
mfcc4V_sma3nz_stddevNorm__std,51.71579981400311
alphaRatioUV_sma3nz_amean__mean,-3.6936582520283423
alphaRatioUV_sma3nz_amean__std,2.5258502521857733
hammarbergIndexUV_sma3nz_amean__mean,12.181579995248104
hammarbergIndexUV_sma3nz_amean__std,2.6898437047908623
slopeUV0-500_sma3nz_amean__mean,0.0578714481605659
slopeUV0-500_sma3nz_amean__std,0.01736523943085402
slopeUV500-1500_sma3nz_amean__mean,0.01155580533381041
slopeUV500-1500_sma3nz_amean__std,0.005570172629923943
spectralFluxUV_sma3nz_amean__mean,0.1317600106950922
spectralFluxUV_sma3nz_amean__std,0.06447777807777594
loudnessPeaksPerSec__mean,2.891249317835277
loudnessPeaksPerSec__std,0.45060369844478154
VoicedSegmentsPerSec__mean,0.3018178695718602
VoicedSegmentsPerSec__std,0.09030023182087739
MeanVoicedSegmentLengthSec__mean,0.1652175254742923
MeanVoicedSegmentLengthSec__std,0.02820714917555617
StddevVoicedSegmentLengthSec__mean,0.15017381432223412
StddevVoicedSegmentLengthSec__std,0.031686470522297325
MeanUnvoicedSegmentLength__mean,0.17137295339647898
MeanUnvoicedSegmentLength__std,0.028156312571024727
StddevUnvoicedSegmentLength__mean,0.30153791113586276
StddevUnvoicedSegmentLength__std,0.1807951621186259
equivalentSoundLevel_dBp__mean,-25.191631187260846
equivalentSoundLevel_dBp__std,3.5668221609498674
