call_id,ticker,release_utc,call_datetime_et,tier
430133280,,2025-03-26T01:00:00,2025-03-25T21:00,earnings25_metadata
436857631,FCX,2025-07-23T14:00:00,2025-07-23T10:00,earnings25_metadata
437094698,KDP,2025-07-24T12:00:00,2025-07-24T08:00,earnings25_metadata
437328595,EA,2025-07-29T21:00:00,2025-07-29T17:00,earnings25_metadata
437395404,,2025-07-30T20:30:00,2025-07-30T16:30,earnings25_metadata
437438945,AWK,2025-07-31T13:00:00,2025-07-31T09:00,earnings25_metadata
437444632,,2025-07-31T14:00:00,2025-07-31T10:00,earnings25_metadata
437643018,,2025-08-05T15:00:00,2025-08-05T11:00,earnings25_metadata
437695776,,2025-08-06T12:00:00,2025-08-06T08:00,earnings25_metadata
437763254,KVUE,2025-08-07T12:30:00,2025-08-07T08:30,earnings25_metadata
438063010,,2025-08-14T08:00:00,2025-08-14T04:00,earnings25_metadata
438282711,,2025-08-20T00:30:00,2025-08-19T20:30,earnings25_metadata
438606467,,2025-08-27T00:00:00,2025-08-26T20:00,earnings25_metadata
441502101,,2025-10-07T08:00:00,2025-10-07T04:00,earnings25_metadata
441514131,STZ,2025-10-07T12:00:00,2025-10-07T08:00,earnings25_metadata
441515294,MKC,2025-10-07T12:00:00,2025-10-07T08:00,earnings25_metadata
441660275,PEP,2025-10-09T12:15:00,2025-10-09T08:15,earnings25_metadata
441674347,DAL,2025-10-09T14:00:00,2025-10-09T10:00,earnings25_metadata
441832346,FAST,2025-10-13T14:00:00,2025-10-13T10:00,earnings25_metadata
441902014,BLK,2025-10-14T11:30:00,2025-10-14T07:30,earnings25_metadata
441905261,DPZ,2025-10-14T12:30:00,2025-10-14T08:30,earnings25_metadata
441905781,JPM,2025-10-14T12:30:00,2025-10-14T08:30,earnings25_metadata
441906992,JNJ,2025-10-14T12:30:00,2025-10-14T08:30,earnings25_metadata
441909927,GS,2025-10-14T13:30:00,2025-10-14T09:30,earnings25_metadata
441913997,WFC,2025-10-14T14:00:00,2025-10-14T10:00,earnings25_metadata
441917254,C,2025-10-14T15:00:00,2025-10-14T11:00,earnings25_metadata
441978375,SYF,2025-10-15T12:00:00,2025-10-15T08:00,earnings25_metadata
441980949,BAC,2025-10-15T12:30:00,2025-10-15T08:30,earnings25_metadata
441982971,ABT,2025-10-15T13:00:00,2025-10-15T09:00,earnings25_metadata
441983377,CFG,2025-10-15T13:00:00,2025-10-15T09:00,earnings25_metadata
441986358,MS,2025-10-15T13:30:00,2025-10-15T09:30,earnings25_metadata
441992336,PNC,2025-10-15T15:00:00,2025-10-15T11:00,earnings25_metadata
441995462,PLD,2025-10-15T16:00:00,2025-10-15T12:00,earnings25_metadata
442011537,JBHT,2025-10-15T21:00:00,2025-10-15T17:00,earnings25_metadata
442047798,,2025-10-16T11:30:00,2025-10-16T07:30,earnings25_metadata
442050823,SCHW,2025-10-16T12:30:00,2025-10-16T08:30,earnings25_metadata
442053366,USB,2025-10-16T13:00:00,2025-10-16T09:00,earnings25_metadata
442053828,TRV,2025-10-16T13:00:00,2025-10-16T09:00,earnings25_metadata
442059893,SNA,2025-10-16T14:00:00,2025-10-16T10:00,earnings25_metadata
442060260,KEY,2025-10-16T14:00:00,2025-10-16T10:00,earnings25_metadata
442062256,UAL,2025-10-16T14:30:00,2025-10-16T10:30,earnings25_metadata
442063108,MTB,2025-10-16T15:00:00,2025-10-16T11:00,earnings25_metadata
442080290,IBKR,2025-10-16T20:30:00,2025-10-16T16:30,earnings25_metadata
442081004,CSX,2025-10-16T20:30:00,2025-10-16T16:30,earnings25_metadata
442123638,TFC,2025-10-17T12:00:00,2025-10-17T08:00,earnings25_metadata
442124818,AXP,2025-10-17T12:30:00,2025-10-17T08:30,earnings25_metadata
442126415,HBAN,2025-10-17T13:00:00,2025-10-17T09:00,earnings25_metadata
442128152,FITB,2025-10-17T13:00:00,2025-10-17T09:00,earnings25_metadata
442129163,SLB,2025-10-17T13:30:00,2025-10-17T09:30,earnings25_metadata
442131088,RF,2025-10-17T14:00:00,2025-10-17T10:00,earnings25_metadata
442134323,STT,2025-10-17T15:00:00,2025-10-17T11:00,earnings25_metadata
442226489,WRB,2025-10-20T21:00:00,2025-10-20T17:00,earnings25_metadata
442277393,NDAQ,2025-10-21T12:00:00,2025-10-21T08:00,earnings25_metadata
442277397,DHR,2025-10-21T12:00:00,2025-10-21T08:00,earnings25_metadata
442279182,RTX,2025-10-21T12:30:00,2025-10-21T08:30,earnings25_metadata
442279184,DGX,2025-10-21T12:30:00,2025-10-21T08:30,earnings25_metadata
442279576,GPC,2025-10-21T12:30:00,2025-10-21T08:30,earnings25_metadata
442279776,ELV,2025-10-21T12:30:00,2025-10-21T08:30,earnings25_metadata
442279894,GM,2025-10-21T12:30:00,2025-10-21T08:30,earnings25_metadata
442279895,KO,2025-10-21T12:30:00,2025-10-21T08:30,earnings25_metadata
442279925,PHM,2025-10-21T12:30:00,2025-10-21T08:30,earnings25_metadata
442281346,,2025-10-21T13:00:00,2025-10-21T09:00,earnings25_metadata
442281905,HAL,2025-10-21T13:00:00,2025-10-21T09:00,earnings25_metadata
442281910,MMM,2025-10-21T13:00:00,2025-10-21T09:00,earnings25_metadata
442282201,PNR,2025-10-21T13:00:00,2025-10-21T09:00,earnings25_metadata
442282274,PM,2025-10-21T13:00:00,2025-10-21T09:00,earnings25_metadata
442282593,EFX,2025-10-21T12:30:00,2025-10-21T08:30,earnings25_metadata
442284170,NOC,2025-10-21T13:30:00,2025-10-21T09:30,earnings25_metadata
442290567,LMT,2025-10-21T15:00:00,2025-10-21T11:00,earnings25_metadata
442291183,STLD,2025-10-21T15:00:00,2025-10-21T11:00,earnings25_metadata
442293248,PCAR,2025-10-21T16:00:00,2025-10-21T12:00,earnings25_metadata
442309263,TXN,2025-10-21T20:30:00,2025-10-21T16:30,earnings25_metadata
442309312,OMC,2025-10-21T20:30:00,2025-10-21T16:30,earnings25_metadata
442309685,NFLX,2025-10-21T20:45:00,2025-10-21T16:45,earnings25_metadata
442309805,ISRG,2025-10-21T20:30:00,2025-10-21T16:30,earnings25_metadata
442311906,COF,2025-10-21T21:00:00,2025-10-21T17:00,earnings25_metadata
442352639,GEV,2025-10-22T11:30:00,2025-10-22T07:30,earnings25_metadata
442353770,BSX,2025-10-22T12:00:00,2025-10-22T08:00,earnings25_metadata
442354994,CME,2025-10-22T12:30:00,2025-10-22T08:30,earnings25_metadata
442355516,CB,2025-10-22T12:30:00,2025-10-22T08:30,earnings25_metadata
442355559,TMO,2025-10-22T12:30:00,2025-10-22T08:30,earnings25_metadata
442355648,WAB,2025-10-22T12:30:00,2025-10-22T08:30,earnings25_metadata
442356642,T,2025-10-22T12:30:00,2025-10-22T08:30,earnings25_metadata
442357293,HLT,2025-10-22T13:00:00,2025-10-22T09:00,earnings25_metadata
442357729,MCO,2025-10-22T13:00:00,2025-10-22T09:00,earnings25_metadata
442357804,NTRS,2025-10-22T13:00:00,2025-10-22T09:00,earnings25_metadata
442359691,LII,2025-10-22T13:30:00,2025-10-22T09:30,earnings25_metadata
442362693,EQT,2025-10-22T14:00:00,2025-10-22T10:00,earnings25_metadata
442365113,TDY,2025-10-22T15:00:00,2025-10-22T11:00,earnings25_metadata
442365214,AVY,2025-10-22T15:00:00,2025-10-22T11:00,earnings25_metadata
442372040,APH,2025-10-22T17:00:00,2025-10-22T13:00,earnings25_metadata
442382024,CCI,2025-10-22T20:30:00,2025-10-22T16:30,earnings25_metadata
442382333,LVS,2025-10-22T20:30:00,2025-10-22T16:30,earnings25_metadata
442382381,KMI,2025-10-22T20:30:00,2025-10-22T16:30,earnings25_metadata
442383612,LRCX,2025-10-22T21:00:00,2025-10-22T17:00,earnings25_metadata
442383712,RJF,2025-10-22T21:00:00,2025-10-22T17:00,earnings25_metadata
442384253,IBM,2025-10-22T21:00:00,2025-10-22T17:00,earnings25_metadata
442385006,TSLA,2025-10-22T21:30:00,2025-10-22T17:30,earnings25_metadata
442422860,CNP,2025-10-23T12:00:00,2025-10-23T08:00,earnings25_metadata
442422984,TXT,2025-10-23T12:00:00,2025-10-23T08:00,earnings25_metadata
442423347,ALLE,2025-10-23T12:00:00,2025-10-23T08:00,earnings25_metadata
442424958,DOW,2025-10-23T12:00:00,2025-10-23T08:00,earnings25_metadata
442425250,WST,2025-10-23T12:00:00,2025-10-23T08:00,earnings25_metadata
442425254,TMUS,2025-10-23T12:00:00,2025-10-23T08:00,earnings25_metadata
442425362,MOH,2025-10-23T12:00:00,2025-10-23T08:00,earnings25_metadata
442426079,ROP,2025-10-23T12:00:00,2025-10-23T08:00,earnings25_metadata
442426734,HAS,2025-10-23T12:30:00,2025-10-23T08:30,earnings25_metadata
442426759,CBRE,2025-10-23T12:30:00,2025-10-23T08:30,earnings25_metadata
442428414,HON,2025-10-23T12:30:00,2025-10-23T08:30,earnings25_metadata
442428582,URI,2025-10-23T12:30:00,2025-10-23T08:30,earnings25_metadata
442428701,FE,2025-10-23T13:00:00,2025-10-23T09:00,earnings25_metadata
442428924,PKG,2025-10-23T13:00:00,2025-10-23T09:00,earnings25_metadata
442429614,UNP,2025-10-23T12:45:00,2025-10-23T08:45,earnings25_metadata
442429618,DOV,2025-10-23T13:30:00,2025-10-23T09:30,earnings25_metadata
442429851,BX,2025-10-23T13:00:00,2025-10-23T09:00,earnings25_metadata
442433195,VLO,2025-10-23T14:00:00,2025-10-23T10:00,earnings25_metadata
442434693,LUV,2025-10-23T14:00:00,2025-10-23T10:00,earnings25_metadata
442436357,PCG,2025-10-23T15:00:00,2025-10-23T11:00,earnings25_metadata
442438190,ORLY,2025-10-23T15:00:00,2025-10-23T11:00,earnings25_metadata
442438255,POOL,2025-10-23T15:00:00,2025-10-23T11:00,earnings25_metadata
442439317,GL,2025-10-23T15:00:00,2025-10-23T11:00,earnings25_metadata
442453227,VRSN,2025-10-23T20:30:00,2025-10-23T16:30,earnings25_metadata
442454175,NSC,2025-10-23T20:30:00,2025-10-23T16:30,earnings25_metadata
442454180,DECK,2025-10-23T20:30:00,2025-10-23T16:30,earnings25_metadata
442454997,F,2025-10-23T21:00:00,2025-10-23T17:00,earnings25_metadata
442455010,INTC,2025-10-23T21:00:00,2025-10-23T17:00,earnings25_metadata
442455187,DLR,2025-10-23T21:00:00,2025-10-23T17:00,earnings25_metadata
442455618,NEM,2025-10-23T21:30:00,2025-10-23T17:30,earnings25_metadata
442493488,PG,2025-10-24T12:30:00,2025-10-24T08:30,earnings25_metadata
442494446,GD,2025-10-24T13:00:00,2025-10-24T09:00,earnings25_metadata
442497368,BKR,2025-10-24T13:30:00,2025-10-24T09:30,earnings25_metadata
442499140,HCA,2025-10-24T14:00:00,2025-10-24T10:00,earnings25_metadata
442499460,ITW,2025-10-24T14:00:00,2025-10-24T10:00,earnings25_metadata
442500245,DOC,2025-10-24T14:00:00,2025-10-24T10:00,earnings25_metadata
442502254,,2025-10-24T15:00:00,2025-10-24T11:00,earnings25_metadata
442567155,,2025-10-24T04:30:00,2025-10-24T00:30,earnings25_metadata
442574566,RVTY,2025-10-27T12:00:00,2025-10-27T08:00,earnings25_metadata
442608025,FFIV,2025-10-27T20:30:00,2025-10-27T16:30,earnings25_metadata
442608842,CDNS,2025-10-27T21:00:00,2025-10-27T17:00,earnings25_metadata
442651946,CARR,2025-10-28T11:30:00,2025-10-28T07:30,earnings25_metadata
442654416,EG,2025-10-28T12:00:00,2025-10-28T08:00,earnings25_metadata
442654439,NXPI,2025-10-28T12:00:00,2025-10-28T08:00,earnings25_metadata
442654600,INCY,2025-10-28T12:00:00,2025-10-28T08:00,earnings25_metadata
442654623,UNH,2025-10-28T12:00:00,2025-10-28T08:00,earnings25_metadata
442654925,PYPL,2025-10-28T12:00:00,2025-10-28T08:00,earnings25_metadata
442655128,BRO,2025-10-28T12:00:00,2025-10-28T08:00,earnings25_metadata
442656193,AMT,2025-10-28T12:30:00,2025-10-28T08:30,earnings25_metadata
442656508,ZBRA,2025-10-28T12:30:00,2025-10-28T08:30,earnings25_metadata
442656682,DHI,2025-10-28T12:30:00,2025-10-28T08:30,earnings25_metadata
442656752,UPS,2025-10-28T12:30:00,2025-10-28T08:30,earnings25_metadata
442656851,GLW,2025-10-28T12:30:00,2025-10-28T08:30,earnings25_metadata
442657197,REGN,2025-10-28T12:30:00,2025-10-28T08:30,earnings25_metadata
442657466,XYL,2025-10-28T13:00:00,2025-10-28T09:00,earnings25_metadata
442657853,LH,2025-10-28T13:00:00,2025-10-28T09:00,earnings25_metadata
442658026,IQV,2025-10-28T13:00:00,2025-10-28T09:00,earnings25_metadata
442658327,UHS,2025-10-28T13:00:00,2025-10-28T09:00,earnings25_metadata
442658892,IVZ,2025-10-28T13:00:00,2025-10-28T09:00,earnings25_metadata
442659068,NEE,2025-10-28T13:00:00,2025-10-28T09:00,earnings25_metadata
442659690,HIG,2025-10-28T13:00:00,2025-10-28T09:00,earnings25_metadata
442659699,WELL,2025-10-28T13:00:00,2025-10-28T09:00,earnings25_metadata
442663562,AOS,2025-10-28T14:00:00,2025-10-28T10:00,earnings25_metadata
442664548,NUE,2025-10-28T14:00:00,2025-10-28T10:00,earnings25_metadata
442664800,SHW,2025-10-28T14:00:00,2025-10-28T10:00,earnings25_metadata
442665204,HUBB,2025-10-28T14:00:00,2025-10-28T10:00,earnings25_metadata
442665280,PFG,2025-10-28T14:00:00,2025-10-28T10:00,earnings25_metadata
442665288,ACGL,2025-10-28T14:00:00,2025-10-28T10:00,earnings25_metadata
442665621,SYY,2025-10-28T14:00:00,2025-10-28T10:00,earnings25_metadata
442666405,WM,2025-10-28T14:00:00,2025-10-28T10:00,earnings25_metadata
442668774,CINF,2025-10-28T15:00:00,2025-10-28T11:00,earnings25_metadata
442670214,MSCI,2025-10-28T15:00:00,2025-10-28T11:00,earnings25_metadata
442677423,ECL,2025-10-28T17:00:00,2025-10-28T13:00,earnings25_metadata
442681663,ARE,2025-10-28T18:00:00,2025-10-28T14:00,earnings25_metadata
442693967,EIX,2025-10-28T20:30:00,2025-10-28T16:30,earnings25_metadata
442696066,BKNG,2025-10-28T20:30:00,2025-10-28T16:30,earnings25_metadata
442701632,MDLZ,2025-10-28T21:00:00,2025-10-28T17:00,earnings25_metadata
442704217,STX,2025-10-28T21:00:00,2025-10-28T17:00,earnings25_metadata
442705806,V,2025-10-28T21:00:00,2025-10-28T17:00,earnings25_metadata
442708634,CSGP,2025-10-28T21:00:00,2025-10-28T17:00,earnings25_metadata
442915423,SW,2025-10-29T11:30:00,2025-10-29T07:30,earnings25_metadata
442917062,CVS,2025-10-29T12:00:00,2025-10-29T08:00,earnings25_metadata
442917449,MAS,2025-10-29T12:00:00,2025-10-29T08:00,earnings25_metadata
442917978,PPG,2025-10-29T12:00:00,2025-10-29T08:00,earnings25_metadata
442918559,,2025-10-29T12:00:00,2025-10-29T08:00,earnings25_metadata
442918811,TEL,2025-10-29T12:30:00,2025-10-29T08:30,earnings25_metadata
442919233,ADP,2025-10-29T12:30:00,2025-10-29T08:30,earnings25_metadata
442919557,VRSK,2025-10-29T12:30:00,2025-10-29T08:30,earnings25_metadata
442919591,VLTO,2025-10-29T12:30:00,2025-10-29T08:30,earnings25_metadata
442919668,,2025-10-29T13:00:00,2025-10-29T09:00,earnings25_metadata
442919687,VZ,2025-10-29T12:30:00,2025-10-29T08:30,earnings25_metadata
442919753,CTSH,2025-10-29T12:30:00,2025-10-29T08:30,earnings25_metadata
442919761,OTIS,2025-10-29T12:30:00,2025-10-29T08:30,earnings25_metadata
442919806,TER,2025-10-29T12:30:00,2025-10-29T08:30,earnings25_metadata
442920086,GEHC,2025-10-29T12:30:00,2025-10-29T08:30,earnings25_metadata
442921197,EXE,2025-10-29T13:00:00,2025-10-29T09:00,earnings25_metadata
442921833,KHC,2025-10-29T13:00:00,2025-10-29T09:00,earnings25_metadata
442922200,IEX,2025-10-29T13:00:00,2025-10-29T09:00,earnings25_metadata
442922567,CNC,2025-10-29T13:00:00,2025-10-29T09:00,earnings25_metadata
442927650,GRMN,2025-10-29T14:30:00,2025-10-29T10:30,earnings25_metadata
442928239,ODFL,2025-10-29T14:00:00,2025-10-29T10:00,earnings25_metadata
442928262,BXP,2025-10-29T14:00:00,2025-10-29T10:00,earnings25_metadata
442928406,GNRC,2025-10-29T14:00:00,2025-10-29T10:00,earnings25_metadata
442929366,BA,2025-10-29T14:30:00,2025-10-29T10:30,earnings25_metadata
442930819,OKE,2025-10-29T15:00:00,2025-10-29T11:00,earnings25_metadata
442931393,REG,2025-10-29T15:00:00,2025-10-29T11:00,earnings25_metadata
442931445,,2025-10-29T15:00:00,2025-10-29T11:00,earnings25_metadata
442931690,ETR,2025-10-29T15:00:00,2025-10-29T11:00,earnings25_metadata
442932100,NI,2025-10-29T15:00:00,2025-10-29T11:00,earnings25_metadata
442933004,CAT,2025-10-29T12:30:00,2025-10-29T08:30,earnings25_metadata
442933194,EQR,2025-10-29T15:00:00,2025-10-29T11:00,earnings25_metadata
442935165,PSX,2025-10-29T16:00:00,2025-10-29T12:00,earnings25_metadata
442935453,FTV,2025-10-29T16:00:00,2025-10-29T12:00,earnings25_metadata
442938114,AEP,2025-10-29T13:00:00,2025-10-29T09:00,earnings25_metadata
442956987,SBUX,2025-10-29T20:15:00,2025-10-29T16:15,earnings25_metadata
442961795,ALGN,2025-10-29T20:30:00,2025-10-29T16:30,earnings25_metadata
442962768,META,2025-10-29T20:30:00,2025-10-29T16:30,earnings25_metadata
442963610,CMG,2025-10-29T20:30:00,2025-10-29T16:30,earnings25_metadata
442966069,DVA,2025-10-29T21:00:00,2025-10-29T17:00,earnings25_metadata
442967820,MGM,2025-10-29T21:00:00,2025-10-29T17:00,earnings25_metadata
442970974,KLAC,2025-10-29T21:00:00,2025-10-29T17:00,earnings25_metadata
442973020,NOW,2025-10-29T21:00:00,2025-10-29T17:00,earnings25_metadata
442976392,GOOGL,2025-10-29T21:30:00,2025-10-29T17:30,earnings25_metadata
442977512,MSFT,2025-10-29T21:30:00,2025-10-29T17:30,earnings25_metadata
442978823,EQIX,2025-10-29T21:30:00,2025-10-29T17:30,earnings25_metadata
442978858,,2025-10-29T21:30:00,2025-10-29T17:30,earnings25_metadata
442980128,EBAY,2025-10-29T21:30:00,2025-10-29T17:30,earnings25_metadata
442982074,CHRW,2025-10-29T21:30:00,2025-10-29T17:30,earnings25_metadata
443164704,KMB,2025-10-30T12:00:00,2025-10-30T08:00,earnings25_metadata
443165346,FOXA,2025-10-30T12:00:00,2025-10-30T08:00,earnings25_metadata
443166939,BMY,2025-10-30T12:00:00,2025-10-30T08:00,earnings25_metadata
443167147,APTV,2025-10-30T12:00:00,2025-10-30T08:00,earnings25_metadata
443168064,CAH,2025-10-30T12:30:00,2025-10-30T08:30,earnings25_metadata
443168134,HSY,2025-10-30T12:30:00,2025-10-30T08:30,earnings25_metadata
443168306,DTE,2025-10-30T12:30:00,2025-10-30T08:30,earnings25_metadata
443168327,CMCSA,2025-10-30T12:30:00,2025-10-30T08:30,earnings25_metadata
443168345,ROL,2025-10-30T12:30:00,2025-10-30T08:30,earnings25_metadata
443168462,AME,2025-10-30T12:30:00,2025-10-30T08:30,earnings25_metadata
443168764,ICE,2025-10-30T12:30:00,2025-10-30T08:30,earnings25_metadata
443169231,CI,2025-10-30T12:30:00,2025-10-30T08:30,earnings25_metadata
443169238,BAX,2025-10-30T12:30:00,2025-10-30T08:30,earnings25_metadata
443169283,KIM,2025-10-30T12:30:00,2025-10-30T08:30,earnings25_metadata
443169695,BIIB,2025-10-30T12:29:00,2025-10-30T08:29,earnings25_metadata
443170609,HII,2025-10-30T13:00:00,2025-10-30T09:00,earnings25_metadata
443170994,SPGI,2025-10-30T12:30:00,2025-10-30T08:30,earnings25_metadata
443171161,MO,2025-10-30T13:00:00,2025-10-30T09:00,earnings25_metadata
443171303,AMP,2025-10-30T13:00:00,2025-10-30T09:00,earnings25_metadata
443172400,WTW,2025-10-30T13:00:00,2025-10-30T09:00,earnings25_metadata
443172429,PWR,2025-10-30T13:00:00,2025-10-30T09:00,earnings25_metadata
443172991,MA,2025-10-30T13:00:00,2025-10-30T09:00,earnings25_metadata
443173537,MRK,2025-10-30T13:00:00,2025-10-30T09:00,earnings25_metadata
443174603,BLDR,2025-10-30T13:00:00,2025-10-30T09:00,earnings25_metadata
443174763,CMS,2025-10-30T13:30:00,2025-10-30T09:30,earnings25_metadata
443176510,VMC,2025-10-30T14:00:00,2025-10-30T10:00,earnings25_metadata
443177771,XEL,2025-10-30T14:00:00,2025-10-30T10:00,earnings25_metadata
443178307,VTR,2025-10-30T14:00:00,2025-10-30T10:00,earnings25_metadata
443178364,IP,2025-10-30T14:00:00,2025-10-30T10:00,earnings25_metadata
443178368,MAA,2025-10-30T14:00:00,2025-10-30T10:00,earnings25_metadata
443178524,HWM,2025-10-30T14:00:00,2025-10-30T10:00,earnings25_metadata
443178554,LLY,2025-10-30T14:00:00,2025-10-30T10:00,earnings25_metadata
443178750,TYL,2025-10-30T14:00:00,2025-10-30T10:00,earnings25_metadata
443178934,TT,2025-10-30T14:00:00,2025-10-30T10:00,earnings25_metadata
443180918,EME,2025-10-30T14:30:00,2025-10-30T10:30,earnings25_metadata
443181258,LHX,2025-10-30T14:30:00,2025-10-30T10:30,earnings25_metadata
443182856,INVH,2025-10-30T15:00:00,2025-10-30T11:00,earnings25_metadata
443184295,PRU,2025-10-30T15:00:00,2025-10-30T11:00,earnings25_metadata
443187814,PSA,2025-10-30T16:00:00,2025-10-30T12:00,earnings25_metadata
443188899,UDR,2025-10-30T16:00:00,2025-10-30T12:00,earnings25_metadata
443192146,SO,2025-10-30T17:00:00,2025-10-30T13:00,earnings25_metadata
443192613,EXR,2025-10-30T17:00:00,2025-10-30T13:00,earnings25_metadata
443193309,AVB,2025-10-30T17:00:00,2025-10-30T13:00,earnings25_metadata
443196601,ESS,2025-10-30T18:00:00,2025-10-30T14:00,earnings25_metadata
443196718,WEC,2025-10-30T18:00:00,2025-10-30T14:00,earnings25_metadata
443204242,WDC,2025-10-30T20:30:00,2025-10-30T16:30,earnings25_metadata
443204291,SYK,2025-10-30T20:30:00,2025-10-30T16:30,earnings25_metadata
443204561,GILD,2025-10-30T20:30:00,2025-10-30T16:30,earnings25_metadata
443204686,FSLR,2025-10-30T20:30:00,2025-10-30T16:30,earnings25_metadata
443204808,RMD,2025-10-30T20:30:00,2025-10-30T16:30,earnings25_metadata
443204973,DXCM,2025-10-30T20:30:00,2025-10-30T16:30,earnings25_metadata
443205282,MPWR,2025-10-30T21:00:00,2025-10-30T17:00,earnings25_metadata
443205335,RSG,2025-10-30T21:00:00,2025-10-30T17:00,earnings25_metadata
443205341,AMZN,2025-10-30T21:00:00,2025-10-30T17:00,earnings25_metadata
443205645,AAPL,2025-10-30T21:00:00,2025-10-30T17:00,earnings25_metadata
443205748,GDDY,2025-10-30T21:00:00,2025-10-30T17:00,earnings25_metadata
443205754,MSI,2025-10-30T21:00:00,2025-10-30T17:00,earnings25_metadata
443206012,COIN,2025-10-30T21:30:00,2025-10-30T17:30,earnings25_metadata
443206563,AJG,2025-10-30T21:30:00,2025-10-30T17:30,earnings25_metadata
443248490,,2025-10-31T12:00:00,2025-10-31T08:00,earnings25_metadata
443248516,TROW,2025-10-31T12:00:00,2025-10-31T08:00,earnings25_metadata
443249242,IR,2025-10-31T12:00:00,2025-10-31T08:00,earnings25_metadata
443251812,CHTR,2025-10-31T12:30:00,2025-10-31T08:30,earnings25_metadata
443252063,AON,2025-10-31T12:30:00,2025-10-31T08:30,earnings25_metadata
443252089,CL,2025-10-31T12:30:00,2025-10-31T08:30,earnings25_metadata
443252113,,2025-10-31T13:00:00,2025-10-31T09:00,earnings25_metadata
443252703,CBOE,2025-10-31T12:30:00,2025-10-31T08:30,earnings25_metadata
443253619,FRT,2025-10-31T13:00:00,2025-10-31T09:00,earnings25_metadata
443254069,LIN,2025-10-31T13:00:00,2025-10-31T09:00,earnings25_metadata
443255038,ERIE,2025-10-31T14:00:00,2025-10-31T10:00,earnings25_metadata
443255366,ABBV,2025-10-31T13:00:00,2025-10-31T09:00,earnings25_metadata
443256014,XOM,2025-10-31T13:30:00,2025-10-31T09:30,earnings25_metadata
443257858,CHD,2025-10-31T14:00:00,2025-10-31T10:00,earnings25_metadata
443258318,WY,2025-10-31T14:00:00,2025-10-31T10:00,earnings25_metadata
443258641,VICI,2025-10-31T14:00:00,2025-10-31T10:00,earnings25_metadata
443261704,D,2025-10-31T15:00:00,2025-10-31T11:00,earnings25_metadata
443261857,CVX,2025-10-31T15:00:00,2025-10-31T11:00,earnings25_metadata
443262201,GWW,2025-10-31T15:00:00,2025-10-31T11:00,earnings25_metadata
443263046,LYB,2025-10-31T15:00:00,2025-10-31T11:00,earnings25_metadata
443331808,,2025-11-03T11:30:00,2025-11-03T06:30,earnings25_metadata
443339356,IDXX,2025-11-03T13:30:00,2025-11-03T08:30,earnings25_metadata
443339821,,2025-11-03T13:30:00,2025-11-03T08:30,earnings25_metadata
443340797,,2025-11-03T14:00:00,2025-11-03T09:00,earnings25_metadata
443341546,,2025-11-03T14:00:00,2025-11-03T09:00,earnings25_metadata
443341767,ON,2025-11-03T14:00:00,2025-11-03T09:00,earnings25_metadata
443348764,PNW,2025-11-03T16:00:00,2025-11-03T11:00,earnings25_metadata
443349930,PEG,2025-11-03T16:00:00,2025-11-03T11:00,earnings25_metadata
443373502,VRTX,2025-11-03T21:30:00,2025-11-03T16:30,earnings25_metadata
443375444,PLTR,2025-11-03T22:00:00,2025-11-03T17:00,earnings25_metadata
443377096,CLX,2025-11-03T22:00:00,2025-11-03T17:00,earnings25_metadata
443379434,O,2025-11-03T22:00:00,2025-11-03T17:00,earnings25_metadata
443379541,SPG,2025-11-03T22:00:00,2025-11-03T17:00,earnings25_metadata
443380032,SBAC,2025-11-03T22:00:00,2025-11-03T17:00,earnings25_metadata
443563511,UBER,2025-11-04T13:00:00,2025-11-04T08:00,earnings25_metadata
443565330,LDOS,2025-11-04T13:00:00,2025-11-04T08:00,earnings25_metadata
443565543,IT,2025-11-04T13:00:00,2025-11-04T08:00,earnings25_metadata
443565803,GPN,2025-11-04T13:00:00,2025-11-04T08:00,earnings25_metadata
443567324,YUM,2025-11-04T13:15:00,2025-11-04T08:15,earnings25_metadata
443567349,WAT,2025-11-04T13:00:00,2025-11-04T08:00,earnings25_metadata
443567605,NCLH,2025-11-04T13:00:00,2025-11-04T08:00,earnings25_metadata
443568049,HSIC,2025-11-04T13:00:00,2025-11-04T08:00,earnings25_metadata
443568115,SWK,2025-11-04T13:00:00,2025-11-04T08:00,earnings25_metadata
443570633,BR,2025-11-04T13:30:00,2025-11-04T08:30,earnings25_metadata
443570653,ZTS,2025-11-04T13:30:00,2025-11-04T08:30,earnings25_metadata
443570892,CDW,2025-11-04T13:30:00,2025-11-04T08:30,earnings25_metadata
443571196,MAR,2025-11-04T13:30:00,2025-11-04T08:30,earnings25_metadata
443572314,ADM,2025-11-04T13:30:00,2025-11-04T08:30,earnings25_metadata
443575148,TAP,2025-11-04T13:30:00,2025-11-04T08:30,earnings25_metadata
443575901,APO,2025-11-04T13:30:00,2025-11-04T08:30,earnings25_metadata
443576095,FANG,2025-11-04T14:00:00,2025-11-04T09:00,earnings25_metadata
443581475,PGR,2025-11-04T14:30:00,2025-11-04T09:30,earnings25_metadata
443582070,WMB,2025-11-04T14:30:00,2025-11-04T09:30,earnings25_metadata
443582468,EXC,2025-11-04T15:00:00,2025-11-04T10:00,earnings25_metadata
443583952,MLM,2025-11-04T15:00:00,2025-11-04T10:00,earnings25_metadata
443585204,,2025-11-04T15:00:00,2025-11-04T10:00,earnings25_metadata
443585291,PFE,2025-11-04T15:00:00,2025-11-04T10:00,earnings25_metadata
443588847,MPC,2025-11-04T16:00:00,2025-11-04T11:00,earnings25_metadata
443589372,BALL,2025-11-04T16:00:00,2025-11-04T11:00,earnings25_metadata
443589720,,2025-11-04T16:00:00,2025-11-04T11:00,earnings25_metadata
443589985,ETN,2025-11-04T16:00:00,2025-11-04T11:00,earnings25_metadata
443607413,SWKS,2025-11-04T21:30:00,2025-11-04T16:30,earnings25_metadata
443608101,,2025-11-04T21:30:00,2025-11-04T16:30,earnings25_metadata
443608480,LYV,2025-11-04T22:00:00,2025-11-04T17:00,earnings25_metadata
443608555,ANET,2025-11-04T21:30:00,2025-11-04T16:30,earnings25_metadata
443609475,AMGN,2025-11-04T21:30:00,2025-11-04T16:30,earnings25_metadata
443609807,SMCI,2025-11-04T22:00:00,2025-11-04T17:00,earnings25_metadata
443610071,AMD,2025-11-04T22:00:00,2025-11-04T17:00,earnings25_metadata
443610072,MTCH,2025-11-04T22:00:00,2025-11-04T17:00,earnings25_metadata
443658897,AIZ,2025-11-05T13:00:00,2025-11-05T08:00,earnings25_metadata
443659318,TRMB,2025-11-05T13:00:00,2025-11-05T08:00,earnings25_metadata
443659820,BG,2025-11-05T13:00:00,2025-11-05T08:00,earnings25_metadata
443660215,HUM,2025-11-05T13:00:00,2025-11-05T08:00,earnings25_metadata
443661183,IRM,2025-11-05T13:30:00,2025-11-05T08:30,earnings25_metadata
443661385,AFL,2025-11-05T13:00:00,2025-11-05T08:00,earnings25_metadata
443662535,EMR,2025-11-05T13:30:00,2025-11-05T08:30,earnings25_metadata
443662733,AIG,2025-11-05T13:30:00,2025-11-05T08:30,earnings25_metadata
443662800,ZBH,2025-11-05T13:30:00,2025-11-05T08:30,earnings25_metadata
443663023,MCD,2025-11-05T13:30:00,2025-11-05T08:30,earnings25_metadata
443663031,COR,2025-11-05T13:30:00,2025-11-05T08:30,earnings25_metadata
443663125,FIS,2025-11-05T13:30:00,2025-11-05T08:30,earnings25_metadata
443663130,JCI,2025-11-05T13:30:00,2025-11-05T08:30,earnings25_metadata
443664136,JKHY,2025-11-05T13:45:00,2025-11-05T08:45,earnings25_metadata
443664256,ES,2025-11-05T14:00:00,2025-11-05T09:00,earnings25_metadata
443664840,IFF,2025-11-05T14:00:00,2025-11-05T09:00,earnings25_metadata
443665092,TECH,2025-11-05T13:45:00,2025-11-05T08:45,earnings25_metadata
443665334,CTVA,2025-11-05T14:00:00,2025-11-05T09:00,earnings25_metadata
443666477,CRL,2025-11-05T14:00:00,2025-11-05T09:00,earnings25_metadata
443669985,AES,2025-11-05T15:00:00,2025-11-05T10:00,earnings25_metadata
443674343,TRGP,2025-11-05T16:00:00,2025-11-05T11:00,earnings25_metadata
443674764,PPL,2025-11-05T16:00:00,2025-11-05T11:00,earnings25_metadata
443675014,MOS,2025-11-05T16:00:00,2025-11-05T11:00,earnings25_metadata
443678172,SRE,2025-11-05T17:00:00,2025-11-05T12:00,earnings25_metadata
443693707,QCOM,2025-11-05T21:45:00,2025-11-05T16:45,earnings25_metadata
443694044,MCK,2025-11-05T21:30:00,2025-11-05T16:30,earnings25_metadata
443694299,FTNT,2025-11-05T21:30:00,2025-11-05T16:30,earnings25_metadata
443694542,FICO,2025-11-05T22:00:00,2025-11-05T17:00,earnings25_metadata
443694587,APP,2025-11-05T22:00:00,2025-11-05T17:00,earnings25_metadata
443694601,TKO,2025-11-05T22:00:00,2025-11-05T17:00,earnings25_metadata
443694926,,2025-11-05T22:00:00,2025-11-05T17:00,earnings25_metadata
443695078,PAYC,2025-11-05T22:00:00,2025-11-05T17:00,earnings25_metadata
443695087,DASH,2025-11-05T22:00:00,2025-11-05T17:00,earnings25_metadata
443695284,HOOD,2025-11-05T22:00:00,2025-11-05T17:00,earnings25_metadata
443695299,PTC,2025-11-05T22:00:00,2025-11-05T17:00,earnings25_metadata
443695558,AMCR,2025-11-05T22:30:00,2025-11-05T17:30,earnings25_metadata
443696205,CPAY,2025-11-05T22:30:00,2025-11-05T17:30,earnings25_metadata
443747192,DD,2025-11-06T13:00:00,2025-11-06T08:00,earnings25_metadata
443747222,MRNA,2025-11-06T13:00:00,2025-11-06T08:00,earnings25_metadata
443747234,WBD,2025-11-06T13:00:00,2025-11-06T08:00,earnings25_metadata
443747503,BDX,2025-11-06T13:00:00,2025-11-06T08:00,earnings25_metadata
443747614,ALB,2025-11-06T13:00:00,2025-11-06T08:00,earnings25_metadata
443747757,DDOG,2025-11-06T13:00:00,2025-11-06T08:00,earnings25_metadata
443748309,PODD,2025-11-06T13:00:00,2025-11-06T08:00,earnings25_metadata
443748425,TPR,2025-11-06T13:00:00,2025-11-06T08:00,earnings25_metadata
443748429,EPAM,2025-11-06T13:00:00,2025-11-06T08:00,earnings25_metadata
443749656,VTRS,2025-11-06T13:30:00,2025-11-06T08:30,earnings25_metadata
443749658,ROK,2025-11-06T13:30:00,2025-11-06T08:30,earnings25_metadata
443751018,STE,2025-11-06T14:00:00,2025-11-06T09:00,earnings25_metadata
443752152,MET,2025-11-06T14:00:00,2025-11-06T09:00,earnings25_metadata
443752448,APD,2025-11-06T14:00:00,2025-11-06T09:00,earnings25_metadata
443752575,HST,2025-11-06T14:00:00,2025-11-06T09:00,earnings25_metadata
443752596,NRG,2025-11-06T14:00:00,2025-11-06T09:00,earnings25_metadata
443752735,EVRG,2025-11-06T14:00:00,2025-11-06T09:00,earnings25_metadata
443752741,ALL,2025-11-06T14:00:00,2025-11-06T09:00,earnings25_metadata
443753354,RL,2025-11-06T14:00:00,2025-11-06T09:00,earnings25_metadata
443754120,ATO,2025-11-06T15:00:00,2025-11-06T10:00,earnings25_metadata
443755839,VST,2025-11-06T15:00:00,2025-11-06T10:00,earnings25_metadata
443756807,AEE,2025-11-06T15:00:00,2025-11-06T10:00,earnings25_metadata
443757425,TPL,2025-11-06T15:30:00,2025-11-06T10:30,earnings25_metadata
443757629,CMI,2025-11-06T15:00:00,2025-11-06T10:00,earnings25_metadata
443760700,DVN,2025-11-06T16:00:00,2025-11-06T11:00,earnings25_metadata
443760865,PH,2025-11-06T16:00:00,2025-11-06T11:00,earnings25_metadata
443761646,CF,2025-11-06T16:00:00,2025-11-06T11:00,earnings25_metadata
443761839,APA,2025-11-06T16:00:00,2025-11-06T11:00,earnings25_metadata
443763342,,2025-11-06T17:00:00,2025-11-06T12:00,earnings25_metadata
443765658,COP,2025-11-06T17:00:00,2025-11-06T12:00,earnings25_metadata
443777172,,2025-11-06T21:30:00,2025-11-06T16:30,earnings25_metadata
443778022,SOLV,2025-11-06T21:30:00,2025-11-06T16:30,earnings25_metadata
443778028,TTWO,2025-11-06T21:30:00,2025-11-06T16:30,earnings25_metadata
443778035,WYNN,2025-11-06T21:30:00,2025-11-06T16:30,earnings25_metadata
443778349,EXPE,2025-11-06T21:30:00,2025-11-06T16:30,earnings25_metadata
443778870,,2025-11-06T21:30:00,2025-11-06T16:30,earnings25_metadata
443779430,NWSA,2025-11-06T22:00:00,2025-11-06T17:00,earnings25_metadata
443779476,MNST,2025-11-06T22:00:00,2025-11-06T17:00,earnings25_metadata
443780200,AKAM,2025-11-06T21:30:00,2025-11-06T16:30,earnings25_metadata
443780209,ABNB,2025-11-06T22:00:00,2025-11-06T17:00,earnings25_metadata
443780316,XYZ,2025-11-06T22:00:00,2025-11-06T17:00,earnings25_metadata
443780465,MCHP,2025-11-06T22:00:00,2025-11-06T17:00,earnings25_metadata
443780478,TTD,2025-11-06T22:00:00,2025-11-06T17:00,earnings25_metadata
443780738,GEN,2025-11-06T22:00:00,2025-11-06T17:00,earnings25_metadata
443795914,,2025-11-07T04:30:00,2025-11-06T23:30,earnings25_metadata
443824240,,2025-11-07T14:00:00,2025-11-07T09:00,earnings25_metadata
443824402,MTD,2025-11-07T13:30:00,2025-11-07T08:30,earnings25_metadata
443826902,KKR,2025-11-07T14:00:00,2025-11-07T09:00,earnings25_metadata
443828203,,2025-11-07T15:00:00,2025-11-07T10:00,earnings25_metadata
443828583,DUK,2025-11-07T15:00:00,2025-11-07T10:00,earnings25_metadata
443829112,LNT,2025-11-07T15:00:00,2025-11-07T10:00,earnings25_metadata
443830006,EOG,2025-11-07T15:00:00,2025-11-07T10:00,earnings25_metadata
443830016,CEG,2025-11-07T15:00:00,2025-11-07T10:00,earnings25_metadata
443833806,CPT,2025-11-07T16:00:00,2025-11-07T11:00,earnings25_metadata
443833979,BEN,2025-11-07T16:00:00,2025-11-07T11:00,earnings25_metadata
443908527,TSN,2025-11-10T14:00:00,2025-11-10T09:00,earnings25_metadata
443909205,,2025-11-10T14:30:00,2025-11-10T09:30,earnings25_metadata
443933579,PSKY,2025-11-10T21:30:00,2025-11-10T16:30,earnings25_metadata
443997424,OXY,2025-11-11T18:00:00,2025-11-11T13:00,earnings25_metadata
444042735,,2025-11-12T10:30:00,2025-11-12T05:30,earnings25_metadata
444052742,,2025-11-12T13:00:00,2025-11-12T08:00,earnings25_metadata
444066143,TDG,2025-11-12T16:00:00,2025-11-12T11:00,earnings25_metadata
444085051,CSCO,2025-11-12T21:30:00,2025-11-12T16:30,earnings25_metadata
444132883,DIS,2025-11-13T13:30:00,2025-11-13T08:30,earnings25_metadata
444162394,AMAT,2025-11-13T21:30:00,2025-11-13T16:30,earnings25_metadata
444344086,,2025-11-18T10:30:00,2025-11-18T05:30,earnings25_metadata
444353350,MDT,2025-11-18T13:00:00,2025-11-18T08:00,earnings25_metadata
444359927,HD,2025-11-18T14:00:00,2025-11-18T09:00,earnings25_metadata
444549390,TGT,2025-11-19T13:00:00,2025-11-19T08:00,earnings25_metadata
444560632,LOW,2025-11-19T14:00:00,2025-11-19T09:00,earnings25_metadata
444571762,WSM,2025-11-19T15:00:00,2025-11-19T10:00,earnings25_metadata
444589194,TJX,2025-11-19T16:00:00,2025-11-19T11:00,earnings25_metadata
444641780,PANW,2025-11-19T21:30:00,2025-11-19T16:30,earnings25_metadata
444642745,NVDA,2025-11-19T22:00:00,2025-11-19T17:00,earnings25_metadata
444783240,WMT,2025-11-20T13:00:00,2025-11-20T08:00,earnings25_metadata
444790959,J,2025-11-20T15:00:00,2025-11-20T10:00,earnings25_metadata
444811967,ROST,2025-11-20T21:15:00,2025-11-20T16:15,earnings25_metadata
444812736,INTU,2025-11-20T21:30:00,2025-11-20T16:30,earnings25_metadata
444814277,CPRT,2025-11-20T22:30:00,2025-11-20T17:30,earnings25_metadata
444957849,KEYS,2025-11-24T21:30:00,2025-11-24T16:30,earnings25_metadata
444986490,,2025-11-25T09:00:00,2025-11-25T04:00,earnings25_metadata
445001211,BBY,2025-11-25T13:00:00,2025-11-25T08:00,earnings25_metadata
445003232,SJM,2025-11-25T14:00:00,2025-11-25T09:00,earnings25_metadata
445009082,ADI,2025-11-25T15:00:00,2025-11-25T10:00,earnings25_metadata
445030291,WDAY,2025-11-25T21:30:00,2025-11-25T16:30,earnings25_metadata
445030409,DELL,2025-11-25T21:30:00,2025-11-25T16:30,earnings25_metadata
445031038,ADSK,2025-11-25T22:00:00,2025-11-25T17:00,earnings25_metadata
445031126,HPQ,2025-11-25T22:00:00,2025-11-25T17:00,earnings25_metadata
445032164,NTAP,2025-11-25T22:30:00,2025-11-25T17:30,earnings25_metadata
445080142,DE,2025-11-26T15:00:00,2025-11-26T10:00,earnings25_metadata
445339910,CRWD,2025-12-02T22:00:00,2025-12-02T17:00,earnings25_metadata
445381353,DLTR,2025-12-03T13:00:00,2025-12-03T08:00,earnings25_metadata
445412819,CRM,2025-12-03T22:00:00,2025-12-03T17:00,earnings25_metadata
445456099,HRL,2025-12-04T14:00:00,2025-12-04T09:00,earnings25_metadata
445456907,DG,2025-12-04T14:00:00,2025-12-04T09:00,earnings25_metadata
445459647,BF-A,2025-12-04T15:00:00,2025-12-04T10:00,earnings25_metadata
445459835,KR,2025-12-04T15:00:00,2025-12-04T10:00,earnings25_metadata
445479225,ULTA,2025-12-04T21:30:00,2025-12-04T16:30,earnings25_metadata
445480106,HPE,2025-12-04T22:00:00,2025-12-04T17:00,earnings25_metadata
445480196,COO,2025-12-04T22:00:00,2025-12-04T17:00,earnings25_metadata
445662695,CPB,2025-12-09T13:00:00,2025-12-09T08:00,earnings25_metadata
445671889,AZO,2025-12-09T15:00:00,2025-12-09T10:00,earnings25_metadata
445770166,ORCL,2025-12-10T22:00:00,2025-12-10T17:00,earnings25_metadata
445771253,ADBE,2025-12-10T22:00:00,2025-12-10T17:00,earnings25_metadata
445771371,SNPS,2025-12-10T22:00:00,2025-12-10T17:00,earnings25_metadata
445813752,NDSN,2025-12-11T13:30:00,2025-12-11T08:30,earnings25_metadata
445840835,LULU,2025-12-11T21:30:00,2025-12-11T16:30,earnings25_metadata
445841507,AVGO,2025-12-11T22:00:00,2025-12-11T17:00,earnings25_metadata
445841743,COST,2025-12-11T22:00:00,2025-12-11T17:00,earnings25_metadata
446266716,JBL,2025-12-17T13:30:00,2025-12-17T08:30,earnings25_metadata
446267951,GIS,2025-12-17T14:00:00,2025-12-17T09:00,earnings25_metadata
446277434,LEN,2025-12-17T16:00:00,2025-12-17T11:00,earnings25_metadata
446315338,MU,2025-12-17T23:00:00,2025-12-17T18:00,earnings25_metadata
446501468,ACN,2025-12-18T13:00:00,2025-12-18T08:00,earnings25_metadata
446506015,DRI,2025-12-18T13:30:00,2025-12-18T08:30,earnings25_metadata
446506136,FDS,2025-12-18T14:00:00,2025-12-18T09:00,earnings25_metadata
446509822,CTAS,2025-12-18T15:00:00,2025-12-18T10:00,earnings25_metadata
446542479,NKE,2025-12-18T22:00:00,2025-12-18T17:00,earnings25_metadata
446549708,FDX,2025-12-18T22:30:00,2025-12-18T17:30,earnings25_metadata
446678917,CAG,2025-12-19T14:30:00,2025-12-19T09:30,earnings25_metadata
446679551,PAYX,2025-12-19T14:30:00,2025-12-19T09:30,earnings25_metadata
446680574,LW,2025-12-19T15:00:00,2025-12-19T10:00,earnings25_metadata
446681167,CCL,2025-12-19T15:00:00,2025-12-19T10:00,earnings25_metadata
